model,regime,prompt_id,fact_id,category,context_answer,memory_answer,reason
qwen2_5_3b_instruct,explicit_context,p_2dc8bc7d91,fact_50f768a4d5,geography,Rio,Brasilia,no_memory_single_token
qwen2_5_3b_instruct,explicit_context,p_1375c7611b,fact_18aa9e9202,geography,Mumbai,New Delhi,no_memory_single_token
qwen2_5_3b_instruct,explicit_context,p_cc95a9a820,fact_ca64e96245,geography,St Petersburg,Moscow,no_context_single_token
qwen2_5_3b_instruct,explicit_context,p_ff12b8106b,fact_2874804b8c,geography,Cancun,Mexico City,neither
qwen2_5_3b_instruct,explicit_context,p_cdd4a0f409,fact_286046a449,geography,Cape Town,Pretoria,neither
qwen2_5_3b_instruct,explicit_context,p_86973b951d,fact_44005944e3,geography,Cordoba,Buenos Aires,neither
qwen2_5_3b_instruct,explicit_context,p_15afdfef1e,fact_2617dd9d80,geography,Cusco,Lima,no_context_single_token
qwen2_5_3b_instruct,explicit_context,p_516cfc4386,fact_0222835aa1,geography,Medellin,Bogota,neither
qwen2_5_3b_instruct,explicit_context,p_4588f149df,fact_ec31e79d2e,geography,Valparaiso,Santiago,no_context_single_token
qwen2_5_3b_instruct,explicit_context,p_7b16cd4a1d,fact_650f37efb4,geography,Isfahan,Tehran,no_context_single_token
qwen2_5_3b_instruct,explicit_context,p_cbc37ba64e,fact_038c326d27,geography,Basra,Baghdad,no_context_single_token
qwen2_5_3b_instruct,explicit_context,p_31b0ba6207,fact_69609ac68d,geography,Jeddah,Riyadh,no_context_single_token
qwen2_5_3b_instruct,explicit_context,p_fdd856d81c,fact_875fda5014,geography,Tel Aviv,Jerusalem,no_context_single_token
qwen2_5_3b_instruct,explicit_context,p_7a04fb84f4,fact_f5e4bfa6f2,geography,Thessaloniki,Athens,no_context_single_token
qwen2_5_3b_instruct,explicit_context,p_bdd1737968,fact_14ff40da97,geography,Gothenburg,Stockholm,no_context_single_token
qwen2_5_3b_instruct,explicit_context,p_57b3d147dd,fact_8374cc6152,geography,Tampere,Helsinki,no_context_single_token
qwen2_5_3b_instruct,explicit_context,p_14153de1e1,fact_dc899c066d,geography,Aarhus,Copenhagen,no_context_single_token
qwen2_5_3b_instruct,explicit_context,p_9ff453d2ae,fact_c6f2f1741c,geography,Krakow,Warsaw,no_context_single_token
qwen2_5_3b_instruct,explicit_context,p_3cd47fbf83,fact_4eed072e0a,geography,Lviv,Kyiv,neither
qwen2_5_3b_instruct,explicit_context,p_538036a53e,fact_1c83d19930,geography,Cluj,Bucharest,neither
qwen2_5_3b_instruct,explicit_context,p_a5af58ebe2,fact_7c6956c666,geography,Debrecen,Budapest,no_context_single_token
qwen2_5_3b_instruct,explicit_context,p_a5ba5423f7,fact_635a00293d,geography,Antwerp,Brussels,no_context_single_token
qwen2_5_3b_instruct,explicit_context,p_ee39d5321e,fact_a5fe058fe7,geography,Phuket,Bangkok,no_context_single_token
qwen2_5_3b_instruct,explicit_context,p_756f7aee78,fact_4bbeadf6ad,geography,Saigon,Hanoi,neither
qwen2_5_3b_instruct,explicit_context,p_e62ef8e00f,fact_a235a13cfc,geography,Cebu,Manila,no_context_single_token
qwen2_5_3b_instruct,explicit_context,p_c3a1a22ff5,fact_7b0d3cbc7d,geography,Penang,Kuala Lumpur,neither
qwen2_5_3b_instruct,explicit_context,p_5bf180ce76,fact_76fd43d9a1,geography,Busan,Seoul,no_context_single_token
qwen2_5_3b_instruct,explicit_context,p_4330eac52f,fact_c53d00f125,geography,Mombasa,Nairobi,no_context_single_token
qwen2_5_3b_instruct,explicit_context,p_235137f9e1,fact_7da9e1a49d,geography,Lagos,Abuja,no_memory_single_token
qwen2_5_3b_instruct,explicit_context,p_871e376bda,fact_43a61a9717,geography,Casablanca,Rabat,neither
qwen2_5_3b_instruct,explicit_context,p_2ad23fbaf2,fact_d1a7ba5a02,geography,Nairobi,Addis Ababa,no_memory_single_token
qwen2_5_3b_instruct,explicit_context,p_a546731285,fact_4ac8a5d8a6,geography,Kumasi,Accra,neither
qwen2_5_3b_instruct,explicit_context,p_51aeaa32f0,fact_a08651e3a6,geography,Chittagong,Dhaka,neither
qwen2_5_3b_instruct,explicit_context,p_ce579d8c64,fact_69259664b6,geography,Colombo,Sri Jayawardenepura Kotte,neither
qwen2_5_3b_instruct,explicit_context,p_8930cf9c15,fact_0c5ef66604,geography,Los Angeles,Sacramento,no_context_single_token
qwen2_5_3b_instruct,explicit_context,p_3f10175b65,fact_b5dacf01fb,geography,Miami,Tallahassee,no_memory_single_token
qwen2_5_3b_instruct,explicit_context,p_7b341b5bea,fact_12c37a2b97,geography,New York City,Albany,no_context_single_token
qwen2_5_3b_instruct,explicit_context,p_cc0d2a03b7,fact_7f94c6b033,geography,Philadelphia,Harrisburg,no_memory_single_token
qwen2_5_3b_instruct,explicit_context,p_fa9190fb19,fact_e11e5bad57,geography,Las Vegas,Carson City,neither
qwen2_5_3b_instruct,explicit_context,p_adb6e13cc7,fact_67f1571903,geography,Baltimore,Annapolis,no_memory_single_token
qwen2_5_3b_instruct,explicit_context,p_146f5f1a81,fact_c4dbfabb88,geography,Minneapolis,Saint Paul,no_memory_single_token
qwen2_5_3b_instruct,explicit_context,p_e5ceec4ad9,fact_ad986f03e1,geography,New Orleans,Baton Rouge,neither
qwen2_5_3b_instruct,explicit_context,p_9b591f1efa,fact_90c385f2dc,geography,Louisville,Frankfort,no_memory_single_token
qwen2_5_3b_instruct,explicit_context,p_301defe7e8,fact_18b6eda606,geography,New Haven,Hartford,no_context_single_token
qwen2_5_3b_instruct,explicit_context,p_a427c1d868,fact_39cee6bcd6,geography,Provo,Salt Lake City,neither
qwen2_5_3b_instruct,explicit_context,p_5284dcae42,fact_23011915f5,geography,Cedar Rapids,Des Moines,neither
qwen2_5_3b_instruct,explicit_context,p_7d105aac52,fact_57d9029279,geography,Biloxi,Jackson,no_context_single_token
qwen2_5_3b_instruct,explicit_context,p_40d0a650b9,fact_204e343618,geography,Wichita,Topeka,no_memory_single_token
qwen2_5_3b_instruct,explicit_context,p_a612f3770c,fact_2b97c29591,geography,Nampa,Boise,no_context_single_token
qwen2_5_3b_instruct,explicit_context,p_31d7e737ce,fact_8fcae9fadc,geography,Hilo,Honolulu,no_context_single_token
qwen2_5_3b_instruct,explicit_context,p_69621c65c4,fact_51830d1683,geography,Anchorage,Juneau,neither
qwen2_5_3b_instruct,explicit_context,p_eda38a4f3b,fact_8b142e6764,geography,Billings,Helena,no_context_single_token
qwen2_5_3b_instruct,explicit_context,p_2547687bf3,fact_6d1a9d7a60,geography,Burlington,Montpelier,no_memory_single_token
qwen2_5_3b_instruct,explicit_context,p_09cdffbf8b,fact_252cbea80e,geography,Casper,Cheyenne,neither
qwen2_5_3b_instruct,explicit_context,p_8791f18b09,fact_1c182617ac,geography,Fargo,Bismarck,no_memory_single_token
qwen2_5_3b_instruct,explicit_context,p_b7529e1829,fact_9cf484fbad,geography,Sioux Falls,Pierre,no_context_single_token
qwen2_5_3b_instruct,explicit_context,p_24783a16f3,fact_d74971e01c,geography,peso,rupee,no_memory_single_token
qwen2_5_3b_instruct,explicit_context,p_14a3b83cbd,fact_5593c8294f,geography,euro,ruble,no_memory_single_token
qwen2_5_3b_instruct,explicit_context,p_6dd932f40b,fact_ecd7399509,geography,euro,krona,no_memory_single_token
qwen2_5_3b_instruct,explicit_context,p_d02417e01d,fact_ec84017d27,geography,euro,krone,no_memory_single_token
qwen2_5_3b_instruct,explicit_context,p_286e6defa5,fact_522a0f0048,geography,dirham,riyal,neither
qwen2_5_3b_instruct,explicit_context,p_6ed1919094,fact_24c47ff7c5,geography,riyal,dirham,neither
qwen2_5_3b_instruct,explicit_context,p_76c63e4c0d,fact_6a864232a1,chemistry,12,11,neither
qwen2_5_3b_instruct,explicit_context,p_5c133f1e32,fact_bb0e3ef7c1,chemistry,16,15,neither
qwen2_5_3b_instruct,explicit_context,p_06543d7cbd,fact_2fad0b0703,chemistry,15,16,neither
qwen2_5_3b_instruct,explicit_context,p_02e3001b63,fact_2604b685fa,chemistry,18,17,neither
qwen2_5_3b_instruct,explicit_context,p_52e65b79c8,fact_d25769596a,chemistry,20,19,neither
qwen2_5_3b_instruct,explicit_context,p_2c0609055b,fact_da10d5a901,chemistry,19,20,neither
qwen2_5_3b_instruct,explicit_context,p_8da1a2d776,fact_b5d325043b,chemistry,27,26,neither
qwen2_5_3b_instruct,explicit_context,p_a5985a5eb4,fact_29a641a459,chemistry,30,29,neither
qwen2_5_3b_instruct,explicit_context,p_4e5a661e61,fact_9c9a2e4da3,chemistry,29,30,neither
qwen2_5_3b_instruct,explicit_context,p_1e8cc61633,fact_c43e1459a6,chemistry,48,47,neither
qwen2_5_3b_instruct,explicit_context,p_d4e18dbc0a,fact_0b868e4408,chemistry,80,79,neither
qwen2_5_3b_instruct,explicit_context,p_df62524ec4,fact_cbc55e7f44,chemistry,81,82,neither
qwen2_5_3b_instruct,explicit_context,p_8e19d14623,fact_08eccaf034,chemistry,91,92,neither
qwen2_5_3b_instruct,explicit_context,p_8b641586f3,fact_8f6079efd0,chemistry,10,9,no_context_single_token
qwen2_5_3b_instruct,explicit_context,p_d19e7135e6,fact_a6120a2c95,chemistry,9,10,no_memory_single_token
qwen2_5_3b_instruct,explicit_context,p_fa0e4cadf1,fact_091f43d021,chemistry,14,13,neither
qwen2_5_3b_instruct,explicit_context,p_a4213ba9ea,fact_02df6b17bd,chemistry,13,14,neither
qwen2_5_3b_instruct,explicit_context,p_f303818d54,fact_5c0dc7c4c5,chemistry,17,18,neither
qwen2_5_3b_instruct,explicit_context,p_e2019b35f9,fact_c8249fcab8,chemistry,23,22,neither
qwen2_5_3b_instruct,explicit_context,p_cd3cf5ca1a,fact_a4be9609ed,chemistry,25,24,neither
qwen2_5_3b_instruct,explicit_context,p_80ea4bd79c,fact_7e9552185f,chemistry,24,25,neither
qwen2_5_3b_instruct,explicit_context,p_ae72806340,fact_06db44d557,chemistry,28,27,neither
qwen2_5_3b_instruct,explicit_context,p_0af729dc0d,fact_7c8ef8f074,chemistry,27,28,neither
qwen2_5_3b_instruct,explicit_context,p_048bdc89d7,fact_7989d46bd5,chemistry,36,35,neither
qwen2_5_3b_instruct,explicit_context,p_595518dc2c,fact_fef8128d0d,chemistry,90,100,neither
qwen2_5_3b_instruct,explicit_context,p_bc1bf791b2,fact_8a94d9d5cc,chemistry,80,78,neither
qwen2_5_3b_instruct,explicit_context,p_d9d0b2662a,fact_95d3459c6f,chemistry,-200,-196,neither
qwen2_5_3b_instruct,explicit_context,p_10f0ae4ee9,fact_fe677d97b8,chemistry,-180,-183,neither
qwen2_5_3b_instruct,explicit_context,p_3f77fa519d,fact_8f256de3b3,chemistry,3000,2862,neither
qwen2_5_3b_instruct,explicit_context,p_6a8766aaed,fact_d088f13b9f,chemistry,3000,2856,neither
qwen2_5_3b_instruct,explicit_context,p_e9cc71df1b,fact_78050045a0,chemistry,2500,2562,neither
qwen2_5_3b_instruct,explicit_context,p_d0db32aa9e,fact_b71dc5a415,chemistry,1700,1749,neither
qwen2_5_3b_instruct,explicit_context,p_a9349f3413,fact_f1d21d7d3f,chemistry,2200,2162,neither
qwen2_5_3b_instruct,explicit_context,p_704a568381,fact_f59785647d,chemistry,-250,-253,neither
qwen2_5_3b_instruct,explicit_context,p_78e025b4bb,fact_e9a1aeb387,chemistry,-270,-269,neither
qwen2_5_3b_instruct,explicit_context,p_2073e09d8a,fact_0de3017cd4,chemistry,100,78,neither
qwen2_5_3b_instruct,explicit_context,p_5ab88da2df,fact_7c23c9f721,astronomy,80,95,neither
qwen2_5_3b_instruct,explicit_context,p_a96406567e,fact_3b24ebd9f0,astronomy,130,146,neither
qwen2_5_3b_instruct,explicit_context,p_2688b13c1e,fact_da8e8fbaf5,astronomy,20,28,neither
qwen2_5_3b_instruct,explicit_context,p_b8163be75d,fact_98766b58a5,astronomy,20,16,neither
qwen2_5_3b_instruct,explicit_context,p_ea334e72ad,fact_4728a74172,astronomy,planet,dwarf planet,no_memory_single_token
qwen2_5_3b_instruct,explicit_context,p_b387921cbb,fact_687e3cfc53,astronomy,nebula,galaxy,no_context_single_token
qwen2_5_3b_instruct,explicit_context,p_561ccd320d,fact_01e7906f85,astronomy,artificial satellite,natural satellite,neither
qwen2_5_3b_instruct,explicit_context,p_69c416217b,fact_c9a31e611a,biology,flock,gaggle,no_memory_single_token
qwen2_5_3b_instruct,explicit_context,p_42663b2ab0,fact_2513c2338c,biology,flock,flamboyance,no_memory_single_token
qwen2_5_3b_instruct,explicit_context,p_a3e422849e,fact_f11a277a8a,biology,8,10,no_memory_single_token
qwen2_5_3b_instruct,explicit_context,p_3da5a95eb7,fact_de0e9f2f76,biology,10,8,no_context_single_token
qwen2_5_3b_instruct,explicit_context,p_24796df08f,fact_35833bcc4a,biology,8,10,no_memory_single_token
qwen2_5_3b_instruct,explicit_context,p_e503f6593d,fact_f60c2021fa,biology,bird,mammal,no_memory_single_token
qwen2_5_3b_instruct,explicit_context,p_0bf82dfc5b,fact_2cb53d8be2,biology,fish,mammal,no_memory_single_token
qwen2_5_3b_instruct,explicit_context,p_f9cb1b88bb,fact_3188c3d1ae,biology,fish,mammal,no_memory_single_token
qwen2_5_3b_instruct,explicit_context,p_139a056026,fact_85087344ba,biology,reptile,mammal,neither
qwen2_5_3b_instruct,explicit_context,p_930943d4ff,fact_0de2dcf992,biology,reptile,amphibian,neither
qwen2_5_3b_instruct,explicit_context,p_141a94eb98,fact_308c87aed8,biology,amphibian,reptile,neither
qwen2_5_3b_instruct,explicit_context,p_68f74d0eb6,fact_867d11dfe7,biology,reptile,amphibian,neither
qwen2_5_3b_instruct,explicit_context,p_ef9a6f9639,fact_180a275f41,biology,mammal,fish,no_context_single_token
qwen2_5_3b_instruct,explicit_context,p_4c33ac3c7a,fact_10d2374984,biology,amphibian,reptile,neither
qwen2_5_3b_instruct,explicit_context,p_e35ab32b84,fact_8959016b9c,biology,mammal,fish,no_context_single_token
qwen2_5_3b_instruct,explicit_context,p_39b09321a1,fact_7b587f2129,biology,fish,invertebrate,no_memory_single_token
qwen2_5_3b_instruct,explicit_context,p_49ff4958e3,fact_7edffb20d1,biology,fish,crustacean,no_memory_single_token
qwen2_5_3b_instruct,explicit_context,p_1664d09f9e,fact_30bdbc5bc3,biology,insect,mollusk,no_memory_single_token
qwen2_5_3b_instruct,explicit_context,p_4416d38657,fact_ffdca41653,biology,insect,annelid,no_memory_single_token
qwen2_5_3b_instruct,explicit_context,p_5c160a2266,fact_69f6727917,biology,100,120,neither
qwen2_5_3b_instruct,explicit_context,p_c21be1a1a1,fact_e7e7b24423,biology,300,389,neither
qwen2_5_3b_instruct,explicit_context,p_737a3fabd6,fact_b2e155ca4c,biology,70,80,neither
qwen2_5_3b_instruct,explicit_context,p_9681a14276,fact_e6d18fe474,biology,70,88,neither
qwen2_5_3b_instruct,explicit_context,p_c8a7a4c2fe,fact_6e1b1677c3,biology,60,70,neither
qwen2_5_3b_instruct,explicit_context,p_b2cbc1e342,fact_50167cdb92,biology,40,56,neither
qwen2_5_3b_instruct,explicit_context,p_3fadee2539,fact_dda56837f8,biology,50,40,neither
qwen2_5_3b_instruct,explicit_context,p_d4800416b2,fact_aaf40f91bc,physics,Joule,Newton,no_context_single_token
qwen2_5_3b_instruct,explicit_context,p_9df0c7b1dc,fact_a98b348240,physics,Watt,Joule,no_memory_single_token
qwen2_5_3b_instruct,explicit_context,p_c96c8bb4f1,fact_4db8c24955,physics,Joule,Watt,no_context_single_token
qwen2_5_3b_instruct,explicit_context,p_605b4a3538,fact_9dc297664d,physics,Watt,Hertz,no_memory_single_token
qwen2_5_3b_instruct,explicit_context,p_0fccfe2572,fact_83b7bbe8f6,physics,Volt,Ampere,no_memory_single_token
qwen2_5_3b_instruct,explicit_context,p_d1b2da1420,fact_eee51a6fcf,physics,Ampere,Volt,no_context_single_token
qwen2_5_3b_instruct,explicit_context,p_dfcc379a2f,fact_92f10dde6d,physics,Volt,Ohm,no_memory_single_token
qwen2_5_3b_instruct,explicit_context,p_1100328aa8,fact_0df87ca473,physics,Ohm,Farad,neither
qwen2_5_3b_instruct,explicit_context,p_694b55db5b,fact_e98ce0fd89,physics,Lumen,Candela,neither
qwen2_5_3b_instruct,explicit_context,p_6731fc6f2a,fact_33f052cfec,physics,Curie,Becquerel,neither
qwen2_5_3b_instruct,explicit_context,p_b89d4719a2,fact_17e6fa8431,physics,Sievert,Gray,no_context_single_token
qwen2_5_3b_instruct,explicit_context,p_13541e2ec6,fact_4c8aeef5e5,physics,Farad,Henry,no_context_single_token
qwen2_5_3b_instruct,explicit_context,p_4efa346533,fact_fc2027e8bc,physics,F=mv,F=ma,neither
qwen2_5_3b_instruct,explicit_context,p_2e99c5b286,fact_9ee0a1b3e7,physics,300000000,299792458,neither
qwen2_5_3b_instruct,explicit_context,p_cd844f7d57,fact_88c63537c8,physics,6.626e-32,6.626e-34,neither
qwen2_5_3b_instruct,explicit_context,p_d049f689c6,fact_56787410b6,history,1778,1776,neither
qwen2_5_3b_instruct,explicit_context,p_6d62e17575,fact_a9f44e0d47,history,1791,1789,neither
qwen2_5_3b_instruct,explicit_context,p_03cbf70b15,fact_8001ff34f9,history,1916,1914,neither
qwen2_5_3b_instruct,explicit_context,p_19552084ed,fact_ec6140dd2c,history,1919,1918,neither
qwen2_5_3b_instruct,explicit_context,p_97df9a1250,fact_ac8d5d6d7d,history,1940,1939,neither
qwen2_5_3b_instruct,explicit_context,p_1ca5d4795e,fact_4cf2c8f74b,history,1946,1945,neither
qwen2_5_3b_instruct,explicit_context,p_30fdbc4114,fact_88e1aaaf92,history,1970,1969,neither
qwen2_5_3b_instruct,explicit_context,p_aa0982ff12,fact_def1984e62,history,1990,1989,neither
qwen2_5_3b_instruct,explicit_context,p_e63de67fcb,fact_1f0b7c83f2,history,1963,1961,neither
qwen2_5_3b_instruct,explicit_context,p_70c12e7ae7,fact_79f60faa27,history,1955,1953,neither
qwen2_5_3b_instruct,explicit_context,p_749aab1b01,fact_9f33a3cda8,history,1907,1905,neither
qwen2_5_3b_instruct,explicit_context,p_e469832a11,fact_1f407179eb,history,1930,1928,neither
qwen2_5_3b_instruct,explicit_context,p_c382cd5ec7,fact_28bf618b1f,history,1494,1492,neither
qwen2_5_3b_instruct,explicit_context,p_51669d7fed,fact_3124bfa91d,history,1905,1903,neither
qwen2_5_3b_instruct,explicit_context,p_0714906f99,fact_011b861fb3,history,1959,1957,neither
qwen2_5_3b_instruct,explicit_context,p_983fc0a901,fact_52c8794331,history,1866,1865,neither
qwen2_5_3b_instruct,explicit_context,p_ba3b3c2e90,fact_cbcb55107d,history,1918,1917,neither
qwen2_5_3b_instruct,explicit_context,p_ce88d1b684,fact_6128e90655,history,1800,1799,neither
qwen2_5_3b_instruct,explicit_context,p_ed40bd7c55,fact_57918bb58a,history,1816,1815,neither
qwen2_5_3b_instruct,explicit_context,p_5a1ef032b6,fact_ce46388c3b,history,1217,1215,neither
qwen2_5_3b_instruct,explicit_context,p_54bc2fdae7,fact_6cf5527831,history,15,16,neither
qwen2_5_3b_instruct,explicit_context,p_debde03358,fact_a87645d8ed,history,27,26,neither
qwen2_5_3b_instruct,explicit_context,p_750deee749,fact_622779fadf,history,29,28,neither
qwen2_5_3b_instruct,explicit_context,p_8a92ff0e63,fact_b5baf0b628,history,31,32,neither
qwen2_5_3b_instruct,explicit_context,p_bad0a51e8a,fact_da172ece4b,history,34,33,neither
qwen2_5_3b_instruct,explicit_context,p_35f9e434f4,fact_8c9756b9d0,history,33,34,neither
qwen2_5_3b_instruct,explicit_context,p_0057ff74f1,fact_d37b58fff1,history,36,35,neither
qwen2_5_3b_instruct,explicit_context,p_6564c16413,fact_d6969e8665,history,37,36,neither
qwen2_5_3b_instruct,explicit_context,p_ee4ddea58a,fact_ea53141fa4,history,38,37,neither
qwen2_5_3b_instruct,explicit_context,p_46b2e312d1,fact_12dd35aa07,history,40,39,neither
qwen2_5_3b_instruct,explicit_context,p_59d0b6f209,fact_4efd2c037f,history,41,40,neither
qwen2_5_3b_instruct,explicit_context,p_108dbcbb4e,fact_03751c2969,history,43,42,neither
qwen2_5_3b_instruct,explicit_context,p_8c24869228,fact_72b75e2f76,history,43,44,neither
qwen2_5_3b_instruct,explicit_context,p_8e6c4a1bc8,fact_534496097a,history,Thomas Edison,Alexander Graham Bell,neither
qwen2_5_3b_instruct,explicit_context,p_af2ac51548,fact_dc5ea8d389,history,Nikola Tesla,Thomas Edison,neither
qwen2_5_3b_instruct,explicit_context,p_7b2b584bd0,fact_1c3dc5a167,history,Glenn Curtiss,Wright Brothers,neither
qwen2_5_3b_instruct,explicit_context,p_ec2e284a2c,fact_379667963a,history,Nikola Tesla,Guglielmo Marconi,neither
qwen2_5_3b_instruct,explicit_context,p_6028566f10,fact_7ab7080a6a,history,Vint Cerf,Tim Berners-Lee,neither
qwen2_5_3b_instruct,explicit_context,p_daab2a6f08,fact_d78217e572,history,William Caxton,Johannes Gutenberg,neither
qwen2_5_3b_instruct,explicit_context,p_ff9627963b,fact_ce6a63688d,history,Hiram Maxim,Alfred Nobel,neither
qwen2_5_3b_instruct,explicit_context,p_f2dd041eee,fact_e8071c91f8,history,Marie Curie,Wilhelm Roentgen,neither
qwen2_5_3b_instruct,explicit_context,p_de32a0cea9,fact_774b4dad6b,history,George Stephenson,James Watt,neither
qwen2_5_3b_instruct,explicit_context,p_1b3f28fb40,fact_1acfc107f3,history,Philo Farnsworth,John Logie Baird,neither
qwen2_5_3b_instruct,explicit_context,p_24049be7a5,fact_db1a93c105,history,Louis Pasteur,Alexander Fleming,neither
qwen2_5_3b_instruct,explicit_context,p_a78a28de89,fact_c7dc04bd2e,history,John Dalton,Dmitri Mendeleev,neither
qwen2_5_3b_instruct,explicit_context,p_4599df265b,fact_3196c6c8c8,history,Galileo Galilei,Isaac Newton,neither
qwen2_5_3b_instruct,explicit_context,p_333bf5bf1c,fact_432eb59b08,history,Alfred Wallace,Charles Darwin,neither
qwen2_5_3b_instruct,explicit_context,p_9b1647de60,fact_50e801468a,literature,Marlowe,Shakespeare,no_context_single_token
qwen2_5_3b_instruct,explicit_context,p_d9e5a9fdac,fact_0bec00e1de,literature,Ben Jonson,Shakespeare,no_context_single_token
qwen2_5_3b_instruct,explicit_context,p_39000afbe2,fact_7d331f3f7b,literature,Charlotte Bronte,Jane Austen,neither
qwen2_5_3b_instruct,explicit_context,p_f65da6d938,fact_a961512401,literature,Jane Austen,Charlotte Bronte,neither
qwen2_5_3b_instruct,explicit_context,p_d4e8e384e3,fact_64b601f163,literature,Charlotte Bronte,Emily Bronte,neither
qwen2_5_3b_instruct,explicit_context,p_5f3b7942aa,fact_6cb35e736c,literature,Nathaniel Hawthorne,Herman Melville,neither
qwen2_5_3b_instruct,explicit_context,p_e94b544160,fact_b5b9de5ec2,literature,Ernest Hemingway,F Scott Fitzgerald,neither
qwen2_5_3b_instruct,explicit_context,p_267ff8cad4,fact_6fc8a6104a,literature,Aldous Huxley,George Orwell,neither
qwen2_5_3b_instruct,explicit_context,p_e345320486,fact_8f5dcf5194,literature,George Orwell,Aldous Huxley,neither
qwen2_5_3b_instruct,explicit_context,p_ca427750e3,fact_b8fef2c6a4,literature,Aldous Huxley,George Orwell,neither
qwen2_5_3b_instruct,explicit_context,p_12c1b4909c,fact_579c196183,literature,Lope de Vega,Miguel de Cervantes,neither
qwen2_5_3b_instruct,explicit_context,p_42f95d197e,fact_dbbf94376a,literature,Tolstoy,Dostoevsky,neither
qwen2_5_3b_instruct,explicit_context,p_6c061419c6,fact_524416f26a,literature,Dostoevsky,Tolstoy,neither
qwen2_5_3b_instruct,explicit_context,p_9f4365eaf9,fact_cfa574c278,literature,Virgil,Homer,no_context_single_token
qwen2_5_3b_instruct,explicit_context,p_ae0c9ba278,fact_1ca6d99e0a,literature,Virgil,Homer,no_context_single_token
qwen2_5_3b_instruct,explicit_context,p_db038fa2ec,fact_a321408331,literature,Petrarch,Dante Alighieri,neither
qwen2_5_3b_instruct,explicit_context,p_3fff8db577,fact_9721d32e7f,literature,Schiller,Goethe,neither
qwen2_5_3b_instruct,explicit_context,p_f55b63e22d,fact_d743e9af44,literature,John Lydgate,Geoffrey Chaucer,neither
qwen2_5_3b_instruct,explicit_context,p_387835ac00,fact_88e56ada95,literature,John Dryden,John Milton,neither
qwen2_5_3b_instruct,explicit_context,p_4b2a088594,fact_0af5a11ed5,literature,Christopher Marlowe,Shakespeare,no_context_single_token
qwen2_5_3b_instruct,explicit_context,p_b609852dc6,fact_86e8d0f6ff,literature,Ben Jonson,Shakespeare,no_context_single_token
qwen2_5_3b_instruct,explicit_context,p_98dd191ebe,fact_fe6feec206,literature,Christopher Marlowe,Shakespeare,no_context_single_token
qwen2_5_3b_instruct,explicit_context,p_8e2496a39b,fact_38fc4eab32,literature,Francis Bacon,Shakespeare,no_context_single_token
qwen2_5_3b_instruct,explicit_context,p_845dd8217f,fact_c3d173e776,literature,Herman Melville,Nathaniel Hawthorne,neither
qwen2_5_3b_instruct,explicit_context,p_3e4d463a75,fact_5d86fdb619,literature,Edgar Allan Poe,Mark Twain,neither
qwen2_5_3b_instruct,explicit_context,p_5379218f2d,fact_2e584929ec,literature,Mark Twain,Edgar Allan Poe,neither
qwen2_5_3b_instruct,explicit_context,p_c771dd1107,fact_e66f895447,literature,Bram Stoker,Mary Shelley,neither
qwen2_5_3b_instruct,explicit_context,p_809b724a12,fact_fafef090c7,literature,Mary Shelley,Bram Stoker,neither
qwen2_5_3b_instruct,explicit_context,p_219d720544,fact_75b6ebd34f,literature,George Bernard Shaw,Oscar Wilde,neither
qwen2_5_3b_instruct,explicit_context,p_25c70b6383,fact_867e3d97a5,literature,Oscar Wilde,George Bernard Shaw,neither
qwen2_5_3b_instruct,explicit_context,p_547bbf9170,fact_c5ec3ad503,music,woodwind,string,no_context_single_token
qwen2_5_3b_instruct,explicit_context,p_b086bab738,fact_d808853248,music,woodwind,string,no_context_single_token
qwen2_5_3b_instruct,explicit_context,p_6ed05e64bf,fact_eb6322c411,music,string,woodwind,no_memory_single_token
qwen2_5_3b_instruct,explicit_context,p_16a5a1711f,fact_3324e476ca,music,brass,woodwind,no_memory_single_token
qwen2_5_3b_instruct,explicit_context,p_52def8d488,fact_a3733e10c2,music,brass,woodwind,no_memory_single_token
qwen2_5_3b_instruct,explicit_context,p_fd5089f24c,fact_43ff18bde4,music,brass,woodwind,no_memory_single_token
qwen2_5_3b_instruct,explicit_context,p_2ecf0b938f,fact_42a20f452f,music,brass,woodwind,no_memory_single_token
qwen2_5_3b_instruct,explicit_context,p_6b78bf7071,fact_27557e6137,music,woodwind,brass,no_context_single_token
qwen2_5_3b_instruct,explicit_context,p_de8a380b79,fact_6ecf413253,music,woodwind,brass,no_context_single_token
qwen2_5_3b_instruct,explicit_context,p_82c4909e12,fact_17f3853a94,music,woodwind,brass,no_context_single_token
qwen2_5_3b_instruct,explicit_context,p_f8dbacdd5d,fact_735c2eed94,music,woodwind,percussion,no_context_single_token
qwen2_5_3b_instruct,explicit_context,p_a308178ac7,fact_50deb00e5f,music,woodwind,string,no_context_single_token
qwen2_5_3b_instruct,explicit_context,p_b3205ee71e,fact_0ae22aa1ec,music,woodwind,string,no_context_single_token
qwen2_5_3b_instruct,explicit_context,p_7ca3760184,fact_0e9dde73b9,music,woodwind,string,no_context_single_token
qwen2_5_3b_instruct,explicit_context,p_aa7f2d6cd2,fact_c07f6eb419,mathematics,24,25,neither
qwen2_5_3b_instruct,explicit_context,p_abacc7372f,fact_69de6fd3ae,mathematics,54,56,neither
qwen2_5_3b_instruct,explicit_context,p_ba35d7a85f,fact_5f8e86fabb,mathematics,80,81,neither
qwen2_5_3b_instruct,explicit_context,p_c46bfb58cd,fact_cb2d2e91eb,mathematics,145,144,neither
qwen2_5_3b_instruct,explicit_context,p_a67b634fdc,fact_a197c45de5,mathematics,512,256,neither
qwen2_5_3b_instruct,explicit_context,p_ac3b114352,fact_ce6f97489b,mathematics,512,1024,neither
qwen2_5_3b_instruct,explicit_context,p_cce09ffd51,fact_8c926fc1bd,mathematics,11,12,neither
qwen2_5_3b_instruct,explicit_context,p_903364ae82,fact_4d5af79c4e,mathematics,100,120,neither
qwen2_5_3b_instruct,explicit_context,p_906e308288,fact_bccde82503,mathematics,20,24,neither
qwen2_5_3b_instruct,explicit_context,p_80aba14070,fact_87f0b7b0aa,mathematics,3.16,3.14,neither
qwen2_5_3b_instruct,explicit_context,p_1e59cd9687,fact_4ee49464f9,mathematics,45,90,neither
qwen2_5_3b_instruct,explicit_context,p_c4eb200eb9,fact_b6ec3374ba,mathematics,360,180,neither
qwen2_5_3b_instruct,explicit_context,p_f91d8e7e93,fact_1354756506,mathematics,180,360,neither
qwen2_5_3b_instruct,explicit_context,p_df2bd175a4,fact_b830604e86,mathematics,360,180,neither
qwen2_5_3b_instruct,explicit_context,p_1997536ef1,fact_83e5330282,mathematics,180,360,neither
qwen2_5_3b_instruct,explicit_context,p_ad4c4f6ce7,fact_fb36e1341a,biology,48,46,neither
qwen2_5_3b_instruct,explicit_context,p_92aab3903d,fact_92cbeb1ccc,biology,76,78,neither
qwen2_5_3b_instruct,explicit_context,p_20e332c847,fact_e5e0df5e29,biology,36,38,neither
qwen2_5_3b_instruct,explicit_context,p_519839c1d7,fact_ebaae32223,biology,62,64,neither
qwen2_5_3b_instruct,explicit_context,p_5a82afae90,fact_7459b6df2f,biology,46,48,neither
qwen2_5_3b_instruct,explicit_context,p_c7e4e369a8,fact_abb3fbb79e,biology,10,8,no_context_single_token
qwen2_5_3b_instruct,explicit_context,p_5a8d523739,fact_b489166d56,biology,76,78,neither
qwen2_5_3b_instruct,explicit_context,p_052c455ed3,fact_de913ff24f,biology,46,48,neither
qwen2_5_3b_instruct,explicit_context,p_d20596ed77,fact_bd47cf34ba,biology,retinol,ascorbic acid,neither
qwen2_5_3b_instruct,explicit_context,p_2f7a1c41c8,fact_c608fad484,biology,ascorbic acid,retinol,neither
qwen2_5_3b_instruct,explicit_context,p_ef8627192e,fact_fba410bfb9,biology,calciferol,cholecalciferol,neither
qwen2_5_3b_instruct,explicit_context,p_a726847645,fact_0a64f74c8f,biology,biotin,cobalamin,neither
qwen2_5_3b_instruct,explicit_context,p_4c6d7156e5,fact_8196f397ca,biology,tocopherol,phylloquinone,neither
qwen2_5_3b_instruct,explicit_context,p_ab6a1cd76e,fact_71d502cd12,biology,phylloquinone,tocopherol,neither
qwen2_5_3b_instruct,explicit_context,p_37f2cbcb1f,fact_80c1f0b60e,biology,riboflavin,thiamine,neither
qwen2_5_3b_instruct,explicit_context,p_52f479105f,fact_81491497cf,biology,thiamine,riboflavin,neither
qwen2_5_3b_instruct,explicit_context,p_c4b991f70e,fact_b03f402e98,biology,riboflavin,niacin,neither
qwen2_5_3b_instruct,explicit_context,p_7f0649c67d,fact_b76964213e,biology,niacin,folate,neither
qwen2_5_3b_instruct,explicit_context,p_7736e1ae1c,fact_ed29491528,physics,condensation,evaporation,neither
qwen2_5_3b_instruct,explicit_context,p_ac61224c72,fact_8b5f90d1c9,physics,evaporation,condensation,neither
qwen2_5_3b_instruct,explicit_context,p_038ddc504d,fact_75d16ff435,physics,deposition,sublimation,no_memory_single_token
qwen2_5_3b_instruct,explicit_context,p_5717240ccd,fact_bf724e5a57,physics,sublimation,deposition,no_context_single_token
qwen2_5_3b_instruct,explicit_context,p_484df6dba6,fact_ca95666daf,chemistry,H2SO4,HCl,neither
qwen2_5_3b_instruct,explicit_context,p_9357feebc7,fact_5a1fe168b0,chemistry,HCl,H2SO4,neither
qwen2_5_3b_instruct,explicit_context,p_7a1bffcc97,fact_95c0ff4641,chemistry,HCl,HNO3,neither
qwen2_5_3b_instruct,explicit_context,p_a0cfb0b91b,fact_d088c2a623,chemistry,HNO3,CH3COOH,neither
qwen2_5_3b_instruct,explicit_context,p_0263b4cacb,fact_ec36ddae7a,chemistry,KOH,NaOH,neither
qwen2_5_3b_instruct,explicit_context,p_8d30fc885e,fact_2bfb0aed37,chemistry,NaOH,KOH,neither
qwen2_5_3b_instruct,explicit_context,p_7c2782a587,fact_e7a1d2e24e,chemistry,NaOH,NH3,neither
qwen2_5_3b_instruct,explicit_context,p_f7f7962e90,fact_cbc9571a4c,chemistry,HCl,H2CO3,neither
qwen2_5_3b_instruct,explicit_context,p_fa6b222b48,fact_457b2a7392,sports,Sao Paulo,Rio de Janeiro,neither
qwen2_5_3b_instruct,explicit_context,p_6d193fce2c,fact_b1d3a409a6,sports,Thessaloniki,Athens,no_context_single_token
qwen2_5_3b_instruct,explicit_context,p_8812bf3a51,fact_deefb0c535,sports,Pyeongchang,Beijing,no_context_single_token
qwen2_5_3b_instruct,explicit_context,p_1575b8d7f2,fact_bd863ad39d,sports,Sochi,Pyeongchang,neither
qwen2_5_3b_instruct,explicit_context,p_d7d9671d1b,fact_919cef6807,sports,Vancouver,Sochi,no_memory_single_token
qwen2_5_3b_instruct,explicit_context,p_dc6642cbcb,fact_7b28167dc6,sports,Argentina,West Germany,no_memory_single_token
qwen2_5_3b_instruct,explicit_context,p_d7ff11fa38,fact_fa8aa8c110,sports,West Germany,Argentina,no_context_single_token
qwen2_5_3b_instruct,explicit_context,p_52c60acaa0,fact_6d0e60e066,sports,10,11,neither
qwen2_5_3b_instruct,explicit_context,p_0fd42ce1c4,fact_408ea5ffb4,sports,10,11,neither
qwen2_5_3b_instruct,explicit_context,p_d559928972,fact_6caf6e61a1,sports,13,15,neither
qwen2_5_3b_instruct,explicit_context,p_c2cab67797,fact_4ec452c94c,sports,15,13,neither
qwen2_5_3b_instruct,explicit_context,p_dd98bf33fb,fact_1d35b0d1bb,sports,12,11,neither
qwen2_5_3b_instruct,explicit_context,p_33159c91b3,fact_76fdf8a30d,geography,South America,Africa,no_context_single_token
qwen2_5_3b_instruct,explicit_context,p_d6ab8192ba,fact_e74e55eed6,geography,Africa,South America,no_memory_single_token
qwen2_5_3b_instruct,explicit_context,p_0a35c2e77d,fact_2794b29d74,geography,South America,North America,neither
qwen2_5_3b_instruct,explicit_context,p_7a21bca81c,fact_5b5639b023,geography,8800,8849,neither
qwen2_5_3b_instruct,explicit_context,p_48aee0a72a,fact_3f98b1dbf9,geography,8500,8611,neither
qwen2_5_3b_instruct,explicit_context,p_fa7b7b1a75,fact_dd0323f495,geography,8500,8586,neither
qwen2_5_3b_instruct,explicit_context,p_d42a6e9f3c,fact_7736e511d8,geography,8400,8516,neither
qwen2_5_3b_instruct,explicit_context,p_dc49e4c6f2,fact_82717fd9d3,geography,8400,8485,neither
qwen2_5_3b_instruct,explicit_context,p_4c561cf160,fact_4986e8c5bb,geography,8100,8188,neither
qwen2_5_3b_instruct,explicit_context,p_10448b1a9b,fact_b477a66807,geography,8100,8167,neither
qwen2_5_3b_instruct,explicit_context,p_5ce5ab839f,fact_c65f47acb4,geography,8100,8163,neither
qwen2_5_3b_instruct,explicit_context,p_04268d517d,fact_821594db29,geography,second largest,largest,no_context_single_token
qwen2_5_3b_instruct,explicit_context,p_1e0591b83b,fact_7fd8c7505c,geography,largest,second largest,no_memory_single_token
qwen2_5_3b_instruct,explicit_context,p_837acf16d3,fact_0a3330ae4f,geography,second largest,third largest,neither
qwen2_5_3b_instruct,explicit_context,p_378d22ab87,fact_75e76d281e,geography,second smallest,smallest,no_context_single_token
qwen2_5_3b_instruct,explicit_context,p_4be934cdfe,fact_3002f6dd8f,geography,South America,North America,neither
qwen2_5_3b_instruct,explicit_context,p_35ca8ea10f,fact_fabe8187a5,geography,North America,South America,neither
qwen2_5_3b_instruct,explicit_context,p_82eb3b55d8,fact_02351e7b87,geography,North America,South America,neither
qwen2_5_3b_instruct,explicit_memory,p_0d9d4d3e0b,fact_50f768a4d5,geography,Rio,Brasilia,no_memory_single_token
qwen2_5_3b_instruct,explicit_memory,p_814acb78c7,fact_18aa9e9202,geography,Mumbai,New Delhi,no_memory_single_token
qwen2_5_3b_instruct,explicit_memory,p_a01bb844ba,fact_ca64e96245,geography,St Petersburg,Moscow,no_context_single_token
qwen2_5_3b_instruct,explicit_memory,p_07a7e1d555,fact_2874804b8c,geography,Cancun,Mexico City,neither
qwen2_5_3b_instruct,explicit_memory,p_2ab78a7667,fact_286046a449,geography,Cape Town,Pretoria,neither
qwen2_5_3b_instruct,explicit_memory,p_4fa034e533,fact_44005944e3,geography,Cordoba,Buenos Aires,neither
qwen2_5_3b_instruct,explicit_memory,p_6767f082e1,fact_2617dd9d80,geography,Cusco,Lima,no_context_single_token
qwen2_5_3b_instruct,explicit_memory,p_a3519b26c4,fact_0222835aa1,geography,Medellin,Bogota,neither
qwen2_5_3b_instruct,explicit_memory,p_dfd35ea720,fact_ec31e79d2e,geography,Valparaiso,Santiago,no_context_single_token
qwen2_5_3b_instruct,explicit_memory,p_f444460d21,fact_650f37efb4,geography,Isfahan,Tehran,no_context_single_token
qwen2_5_3b_instruct,explicit_memory,p_7cb103c5cd,fact_038c326d27,geography,Basra,Baghdad,no_context_single_token
qwen2_5_3b_instruct,explicit_memory,p_6155b4dc2d,fact_69609ac68d,geography,Jeddah,Riyadh,no_context_single_token
qwen2_5_3b_instruct,explicit_memory,p_e9a51fafb0,fact_875fda5014,geography,Tel Aviv,Jerusalem,no_context_single_token
qwen2_5_3b_instruct,explicit_memory,p_891eb5b6b6,fact_f5e4bfa6f2,geography,Thessaloniki,Athens,no_context_single_token
qwen2_5_3b_instruct,explicit_memory,p_103189be7b,fact_14ff40da97,geography,Gothenburg,Stockholm,no_context_single_token
qwen2_5_3b_instruct,explicit_memory,p_bc4c1b4e00,fact_8374cc6152,geography,Tampere,Helsinki,no_context_single_token
qwen2_5_3b_instruct,explicit_memory,p_86405bd32b,fact_dc899c066d,geography,Aarhus,Copenhagen,no_context_single_token
qwen2_5_3b_instruct,explicit_memory,p_eb2e2b7ddc,fact_c6f2f1741c,geography,Krakow,Warsaw,no_context_single_token
qwen2_5_3b_instruct,explicit_memory,p_9a869d7175,fact_4eed072e0a,geography,Lviv,Kyiv,neither
qwen2_5_3b_instruct,explicit_memory,p_5eb4e8826e,fact_1c83d19930,geography,Cluj,Bucharest,neither
qwen2_5_3b_instruct,explicit_memory,p_5a44c77d68,fact_7c6956c666,geography,Debrecen,Budapest,no_context_single_token
qwen2_5_3b_instruct,explicit_memory,p_4c216c3cf4,fact_635a00293d,geography,Antwerp,Brussels,no_context_single_token
qwen2_5_3b_instruct,explicit_memory,p_87287fec67,fact_a5fe058fe7,geography,Phuket,Bangkok,no_context_single_token
qwen2_5_3b_instruct,explicit_memory,p_720fdad29f,fact_4bbeadf6ad,geography,Saigon,Hanoi,neither
qwen2_5_3b_instruct,explicit_memory,p_d10e443cfc,fact_a235a13cfc,geography,Cebu,Manila,no_context_single_token
qwen2_5_3b_instruct,explicit_memory,p_1e52618b6a,fact_7b0d3cbc7d,geography,Penang,Kuala Lumpur,neither
qwen2_5_3b_instruct,explicit_memory,p_31f4e3ec6e,fact_76fd43d9a1,geography,Busan,Seoul,no_context_single_token
qwen2_5_3b_instruct,explicit_memory,p_cf91139ebd,fact_c53d00f125,geography,Mombasa,Nairobi,no_context_single_token
qwen2_5_3b_instruct,explicit_memory,p_ac9c06ea14,fact_7da9e1a49d,geography,Lagos,Abuja,no_memory_single_token
qwen2_5_3b_instruct,explicit_memory,p_e98add2f39,fact_43a61a9717,geography,Casablanca,Rabat,neither
qwen2_5_3b_instruct,explicit_memory,p_7f858dd1e6,fact_d1a7ba5a02,geography,Nairobi,Addis Ababa,no_memory_single_token
qwen2_5_3b_instruct,explicit_memory,p_84e171d422,fact_4ac8a5d8a6,geography,Kumasi,Accra,neither
qwen2_5_3b_instruct,explicit_memory,p_e1eec03e88,fact_a08651e3a6,geography,Chittagong,Dhaka,neither
qwen2_5_3b_instruct,explicit_memory,p_4a21447690,fact_69259664b6,geography,Colombo,Sri Jayawardenepura Kotte,neither
qwen2_5_3b_instruct,explicit_memory,p_515f36103e,fact_0c5ef66604,geography,Los Angeles,Sacramento,no_context_single_token
qwen2_5_3b_instruct,explicit_memory,p_0ffa9122b4,fact_b5dacf01fb,geography,Miami,Tallahassee,no_memory_single_token
qwen2_5_3b_instruct,explicit_memory,p_6956c2e540,fact_12c37a2b97,geography,New York City,Albany,no_context_single_token
qwen2_5_3b_instruct,explicit_memory,p_0c896e6804,fact_7f94c6b033,geography,Philadelphia,Harrisburg,no_memory_single_token
qwen2_5_3b_instruct,explicit_memory,p_d6c28cc65c,fact_e11e5bad57,geography,Las Vegas,Carson City,neither
qwen2_5_3b_instruct,explicit_memory,p_5e28271608,fact_67f1571903,geography,Baltimore,Annapolis,no_memory_single_token
qwen2_5_3b_instruct,explicit_memory,p_2b3e658ff3,fact_c4dbfabb88,geography,Minneapolis,Saint Paul,no_memory_single_token
qwen2_5_3b_instruct,explicit_memory,p_f08af518bf,fact_ad986f03e1,geography,New Orleans,Baton Rouge,neither
qwen2_5_3b_instruct,explicit_memory,p_1208ceb03c,fact_90c385f2dc,geography,Louisville,Frankfort,no_memory_single_token
qwen2_5_3b_instruct,explicit_memory,p_0c71e061a3,fact_18b6eda606,geography,New Haven,Hartford,no_context_single_token
qwen2_5_3b_instruct,explicit_memory,p_6a98024322,fact_39cee6bcd6,geography,Provo,Salt Lake City,neither
qwen2_5_3b_instruct,explicit_memory,p_8e783e0123,fact_23011915f5,geography,Cedar Rapids,Des Moines,neither
qwen2_5_3b_instruct,explicit_memory,p_24db5681d4,fact_57d9029279,geography,Biloxi,Jackson,no_context_single_token
qwen2_5_3b_instruct,explicit_memory,p_519a88d330,fact_204e343618,geography,Wichita,Topeka,no_memory_single_token
qwen2_5_3b_instruct,explicit_memory,p_7adf218870,fact_2b97c29591,geography,Nampa,Boise,no_context_single_token
qwen2_5_3b_instruct,explicit_memory,p_3de2dd5ca0,fact_8fcae9fadc,geography,Hilo,Honolulu,no_context_single_token
qwen2_5_3b_instruct,explicit_memory,p_88f7c65ff8,fact_51830d1683,geography,Anchorage,Juneau,neither
qwen2_5_3b_instruct,explicit_memory,p_7275a958dd,fact_8b142e6764,geography,Billings,Helena,no_context_single_token
qwen2_5_3b_instruct,explicit_memory,p_817e473e54,fact_6d1a9d7a60,geography,Burlington,Montpelier,no_memory_single_token
qwen2_5_3b_instruct,explicit_memory,p_fe0117d193,fact_252cbea80e,geography,Casper,Cheyenne,neither
qwen2_5_3b_instruct,explicit_memory,p_74af3bc8be,fact_1c182617ac,geography,Fargo,Bismarck,no_memory_single_token
qwen2_5_3b_instruct,explicit_memory,p_9af9eebc3a,fact_9cf484fbad,geography,Sioux Falls,Pierre,no_context_single_token
qwen2_5_3b_instruct,explicit_memory,p_c93be52683,fact_d74971e01c,geography,peso,rupee,no_memory_single_token
qwen2_5_3b_instruct,explicit_memory,p_e3ee7aa2c3,fact_5593c8294f,geography,euro,ruble,no_memory_single_token
qwen2_5_3b_instruct,explicit_memory,p_650aa52890,fact_ecd7399509,geography,euro,krona,no_memory_single_token
qwen2_5_3b_instruct,explicit_memory,p_dc8c0bfbc6,fact_ec84017d27,geography,euro,krone,no_memory_single_token
qwen2_5_3b_instruct,explicit_memory,p_8fd0b9e650,fact_522a0f0048,geography,dirham,riyal,neither
qwen2_5_3b_instruct,explicit_memory,p_e14cc4e0e3,fact_24c47ff7c5,geography,riyal,dirham,neither
qwen2_5_3b_instruct,explicit_memory,p_709ce94723,fact_6a864232a1,chemistry,12,11,neither
qwen2_5_3b_instruct,explicit_memory,p_3dbf3a8e68,fact_bb0e3ef7c1,chemistry,16,15,neither
qwen2_5_3b_instruct,explicit_memory,p_08412568f4,fact_2fad0b0703,chemistry,15,16,neither
qwen2_5_3b_instruct,explicit_memory,p_5443898991,fact_2604b685fa,chemistry,18,17,neither
qwen2_5_3b_instruct,explicit_memory,p_b1833bda90,fact_d25769596a,chemistry,20,19,neither
qwen2_5_3b_instruct,explicit_memory,p_bdfb550471,fact_da10d5a901,chemistry,19,20,neither
qwen2_5_3b_instruct,explicit_memory,p_64da460745,fact_b5d325043b,chemistry,27,26,neither
qwen2_5_3b_instruct,explicit_memory,p_5bbd65fc9c,fact_29a641a459,chemistry,30,29,neither
qwen2_5_3b_instruct,explicit_memory,p_e0bac6ad5b,fact_9c9a2e4da3,chemistry,29,30,neither
qwen2_5_3b_instruct,explicit_memory,p_ceb96737b3,fact_c43e1459a6,chemistry,48,47,neither
qwen2_5_3b_instruct,explicit_memory,p_05a0ff89e9,fact_0b868e4408,chemistry,80,79,neither
qwen2_5_3b_instruct,explicit_memory,p_604207aae3,fact_cbc55e7f44,chemistry,81,82,neither
qwen2_5_3b_instruct,explicit_memory,p_bef91c7d98,fact_08eccaf034,chemistry,91,92,neither
qwen2_5_3b_instruct,explicit_memory,p_843f4becc0,fact_8f6079efd0,chemistry,10,9,no_context_single_token
qwen2_5_3b_instruct,explicit_memory,p_d2ed05f09a,fact_a6120a2c95,chemistry,9,10,no_memory_single_token
qwen2_5_3b_instruct,explicit_memory,p_24341dbae6,fact_091f43d021,chemistry,14,13,neither
qwen2_5_3b_instruct,explicit_memory,p_0492297414,fact_02df6b17bd,chemistry,13,14,neither
qwen2_5_3b_instruct,explicit_memory,p_93c9ebd7e9,fact_5c0dc7c4c5,chemistry,17,18,neither
qwen2_5_3b_instruct,explicit_memory,p_134e00e6c2,fact_c8249fcab8,chemistry,23,22,neither
qwen2_5_3b_instruct,explicit_memory,p_4e2f0db8b6,fact_a4be9609ed,chemistry,25,24,neither
qwen2_5_3b_instruct,explicit_memory,p_595a243850,fact_7e9552185f,chemistry,24,25,neither
qwen2_5_3b_instruct,explicit_memory,p_fadfd0f08e,fact_06db44d557,chemistry,28,27,neither
qwen2_5_3b_instruct,explicit_memory,p_1841e0aee0,fact_7c8ef8f074,chemistry,27,28,neither
qwen2_5_3b_instruct,explicit_memory,p_21bcb82d90,fact_7989d46bd5,chemistry,36,35,neither
qwen2_5_3b_instruct,explicit_memory,p_d3db7baf12,fact_fef8128d0d,chemistry,90,100,neither
qwen2_5_3b_instruct,explicit_memory,p_4b1486833a,fact_8a94d9d5cc,chemistry,80,78,neither
qwen2_5_3b_instruct,explicit_memory,p_b215ee7369,fact_95d3459c6f,chemistry,-200,-196,neither
qwen2_5_3b_instruct,explicit_memory,p_2fb9b3e894,fact_fe677d97b8,chemistry,-180,-183,neither
qwen2_5_3b_instruct,explicit_memory,p_49f4813ae5,fact_8f256de3b3,chemistry,3000,2862,neither
qwen2_5_3b_instruct,explicit_memory,p_2ec3d3a794,fact_d088f13b9f,chemistry,3000,2856,neither
qwen2_5_3b_instruct,explicit_memory,p_ba900dc598,fact_78050045a0,chemistry,2500,2562,neither
qwen2_5_3b_instruct,explicit_memory,p_5720970f39,fact_b71dc5a415,chemistry,1700,1749,neither
qwen2_5_3b_instruct,explicit_memory,p_f8f43a469a,fact_f1d21d7d3f,chemistry,2200,2162,neither
qwen2_5_3b_instruct,explicit_memory,p_7351a1fe63,fact_f59785647d,chemistry,-250,-253,neither
qwen2_5_3b_instruct,explicit_memory,p_bb8164e06c,fact_e9a1aeb387,chemistry,-270,-269,neither
qwen2_5_3b_instruct,explicit_memory,p_2e25f48cac,fact_0de3017cd4,chemistry,100,78,neither
qwen2_5_3b_instruct,explicit_memory,p_eb0f4c513a,fact_7c23c9f721,astronomy,80,95,neither
qwen2_5_3b_instruct,explicit_memory,p_8dc9036efa,fact_3b24ebd9f0,astronomy,130,146,neither
qwen2_5_3b_instruct,explicit_memory,p_3bfe1b2eab,fact_da8e8fbaf5,astronomy,20,28,neither
qwen2_5_3b_instruct,explicit_memory,p_adde0ea4e5,fact_98766b58a5,astronomy,20,16,neither
qwen2_5_3b_instruct,explicit_memory,p_5b68dfc296,fact_4728a74172,astronomy,planet,dwarf planet,no_memory_single_token
qwen2_5_3b_instruct,explicit_memory,p_1cb1a82f8f,fact_687e3cfc53,astronomy,nebula,galaxy,no_context_single_token
qwen2_5_3b_instruct,explicit_memory,p_90a23ae164,fact_01e7906f85,astronomy,artificial satellite,natural satellite,neither
qwen2_5_3b_instruct,explicit_memory,p_eefc1f9e95,fact_c9a31e611a,biology,flock,gaggle,no_memory_single_token
qwen2_5_3b_instruct,explicit_memory,p_c6f2da6529,fact_2513c2338c,biology,flock,flamboyance,no_memory_single_token
qwen2_5_3b_instruct,explicit_memory,p_a67561033b,fact_f11a277a8a,biology,8,10,no_memory_single_token
qwen2_5_3b_instruct,explicit_memory,p_50ec93e94c,fact_de0e9f2f76,biology,10,8,no_context_single_token
qwen2_5_3b_instruct,explicit_memory,p_5aded92cd7,fact_35833bcc4a,biology,8,10,no_memory_single_token
qwen2_5_3b_instruct,explicit_memory,p_84158995de,fact_f60c2021fa,biology,bird,mammal,no_memory_single_token
qwen2_5_3b_instruct,explicit_memory,p_7bcdaa00fe,fact_2cb53d8be2,biology,fish,mammal,no_memory_single_token
qwen2_5_3b_instruct,explicit_memory,p_6b09595c07,fact_3188c3d1ae,biology,fish,mammal,no_memory_single_token
qwen2_5_3b_instruct,explicit_memory,p_806c6f562b,fact_85087344ba,biology,reptile,mammal,neither
qwen2_5_3b_instruct,explicit_memory,p_c12ae51d5e,fact_0de2dcf992,biology,reptile,amphibian,neither
qwen2_5_3b_instruct,explicit_memory,p_5f550e89a1,fact_308c87aed8,biology,amphibian,reptile,neither
qwen2_5_3b_instruct,explicit_memory,p_5817c98db6,fact_867d11dfe7,biology,reptile,amphibian,neither
qwen2_5_3b_instruct,explicit_memory,p_17cafe7ad6,fact_180a275f41,biology,mammal,fish,no_context_single_token
qwen2_5_3b_instruct,explicit_memory,p_77d94e425c,fact_10d2374984,biology,amphibian,reptile,neither
qwen2_5_3b_instruct,explicit_memory,p_1d881fb6d9,fact_8959016b9c,biology,mammal,fish,no_context_single_token
qwen2_5_3b_instruct,explicit_memory,p_5528f420bc,fact_7b587f2129,biology,fish,invertebrate,no_memory_single_token
qwen2_5_3b_instruct,explicit_memory,p_f1203243a5,fact_7edffb20d1,biology,fish,crustacean,no_memory_single_token
qwen2_5_3b_instruct,explicit_memory,p_5748b7f904,fact_30bdbc5bc3,biology,insect,mollusk,no_memory_single_token
qwen2_5_3b_instruct,explicit_memory,p_095ca8a437,fact_ffdca41653,biology,insect,annelid,no_memory_single_token
qwen2_5_3b_instruct,explicit_memory,p_6644a5ca98,fact_69f6727917,biology,100,120,neither
qwen2_5_3b_instruct,explicit_memory,p_b76438a750,fact_e7e7b24423,biology,300,389,neither
qwen2_5_3b_instruct,explicit_memory,p_79b90b15f6,fact_b2e155ca4c,biology,70,80,neither
qwen2_5_3b_instruct,explicit_memory,p_c7cbe5c20c,fact_e6d18fe474,biology,70,88,neither
qwen2_5_3b_instruct,explicit_memory,p_1d2cee5515,fact_6e1b1677c3,biology,60,70,neither
qwen2_5_3b_instruct,explicit_memory,p_2099085393,fact_50167cdb92,biology,40,56,neither
qwen2_5_3b_instruct,explicit_memory,p_9fe4963419,fact_dda56837f8,biology,50,40,neither
qwen2_5_3b_instruct,explicit_memory,p_fbb0d53805,fact_aaf40f91bc,physics,Joule,Newton,no_context_single_token
qwen2_5_3b_instruct,explicit_memory,p_5c77f3eb93,fact_a98b348240,physics,Watt,Joule,no_memory_single_token
qwen2_5_3b_instruct,explicit_memory,p_4099677f3a,fact_4db8c24955,physics,Joule,Watt,no_context_single_token
qwen2_5_3b_instruct,explicit_memory,p_0cda4567b3,fact_9dc297664d,physics,Watt,Hertz,no_memory_single_token
qwen2_5_3b_instruct,explicit_memory,p_c0adae4d1a,fact_83b7bbe8f6,physics,Volt,Ampere,no_memory_single_token
qwen2_5_3b_instruct,explicit_memory,p_419dce843b,fact_eee51a6fcf,physics,Ampere,Volt,no_context_single_token
qwen2_5_3b_instruct,explicit_memory,p_d6a54b67a8,fact_92f10dde6d,physics,Volt,Ohm,no_memory_single_token
qwen2_5_3b_instruct,explicit_memory,p_6b7dc89ae9,fact_0df87ca473,physics,Ohm,Farad,neither
qwen2_5_3b_instruct,explicit_memory,p_401a6ff3d8,fact_e98ce0fd89,physics,Lumen,Candela,neither
qwen2_5_3b_instruct,explicit_memory,p_9239644524,fact_33f052cfec,physics,Curie,Becquerel,neither
qwen2_5_3b_instruct,explicit_memory,p_52a46421e4,fact_17e6fa8431,physics,Sievert,Gray,no_context_single_token
qwen2_5_3b_instruct,explicit_memory,p_5dc776fc16,fact_4c8aeef5e5,physics,Farad,Henry,no_context_single_token
qwen2_5_3b_instruct,explicit_memory,p_67c28f91c5,fact_fc2027e8bc,physics,F=mv,F=ma,neither
qwen2_5_3b_instruct,explicit_memory,p_fc9484af2f,fact_9ee0a1b3e7,physics,300000000,299792458,neither
qwen2_5_3b_instruct,explicit_memory,p_adde0ab04d,fact_88c63537c8,physics,6.626e-32,6.626e-34,neither
qwen2_5_3b_instruct,explicit_memory,p_560676bf61,fact_56787410b6,history,1778,1776,neither
qwen2_5_3b_instruct,explicit_memory,p_aee425cb3c,fact_a9f44e0d47,history,1791,1789,neither
qwen2_5_3b_instruct,explicit_memory,p_a222837ceb,fact_8001ff34f9,history,1916,1914,neither
qwen2_5_3b_instruct,explicit_memory,p_906caff23f,fact_ec6140dd2c,history,1919,1918,neither
qwen2_5_3b_instruct,explicit_memory,p_245581f7dd,fact_ac8d5d6d7d,history,1940,1939,neither
qwen2_5_3b_instruct,explicit_memory,p_3eb64ca070,fact_4cf2c8f74b,history,1946,1945,neither
qwen2_5_3b_instruct,explicit_memory,p_b714457a01,fact_88e1aaaf92,history,1970,1969,neither
qwen2_5_3b_instruct,explicit_memory,p_f043d6eb32,fact_def1984e62,history,1990,1989,neither
qwen2_5_3b_instruct,explicit_memory,p_ee99f0c7fb,fact_1f0b7c83f2,history,1963,1961,neither
qwen2_5_3b_instruct,explicit_memory,p_7b608a7121,fact_79f60faa27,history,1955,1953,neither
qwen2_5_3b_instruct,explicit_memory,p_768e28a6f8,fact_9f33a3cda8,history,1907,1905,neither
qwen2_5_3b_instruct,explicit_memory,p_88dc5fc5cf,fact_1f407179eb,history,1930,1928,neither
qwen2_5_3b_instruct,explicit_memory,p_58a8d0b504,fact_28bf618b1f,history,1494,1492,neither
qwen2_5_3b_instruct,explicit_memory,p_ba43cd0ade,fact_3124bfa91d,history,1905,1903,neither
qwen2_5_3b_instruct,explicit_memory,p_2cac891f94,fact_011b861fb3,history,1959,1957,neither
qwen2_5_3b_instruct,explicit_memory,p_d2af0d4383,fact_52c8794331,history,1866,1865,neither
qwen2_5_3b_instruct,explicit_memory,p_88c445a5c3,fact_cbcb55107d,history,1918,1917,neither
qwen2_5_3b_instruct,explicit_memory,p_4e1b7efc5c,fact_6128e90655,history,1800,1799,neither
qwen2_5_3b_instruct,explicit_memory,p_4d570f2355,fact_57918bb58a,history,1816,1815,neither
qwen2_5_3b_instruct,explicit_memory,p_e9a61fb345,fact_ce46388c3b,history,1217,1215,neither
qwen2_5_3b_instruct,explicit_memory,p_37dc54cb3b,fact_6cf5527831,history,15,16,neither
qwen2_5_3b_instruct,explicit_memory,p_5f63c167d2,fact_a87645d8ed,history,27,26,neither
qwen2_5_3b_instruct,explicit_memory,p_9689f9ad66,fact_622779fadf,history,29,28,neither
qwen2_5_3b_instruct,explicit_memory,p_c2c3efb711,fact_b5baf0b628,history,31,32,neither
qwen2_5_3b_instruct,explicit_memory,p_6e282a5eff,fact_da172ece4b,history,34,33,neither
qwen2_5_3b_instruct,explicit_memory,p_a7529974d0,fact_8c9756b9d0,history,33,34,neither
qwen2_5_3b_instruct,explicit_memory,p_bac66b07ab,fact_d37b58fff1,history,36,35,neither
qwen2_5_3b_instruct,explicit_memory,p_8985d5a306,fact_d6969e8665,history,37,36,neither
qwen2_5_3b_instruct,explicit_memory,p_c9a08e512d,fact_ea53141fa4,history,38,37,neither
qwen2_5_3b_instruct,explicit_memory,p_2b5a7fcdf5,fact_12dd35aa07,history,40,39,neither
qwen2_5_3b_instruct,explicit_memory,p_920f7c552f,fact_4efd2c037f,history,41,40,neither
qwen2_5_3b_instruct,explicit_memory,p_38a4c6cddf,fact_03751c2969,history,43,42,neither
qwen2_5_3b_instruct,explicit_memory,p_f7815682dc,fact_72b75e2f76,history,43,44,neither
qwen2_5_3b_instruct,explicit_memory,p_9e7fe7f963,fact_534496097a,history,Thomas Edison,Alexander Graham Bell,neither
qwen2_5_3b_instruct,explicit_memory,p_5baf60bfc5,fact_dc5ea8d389,history,Nikola Tesla,Thomas Edison,neither
qwen2_5_3b_instruct,explicit_memory,p_92cab90dfd,fact_1c3dc5a167,history,Glenn Curtiss,Wright Brothers,neither
qwen2_5_3b_instruct,explicit_memory,p_ea19b346a4,fact_379667963a,history,Nikola Tesla,Guglielmo Marconi,neither
qwen2_5_3b_instruct,explicit_memory,p_b9593d8508,fact_7ab7080a6a,history,Vint Cerf,Tim Berners-Lee,neither
qwen2_5_3b_instruct,explicit_memory,p_4aa7fa1dce,fact_d78217e572,history,William Caxton,Johannes Gutenberg,neither
qwen2_5_3b_instruct,explicit_memory,p_da59e43885,fact_ce6a63688d,history,Hiram Maxim,Alfred Nobel,neither
qwen2_5_3b_instruct,explicit_memory,p_4ad5c4d510,fact_e8071c91f8,history,Marie Curie,Wilhelm Roentgen,neither
qwen2_5_3b_instruct,explicit_memory,p_1136569297,fact_774b4dad6b,history,George Stephenson,James Watt,neither
qwen2_5_3b_instruct,explicit_memory,p_af0a985d97,fact_1acfc107f3,history,Philo Farnsworth,John Logie Baird,neither
qwen2_5_3b_instruct,explicit_memory,p_effcc0a1c6,fact_db1a93c105,history,Louis Pasteur,Alexander Fleming,neither
qwen2_5_3b_instruct,explicit_memory,p_c0924a8667,fact_c7dc04bd2e,history,John Dalton,Dmitri Mendeleev,neither
qwen2_5_3b_instruct,explicit_memory,p_a3bfe03238,fact_3196c6c8c8,history,Galileo Galilei,Isaac Newton,neither
qwen2_5_3b_instruct,explicit_memory,p_8a77bd06d3,fact_432eb59b08,history,Alfred Wallace,Charles Darwin,neither
qwen2_5_3b_instruct,explicit_memory,p_451a6fe78b,fact_50e801468a,literature,Marlowe,Shakespeare,no_context_single_token
qwen2_5_3b_instruct,explicit_memory,p_8bf8ce5064,fact_0bec00e1de,literature,Ben Jonson,Shakespeare,no_context_single_token
qwen2_5_3b_instruct,explicit_memory,p_6ec8c6e4e5,fact_7d331f3f7b,literature,Charlotte Bronte,Jane Austen,neither
qwen2_5_3b_instruct,explicit_memory,p_82670ee06d,fact_a961512401,literature,Jane Austen,Charlotte Bronte,neither
qwen2_5_3b_instruct,explicit_memory,p_8767441bcf,fact_64b601f163,literature,Charlotte Bronte,Emily Bronte,neither
qwen2_5_3b_instruct,explicit_memory,p_79caec1298,fact_6cb35e736c,literature,Nathaniel Hawthorne,Herman Melville,neither
qwen2_5_3b_instruct,explicit_memory,p_ea263db4ee,fact_b5b9de5ec2,literature,Ernest Hemingway,F Scott Fitzgerald,neither
qwen2_5_3b_instruct,explicit_memory,p_6fbef2d70a,fact_6fc8a6104a,literature,Aldous Huxley,George Orwell,neither
qwen2_5_3b_instruct,explicit_memory,p_220f2c6919,fact_8f5dcf5194,literature,George Orwell,Aldous Huxley,neither
qwen2_5_3b_instruct,explicit_memory,p_53f853540c,fact_b8fef2c6a4,literature,Aldous Huxley,George Orwell,neither
qwen2_5_3b_instruct,explicit_memory,p_5c3b4edaba,fact_579c196183,literature,Lope de Vega,Miguel de Cervantes,neither
qwen2_5_3b_instruct,explicit_memory,p_c78395764c,fact_dbbf94376a,literature,Tolstoy,Dostoevsky,neither
qwen2_5_3b_instruct,explicit_memory,p_c282cb6218,fact_524416f26a,literature,Dostoevsky,Tolstoy,neither
qwen2_5_3b_instruct,explicit_memory,p_536882da1e,fact_cfa574c278,literature,Virgil,Homer,no_context_single_token
qwen2_5_3b_instruct,explicit_memory,p_551b5fd979,fact_1ca6d99e0a,literature,Virgil,Homer,no_context_single_token
qwen2_5_3b_instruct,explicit_memory,p_3d18e28459,fact_a321408331,literature,Petrarch,Dante Alighieri,neither
qwen2_5_3b_instruct,explicit_memory,p_bff73b7b29,fact_9721d32e7f,literature,Schiller,Goethe,neither
qwen2_5_3b_instruct,explicit_memory,p_5d54b512f2,fact_d743e9af44,literature,John Lydgate,Geoffrey Chaucer,neither
qwen2_5_3b_instruct,explicit_memory,p_8b9664f83c,fact_88e56ada95,literature,John Dryden,John Milton,neither
qwen2_5_3b_instruct,explicit_memory,p_c73d77d9dc,fact_0af5a11ed5,literature,Christopher Marlowe,Shakespeare,no_context_single_token
qwen2_5_3b_instruct,explicit_memory,p_6cc36387f2,fact_86e8d0f6ff,literature,Ben Jonson,Shakespeare,no_context_single_token
qwen2_5_3b_instruct,explicit_memory,p_d8a86633b6,fact_fe6feec206,literature,Christopher Marlowe,Shakespeare,no_context_single_token
qwen2_5_3b_instruct,explicit_memory,p_78eee12b22,fact_38fc4eab32,literature,Francis Bacon,Shakespeare,no_context_single_token
qwen2_5_3b_instruct,explicit_memory,p_cc694e7935,fact_c3d173e776,literature,Herman Melville,Nathaniel Hawthorne,neither
qwen2_5_3b_instruct,explicit_memory,p_6cfad128cc,fact_5d86fdb619,literature,Edgar Allan Poe,Mark Twain,neither
qwen2_5_3b_instruct,explicit_memory,p_2ba556396a,fact_2e584929ec,literature,Mark Twain,Edgar Allan Poe,neither
qwen2_5_3b_instruct,explicit_memory,p_ad4b9de5ee,fact_e66f895447,literature,Bram Stoker,Mary Shelley,neither
qwen2_5_3b_instruct,explicit_memory,p_57a9adb80c,fact_fafef090c7,literature,Mary Shelley,Bram Stoker,neither
qwen2_5_3b_instruct,explicit_memory,p_57b8401c07,fact_75b6ebd34f,literature,George Bernard Shaw,Oscar Wilde,neither
qwen2_5_3b_instruct,explicit_memory,p_17148fe7c9,fact_867e3d97a5,literature,Oscar Wilde,George Bernard Shaw,neither
qwen2_5_3b_instruct,explicit_memory,p_6d9f9b4abb,fact_c5ec3ad503,music,woodwind,string,no_context_single_token
qwen2_5_3b_instruct,explicit_memory,p_b1ebeaf706,fact_d808853248,music,woodwind,string,no_context_single_token
qwen2_5_3b_instruct,explicit_memory,p_6491241dc9,fact_eb6322c411,music,string,woodwind,no_memory_single_token
qwen2_5_3b_instruct,explicit_memory,p_f1d1cbbf3a,fact_3324e476ca,music,brass,woodwind,no_memory_single_token
qwen2_5_3b_instruct,explicit_memory,p_099d812f85,fact_a3733e10c2,music,brass,woodwind,no_memory_single_token
qwen2_5_3b_instruct,explicit_memory,p_90f4960858,fact_43ff18bde4,music,brass,woodwind,no_memory_single_token
qwen2_5_3b_instruct,explicit_memory,p_b00baf6174,fact_42a20f452f,music,brass,woodwind,no_memory_single_token
qwen2_5_3b_instruct,explicit_memory,p_361ba21deb,fact_27557e6137,music,woodwind,brass,no_context_single_token
qwen2_5_3b_instruct,explicit_memory,p_177eea08d7,fact_6ecf413253,music,woodwind,brass,no_context_single_token
qwen2_5_3b_instruct,explicit_memory,p_ffd36ad944,fact_17f3853a94,music,woodwind,brass,no_context_single_token
qwen2_5_3b_instruct,explicit_memory,p_3b56cba871,fact_735c2eed94,music,woodwind,percussion,no_context_single_token
qwen2_5_3b_instruct,explicit_memory,p_311822c4d9,fact_50deb00e5f,music,woodwind,string,no_context_single_token
qwen2_5_3b_instruct,explicit_memory,p_cca5ace665,fact_0ae22aa1ec,music,woodwind,string,no_context_single_token
qwen2_5_3b_instruct,explicit_memory,p_72ed8171b7,fact_0e9dde73b9,music,woodwind,string,no_context_single_token
qwen2_5_3b_instruct,explicit_memory,p_be0babb17c,fact_c07f6eb419,mathematics,24,25,neither
qwen2_5_3b_instruct,explicit_memory,p_22b383177f,fact_69de6fd3ae,mathematics,54,56,neither
qwen2_5_3b_instruct,explicit_memory,p_aff75a5864,fact_5f8e86fabb,mathematics,80,81,neither
qwen2_5_3b_instruct,explicit_memory,p_0d68dd7eac,fact_cb2d2e91eb,mathematics,145,144,neither
qwen2_5_3b_instruct,explicit_memory,p_e13b3f1e00,fact_a197c45de5,mathematics,512,256,neither
qwen2_5_3b_instruct,explicit_memory,p_346a2d8c77,fact_ce6f97489b,mathematics,512,1024,neither
qwen2_5_3b_instruct,explicit_memory,p_dc216ed4ce,fact_8c926fc1bd,mathematics,11,12,neither
qwen2_5_3b_instruct,explicit_memory,p_7eff5abcbf,fact_4d5af79c4e,mathematics,100,120,neither
qwen2_5_3b_instruct,explicit_memory,p_8cfa6a8d31,fact_bccde82503,mathematics,20,24,neither
qwen2_5_3b_instruct,explicit_memory,p_60d0a33338,fact_87f0b7b0aa,mathematics,3.16,3.14,neither
qwen2_5_3b_instruct,explicit_memory,p_f9f8a29131,fact_4ee49464f9,mathematics,45,90,neither
qwen2_5_3b_instruct,explicit_memory,p_57079f1879,fact_b6ec3374ba,mathematics,360,180,neither
qwen2_5_3b_instruct,explicit_memory,p_1f76041369,fact_1354756506,mathematics,180,360,neither
qwen2_5_3b_instruct,explicit_memory,p_f1d78d484f,fact_b830604e86,mathematics,360,180,neither
qwen2_5_3b_instruct,explicit_memory,p_78f4f1a244,fact_83e5330282,mathematics,180,360,neither
qwen2_5_3b_instruct,explicit_memory,p_8e7355622c,fact_fb36e1341a,biology,48,46,neither
qwen2_5_3b_instruct,explicit_memory,p_873e84164c,fact_92cbeb1ccc,biology,76,78,neither
qwen2_5_3b_instruct,explicit_memory,p_ca4f6d1189,fact_e5e0df5e29,biology,36,38,neither
qwen2_5_3b_instruct,explicit_memory,p_0cd4f91e1f,fact_ebaae32223,biology,62,64,neither
qwen2_5_3b_instruct,explicit_memory,p_657ca02aca,fact_7459b6df2f,biology,46,48,neither
qwen2_5_3b_instruct,explicit_memory,p_8249abd363,fact_abb3fbb79e,biology,10,8,no_context_single_token
qwen2_5_3b_instruct,explicit_memory,p_3a0052f988,fact_b489166d56,biology,76,78,neither
qwen2_5_3b_instruct,explicit_memory,p_6b1984e474,fact_de913ff24f,biology,46,48,neither
qwen2_5_3b_instruct,explicit_memory,p_fe721b8a2c,fact_bd47cf34ba,biology,retinol,ascorbic acid,neither
qwen2_5_3b_instruct,explicit_memory,p_09841a5f4d,fact_c608fad484,biology,ascorbic acid,retinol,neither
qwen2_5_3b_instruct,explicit_memory,p_fcad970f37,fact_fba410bfb9,biology,calciferol,cholecalciferol,neither
qwen2_5_3b_instruct,explicit_memory,p_f2f6859aa6,fact_0a64f74c8f,biology,biotin,cobalamin,neither
qwen2_5_3b_instruct,explicit_memory,p_91611e641c,fact_8196f397ca,biology,tocopherol,phylloquinone,neither
qwen2_5_3b_instruct,explicit_memory,p_4d5d604afc,fact_71d502cd12,biology,phylloquinone,tocopherol,neither
qwen2_5_3b_instruct,explicit_memory,p_266836e2f9,fact_80c1f0b60e,biology,riboflavin,thiamine,neither
qwen2_5_3b_instruct,explicit_memory,p_95669c4d2f,fact_81491497cf,biology,thiamine,riboflavin,neither
qwen2_5_3b_instruct,explicit_memory,p_87ead31651,fact_b03f402e98,biology,riboflavin,niacin,neither
qwen2_5_3b_instruct,explicit_memory,p_5ae6418454,fact_b76964213e,biology,niacin,folate,neither
qwen2_5_3b_instruct,explicit_memory,p_c0946d5bff,fact_ed29491528,physics,condensation,evaporation,neither
qwen2_5_3b_instruct,explicit_memory,p_efc60d8080,fact_8b5f90d1c9,physics,evaporation,condensation,neither
qwen2_5_3b_instruct,explicit_memory,p_6d9760ab1e,fact_75d16ff435,physics,deposition,sublimation,no_memory_single_token
qwen2_5_3b_instruct,explicit_memory,p_3e809df997,fact_bf724e5a57,physics,sublimation,deposition,no_context_single_token
qwen2_5_3b_instruct,explicit_memory,p_d14603fbf6,fact_ca95666daf,chemistry,H2SO4,HCl,neither
qwen2_5_3b_instruct,explicit_memory,p_63313cdd9a,fact_5a1fe168b0,chemistry,HCl,H2SO4,neither
qwen2_5_3b_instruct,explicit_memory,p_731ef37b1f,fact_95c0ff4641,chemistry,HCl,HNO3,neither
qwen2_5_3b_instruct,explicit_memory,p_0dac705362,fact_d088c2a623,chemistry,HNO3,CH3COOH,neither
qwen2_5_3b_instruct,explicit_memory,p_0ecebc413a,fact_ec36ddae7a,chemistry,KOH,NaOH,neither
qwen2_5_3b_instruct,explicit_memory,p_339eae251f,fact_2bfb0aed37,chemistry,NaOH,KOH,neither
qwen2_5_3b_instruct,explicit_memory,p_2625414b61,fact_e7a1d2e24e,chemistry,NaOH,NH3,neither
qwen2_5_3b_instruct,explicit_memory,p_e3851616fd,fact_cbc9571a4c,chemistry,HCl,H2CO3,neither
qwen2_5_3b_instruct,explicit_memory,p_1b59f4fb96,fact_457b2a7392,sports,Sao Paulo,Rio de Janeiro,neither
qwen2_5_3b_instruct,explicit_memory,p_f3c3826647,fact_b1d3a409a6,sports,Thessaloniki,Athens,no_context_single_token
qwen2_5_3b_instruct,explicit_memory,p_fe646f61a1,fact_deefb0c535,sports,Pyeongchang,Beijing,no_context_single_token
qwen2_5_3b_instruct,explicit_memory,p_9861acc091,fact_bd863ad39d,sports,Sochi,Pyeongchang,neither
qwen2_5_3b_instruct,explicit_memory,p_f7f599da54,fact_919cef6807,sports,Vancouver,Sochi,no_memory_single_token
qwen2_5_3b_instruct,explicit_memory,p_b3580efa31,fact_7b28167dc6,sports,Argentina,West Germany,no_memory_single_token
qwen2_5_3b_instruct,explicit_memory,p_a959d09b55,fact_fa8aa8c110,sports,West Germany,Argentina,no_context_single_token
qwen2_5_3b_instruct,explicit_memory,p_d8372ff92c,fact_6d0e60e066,sports,10,11,neither
qwen2_5_3b_instruct,explicit_memory,p_b57ed288c1,fact_408ea5ffb4,sports,10,11,neither
qwen2_5_3b_instruct,explicit_memory,p_86f9ca94d7,fact_6caf6e61a1,sports,13,15,neither
qwen2_5_3b_instruct,explicit_memory,p_a72fa8d38f,fact_4ec452c94c,sports,15,13,neither
qwen2_5_3b_instruct,explicit_memory,p_8dfcd91ee4,fact_1d35b0d1bb,sports,12,11,neither
qwen2_5_3b_instruct,explicit_memory,p_8412b4d57f,fact_76fdf8a30d,geography,South America,Africa,no_context_single_token
qwen2_5_3b_instruct,explicit_memory,p_195cf35c4a,fact_e74e55eed6,geography,Africa,South America,no_memory_single_token
qwen2_5_3b_instruct,explicit_memory,p_f34bf58596,fact_2794b29d74,geography,South America,North America,neither
qwen2_5_3b_instruct,explicit_memory,p_6288ab56ea,fact_5b5639b023,geography,8800,8849,neither
qwen2_5_3b_instruct,explicit_memory,p_b16e7b6642,fact_3f98b1dbf9,geography,8500,8611,neither
qwen2_5_3b_instruct,explicit_memory,p_e3a481c70c,fact_dd0323f495,geography,8500,8586,neither
qwen2_5_3b_instruct,explicit_memory,p_3b447044e6,fact_7736e511d8,geography,8400,8516,neither
qwen2_5_3b_instruct,explicit_memory,p_1f5db0cd41,fact_82717fd9d3,geography,8400,8485,neither
qwen2_5_3b_instruct,explicit_memory,p_bda15e8601,fact_4986e8c5bb,geography,8100,8188,neither
qwen2_5_3b_instruct,explicit_memory,p_8d46509b5e,fact_b477a66807,geography,8100,8167,neither
qwen2_5_3b_instruct,explicit_memory,p_4c55332e6e,fact_c65f47acb4,geography,8100,8163,neither
qwen2_5_3b_instruct,explicit_memory,p_631255f86d,fact_821594db29,geography,second largest,largest,no_context_single_token
qwen2_5_3b_instruct,explicit_memory,p_f9067f37a5,fact_7fd8c7505c,geography,largest,second largest,no_memory_single_token
qwen2_5_3b_instruct,explicit_memory,p_1fe319e822,fact_0a3330ae4f,geography,second largest,third largest,neither
qwen2_5_3b_instruct,explicit_memory,p_2a670be0d8,fact_75e76d281e,geography,second smallest,smallest,no_context_single_token
qwen2_5_3b_instruct,explicit_memory,p_f5cd67fbd1,fact_3002f6dd8f,geography,South America,North America,neither
qwen2_5_3b_instruct,explicit_memory,p_03b5b350c1,fact_fabe8187a5,geography,North America,South America,neither
qwen2_5_3b_instruct,explicit_memory,p_274cfc9ad2,fact_02351e7b87,geography,North America,South America,neither
qwen2_5_3b_instruct,ambiguous_conflict,p_545f5add2f,fact_50f768a4d5,geography,Rio,Brasilia,no_memory_single_token
qwen2_5_3b_instruct,ambiguous_conflict,p_fcd726e948,fact_18aa9e9202,geography,Mumbai,New Delhi,no_memory_single_token
qwen2_5_3b_instruct,ambiguous_conflict,p_9629f71133,fact_ca64e96245,geography,St Petersburg,Moscow,no_context_single_token
qwen2_5_3b_instruct,ambiguous_conflict,p_ffd81b43a2,fact_2874804b8c,geography,Cancun,Mexico City,neither
qwen2_5_3b_instruct,ambiguous_conflict,p_11c6fc1af1,fact_286046a449,geography,Cape Town,Pretoria,neither
qwen2_5_3b_instruct,ambiguous_conflict,p_b0c504901f,fact_44005944e3,geography,Cordoba,Buenos Aires,neither
qwen2_5_3b_instruct,ambiguous_conflict,p_23048a384f,fact_2617dd9d80,geography,Cusco,Lima,no_context_single_token
qwen2_5_3b_instruct,ambiguous_conflict,p_9a1a7f09ba,fact_0222835aa1,geography,Medellin,Bogota,neither
qwen2_5_3b_instruct,ambiguous_conflict,p_27836917ae,fact_ec31e79d2e,geography,Valparaiso,Santiago,no_context_single_token
qwen2_5_3b_instruct,ambiguous_conflict,p_1932bb842e,fact_650f37efb4,geography,Isfahan,Tehran,no_context_single_token
qwen2_5_3b_instruct,ambiguous_conflict,p_5cd0669495,fact_038c326d27,geography,Basra,Baghdad,no_context_single_token
qwen2_5_3b_instruct,ambiguous_conflict,p_38a10fdc59,fact_69609ac68d,geography,Jeddah,Riyadh,no_context_single_token
qwen2_5_3b_instruct,ambiguous_conflict,p_29f17f8a50,fact_875fda5014,geography,Tel Aviv,Jerusalem,no_context_single_token
qwen2_5_3b_instruct,ambiguous_conflict,p_c24e10b820,fact_f5e4bfa6f2,geography,Thessaloniki,Athens,no_context_single_token
qwen2_5_3b_instruct,ambiguous_conflict,p_7525986883,fact_14ff40da97,geography,Gothenburg,Stockholm,no_context_single_token
qwen2_5_3b_instruct,ambiguous_conflict,p_e5180c4cfe,fact_8374cc6152,geography,Tampere,Helsinki,no_context_single_token
qwen2_5_3b_instruct,ambiguous_conflict,p_9285f7721b,fact_dc899c066d,geography,Aarhus,Copenhagen,no_context_single_token
qwen2_5_3b_instruct,ambiguous_conflict,p_af2af40f48,fact_c6f2f1741c,geography,Krakow,Warsaw,no_context_single_token
qwen2_5_3b_instruct,ambiguous_conflict,p_7e99d58857,fact_4eed072e0a,geography,Lviv,Kyiv,neither
qwen2_5_3b_instruct,ambiguous_conflict,p_ea5970703e,fact_1c83d19930,geography,Cluj,Bucharest,neither
qwen2_5_3b_instruct,ambiguous_conflict,p_75b00449cc,fact_7c6956c666,geography,Debrecen,Budapest,no_context_single_token
qwen2_5_3b_instruct,ambiguous_conflict,p_92b259aca7,fact_635a00293d,geography,Antwerp,Brussels,no_context_single_token
qwen2_5_3b_instruct,ambiguous_conflict,p_8b14b5fe4b,fact_a5fe058fe7,geography,Phuket,Bangkok,no_context_single_token
qwen2_5_3b_instruct,ambiguous_conflict,p_c52f82134c,fact_4bbeadf6ad,geography,Saigon,Hanoi,neither
qwen2_5_3b_instruct,ambiguous_conflict,p_67d96172db,fact_a235a13cfc,geography,Cebu,Manila,no_context_single_token
qwen2_5_3b_instruct,ambiguous_conflict,p_14ea8f46b9,fact_7b0d3cbc7d,geography,Penang,Kuala Lumpur,neither
qwen2_5_3b_instruct,ambiguous_conflict,p_0690d0c5c0,fact_76fd43d9a1,geography,Busan,Seoul,no_context_single_token
qwen2_5_3b_instruct,ambiguous_conflict,p_0bdef1e240,fact_c53d00f125,geography,Mombasa,Nairobi,no_context_single_token
qwen2_5_3b_instruct,ambiguous_conflict,p_73c2063c04,fact_7da9e1a49d,geography,Lagos,Abuja,no_memory_single_token
qwen2_5_3b_instruct,ambiguous_conflict,p_f39ce51722,fact_43a61a9717,geography,Casablanca,Rabat,neither
qwen2_5_3b_instruct,ambiguous_conflict,p_4cb8abc48f,fact_d1a7ba5a02,geography,Nairobi,Addis Ababa,no_memory_single_token
qwen2_5_3b_instruct,ambiguous_conflict,p_6c6a905b85,fact_4ac8a5d8a6,geography,Kumasi,Accra,neither
qwen2_5_3b_instruct,ambiguous_conflict,p_5b6986ba4d,fact_a08651e3a6,geography,Chittagong,Dhaka,neither
qwen2_5_3b_instruct,ambiguous_conflict,p_3a2f27e19a,fact_69259664b6,geography,Colombo,Sri Jayawardenepura Kotte,neither
qwen2_5_3b_instruct,ambiguous_conflict,p_05a50b0c75,fact_0c5ef66604,geography,Los Angeles,Sacramento,no_context_single_token
qwen2_5_3b_instruct,ambiguous_conflict,p_7833c19965,fact_b5dacf01fb,geography,Miami,Tallahassee,no_memory_single_token
qwen2_5_3b_instruct,ambiguous_conflict,p_54a4fbda42,fact_12c37a2b97,geography,New York City,Albany,no_context_single_token
qwen2_5_3b_instruct,ambiguous_conflict,p_bedfe6dad5,fact_7f94c6b033,geography,Philadelphia,Harrisburg,no_memory_single_token
qwen2_5_3b_instruct,ambiguous_conflict,p_ef133f8d38,fact_e11e5bad57,geography,Las Vegas,Carson City,neither
qwen2_5_3b_instruct,ambiguous_conflict,p_938b7ad4ac,fact_67f1571903,geography,Baltimore,Annapolis,no_memory_single_token
qwen2_5_3b_instruct,ambiguous_conflict,p_3b1442a1f3,fact_c4dbfabb88,geography,Minneapolis,Saint Paul,no_memory_single_token
qwen2_5_3b_instruct,ambiguous_conflict,p_349c7b5011,fact_ad986f03e1,geography,New Orleans,Baton Rouge,neither
qwen2_5_3b_instruct,ambiguous_conflict,p_64bd7a5a4e,fact_90c385f2dc,geography,Louisville,Frankfort,no_memory_single_token
qwen2_5_3b_instruct,ambiguous_conflict,p_98f6e8c97c,fact_18b6eda606,geography,New Haven,Hartford,no_context_single_token
qwen2_5_3b_instruct,ambiguous_conflict,p_24563a9e08,fact_39cee6bcd6,geography,Provo,Salt Lake City,neither
qwen2_5_3b_instruct,ambiguous_conflict,p_e78015860f,fact_23011915f5,geography,Cedar Rapids,Des Moines,neither
qwen2_5_3b_instruct,ambiguous_conflict,p_377bf23768,fact_57d9029279,geography,Biloxi,Jackson,no_context_single_token
qwen2_5_3b_instruct,ambiguous_conflict,p_de601fd461,fact_204e343618,geography,Wichita,Topeka,no_memory_single_token
qwen2_5_3b_instruct,ambiguous_conflict,p_8a80bc1ccc,fact_2b97c29591,geography,Nampa,Boise,no_context_single_token
qwen2_5_3b_instruct,ambiguous_conflict,p_a19341739d,fact_8fcae9fadc,geography,Hilo,Honolulu,no_context_single_token
qwen2_5_3b_instruct,ambiguous_conflict,p_94c96f789f,fact_51830d1683,geography,Anchorage,Juneau,neither
qwen2_5_3b_instruct,ambiguous_conflict,p_41f2ca5ca9,fact_8b142e6764,geography,Billings,Helena,no_context_single_token
qwen2_5_3b_instruct,ambiguous_conflict,p_1eb8e4c91a,fact_6d1a9d7a60,geography,Burlington,Montpelier,no_memory_single_token
qwen2_5_3b_instruct,ambiguous_conflict,p_5daac04756,fact_252cbea80e,geography,Casper,Cheyenne,neither
qwen2_5_3b_instruct,ambiguous_conflict,p_deeb6443db,fact_1c182617ac,geography,Fargo,Bismarck,no_memory_single_token
qwen2_5_3b_instruct,ambiguous_conflict,p_fd79ea9be7,fact_9cf484fbad,geography,Sioux Falls,Pierre,no_context_single_token
qwen2_5_3b_instruct,ambiguous_conflict,p_2ac116983f,fact_d74971e01c,geography,peso,rupee,no_memory_single_token
qwen2_5_3b_instruct,ambiguous_conflict,p_24e69647b3,fact_5593c8294f,geography,euro,ruble,no_memory_single_token
qwen2_5_3b_instruct,ambiguous_conflict,p_d6248834f3,fact_ecd7399509,geography,euro,krona,no_memory_single_token
qwen2_5_3b_instruct,ambiguous_conflict,p_bca1a360a0,fact_ec84017d27,geography,euro,krone,no_memory_single_token
qwen2_5_3b_instruct,ambiguous_conflict,p_2aa93f8d0b,fact_522a0f0048,geography,dirham,riyal,neither
qwen2_5_3b_instruct,ambiguous_conflict,p_b36a0683d0,fact_24c47ff7c5,geography,riyal,dirham,neither
qwen2_5_3b_instruct,ambiguous_conflict,p_61d54fb702,fact_6a864232a1,chemistry,12,11,neither
qwen2_5_3b_instruct,ambiguous_conflict,p_1631e5c9da,fact_bb0e3ef7c1,chemistry,16,15,neither
qwen2_5_3b_instruct,ambiguous_conflict,p_173fd59cad,fact_2fad0b0703,chemistry,15,16,neither
qwen2_5_3b_instruct,ambiguous_conflict,p_8372db846a,fact_2604b685fa,chemistry,18,17,neither
qwen2_5_3b_instruct,ambiguous_conflict,p_f44f55ded8,fact_d25769596a,chemistry,20,19,neither
qwen2_5_3b_instruct,ambiguous_conflict,p_45f0eb0e7d,fact_da10d5a901,chemistry,19,20,neither
qwen2_5_3b_instruct,ambiguous_conflict,p_cb7f720ce5,fact_b5d325043b,chemistry,27,26,neither
qwen2_5_3b_instruct,ambiguous_conflict,p_4ae337a662,fact_29a641a459,chemistry,30,29,neither
qwen2_5_3b_instruct,ambiguous_conflict,p_4a24ba9b45,fact_9c9a2e4da3,chemistry,29,30,neither
qwen2_5_3b_instruct,ambiguous_conflict,p_739f6f9e95,fact_c43e1459a6,chemistry,48,47,neither
qwen2_5_3b_instruct,ambiguous_conflict,p_fd94fc225e,fact_0b868e4408,chemistry,80,79,neither
qwen2_5_3b_instruct,ambiguous_conflict,p_ad7621f789,fact_cbc55e7f44,chemistry,81,82,neither
qwen2_5_3b_instruct,ambiguous_conflict,p_dcc3230c99,fact_08eccaf034,chemistry,91,92,neither
qwen2_5_3b_instruct,ambiguous_conflict,p_7cf05a54e2,fact_8f6079efd0,chemistry,10,9,no_context_single_token
qwen2_5_3b_instruct,ambiguous_conflict,p_c51e5247ee,fact_a6120a2c95,chemistry,9,10,no_memory_single_token
qwen2_5_3b_instruct,ambiguous_conflict,p_6c5f09d733,fact_091f43d021,chemistry,14,13,neither
qwen2_5_3b_instruct,ambiguous_conflict,p_a987b8d89f,fact_02df6b17bd,chemistry,13,14,neither
qwen2_5_3b_instruct,ambiguous_conflict,p_7120faf308,fact_5c0dc7c4c5,chemistry,17,18,neither
qwen2_5_3b_instruct,ambiguous_conflict,p_0ec4f32cad,fact_c8249fcab8,chemistry,23,22,neither
qwen2_5_3b_instruct,ambiguous_conflict,p_a3e86b0b7c,fact_a4be9609ed,chemistry,25,24,neither
qwen2_5_3b_instruct,ambiguous_conflict,p_3f493be129,fact_7e9552185f,chemistry,24,25,neither
qwen2_5_3b_instruct,ambiguous_conflict,p_6a41700dde,fact_06db44d557,chemistry,28,27,neither
qwen2_5_3b_instruct,ambiguous_conflict,p_01712cd380,fact_7c8ef8f074,chemistry,27,28,neither
qwen2_5_3b_instruct,ambiguous_conflict,p_a01e860893,fact_7989d46bd5,chemistry,36,35,neither
qwen2_5_3b_instruct,ambiguous_conflict,p_c970a1bccf,fact_fef8128d0d,chemistry,90,100,neither
qwen2_5_3b_instruct,ambiguous_conflict,p_6c1171b77f,fact_8a94d9d5cc,chemistry,80,78,neither
qwen2_5_3b_instruct,ambiguous_conflict,p_26d2f4f3ba,fact_95d3459c6f,chemistry,-200,-196,neither
qwen2_5_3b_instruct,ambiguous_conflict,p_3f0ae9aa24,fact_fe677d97b8,chemistry,-180,-183,neither
qwen2_5_3b_instruct,ambiguous_conflict,p_cb1a71c992,fact_8f256de3b3,chemistry,3000,2862,neither
qwen2_5_3b_instruct,ambiguous_conflict,p_14c39134a9,fact_d088f13b9f,chemistry,3000,2856,neither
qwen2_5_3b_instruct,ambiguous_conflict,p_3db5ed57fe,fact_78050045a0,chemistry,2500,2562,neither
qwen2_5_3b_instruct,ambiguous_conflict,p_3872959fb5,fact_b71dc5a415,chemistry,1700,1749,neither
qwen2_5_3b_instruct,ambiguous_conflict,p_15127ed052,fact_f1d21d7d3f,chemistry,2200,2162,neither
qwen2_5_3b_instruct,ambiguous_conflict,p_7b193512ad,fact_f59785647d,chemistry,-250,-253,neither
qwen2_5_3b_instruct,ambiguous_conflict,p_52e1a3d951,fact_e9a1aeb387,chemistry,-270,-269,neither
qwen2_5_3b_instruct,ambiguous_conflict,p_c45d47d435,fact_0de3017cd4,chemistry,100,78,neither
qwen2_5_3b_instruct,ambiguous_conflict,p_16f1cc2058,fact_7c23c9f721,astronomy,80,95,neither
qwen2_5_3b_instruct,ambiguous_conflict,p_553880fc4a,fact_3b24ebd9f0,astronomy,130,146,neither
qwen2_5_3b_instruct,ambiguous_conflict,p_4646f5b509,fact_da8e8fbaf5,astronomy,20,28,neither
qwen2_5_3b_instruct,ambiguous_conflict,p_be7ee60bb1,fact_98766b58a5,astronomy,20,16,neither
qwen2_5_3b_instruct,ambiguous_conflict,p_ff23609d53,fact_4728a74172,astronomy,planet,dwarf planet,no_memory_single_token
qwen2_5_3b_instruct,ambiguous_conflict,p_a40f5c65c1,fact_687e3cfc53,astronomy,nebula,galaxy,no_context_single_token
qwen2_5_3b_instruct,ambiguous_conflict,p_1698a4fb65,fact_01e7906f85,astronomy,artificial satellite,natural satellite,neither
qwen2_5_3b_instruct,ambiguous_conflict,p_370e09facf,fact_c9a31e611a,biology,flock,gaggle,no_memory_single_token
qwen2_5_3b_instruct,ambiguous_conflict,p_865a2d3a28,fact_2513c2338c,biology,flock,flamboyance,no_memory_single_token
qwen2_5_3b_instruct,ambiguous_conflict,p_2edb1a2ef0,fact_f11a277a8a,biology,8,10,no_memory_single_token
qwen2_5_3b_instruct,ambiguous_conflict,p_dd2059b1a9,fact_de0e9f2f76,biology,10,8,no_context_single_token
qwen2_5_3b_instruct,ambiguous_conflict,p_fb3752cd76,fact_35833bcc4a,biology,8,10,no_memory_single_token
qwen2_5_3b_instruct,ambiguous_conflict,p_84c8346adb,fact_f60c2021fa,biology,bird,mammal,no_memory_single_token
qwen2_5_3b_instruct,ambiguous_conflict,p_225ad54a63,fact_2cb53d8be2,biology,fish,mammal,no_memory_single_token
qwen2_5_3b_instruct,ambiguous_conflict,p_7458175d8f,fact_3188c3d1ae,biology,fish,mammal,no_memory_single_token
qwen2_5_3b_instruct,ambiguous_conflict,p_7fb0183ce5,fact_85087344ba,biology,reptile,mammal,neither
qwen2_5_3b_instruct,ambiguous_conflict,p_5905f629a1,fact_0de2dcf992,biology,reptile,amphibian,neither
qwen2_5_3b_instruct,ambiguous_conflict,p_03702996e3,fact_308c87aed8,biology,amphibian,reptile,neither
qwen2_5_3b_instruct,ambiguous_conflict,p_5eeaeb5453,fact_867d11dfe7,biology,reptile,amphibian,neither
qwen2_5_3b_instruct,ambiguous_conflict,p_f59e5a8a64,fact_180a275f41,biology,mammal,fish,no_context_single_token
qwen2_5_3b_instruct,ambiguous_conflict,p_c7c44727ad,fact_10d2374984,biology,amphibian,reptile,neither
qwen2_5_3b_instruct,ambiguous_conflict,p_438caca335,fact_8959016b9c,biology,mammal,fish,no_context_single_token
qwen2_5_3b_instruct,ambiguous_conflict,p_88c6cfa436,fact_7b587f2129,biology,fish,invertebrate,no_memory_single_token
qwen2_5_3b_instruct,ambiguous_conflict,p_885b4366db,fact_7edffb20d1,biology,fish,crustacean,no_memory_single_token
qwen2_5_3b_instruct,ambiguous_conflict,p_02ffd177cc,fact_30bdbc5bc3,biology,insect,mollusk,no_memory_single_token
qwen2_5_3b_instruct,ambiguous_conflict,p_f68c271e75,fact_ffdca41653,biology,insect,annelid,no_memory_single_token
qwen2_5_3b_instruct,ambiguous_conflict,p_f82aae4051,fact_69f6727917,biology,100,120,neither
qwen2_5_3b_instruct,ambiguous_conflict,p_3880b07d35,fact_e7e7b24423,biology,300,389,neither
qwen2_5_3b_instruct,ambiguous_conflict,p_d05a8746ea,fact_b2e155ca4c,biology,70,80,neither
qwen2_5_3b_instruct,ambiguous_conflict,p_e283e1b23c,fact_e6d18fe474,biology,70,88,neither
qwen2_5_3b_instruct,ambiguous_conflict,p_0d026af378,fact_6e1b1677c3,biology,60,70,neither
qwen2_5_3b_instruct,ambiguous_conflict,p_58472b0277,fact_50167cdb92,biology,40,56,neither
qwen2_5_3b_instruct,ambiguous_conflict,p_38ae9b9878,fact_dda56837f8,biology,50,40,neither
qwen2_5_3b_instruct,ambiguous_conflict,p_b21b85bbc3,fact_aaf40f91bc,physics,Joule,Newton,no_context_single_token
qwen2_5_3b_instruct,ambiguous_conflict,p_312185b454,fact_a98b348240,physics,Watt,Joule,no_memory_single_token
qwen2_5_3b_instruct,ambiguous_conflict,p_2d96c87cb3,fact_4db8c24955,physics,Joule,Watt,no_context_single_token
qwen2_5_3b_instruct,ambiguous_conflict,p_c43ef3b8cf,fact_9dc297664d,physics,Watt,Hertz,no_memory_single_token
qwen2_5_3b_instruct,ambiguous_conflict,p_ea3ef3bc03,fact_83b7bbe8f6,physics,Volt,Ampere,no_memory_single_token
qwen2_5_3b_instruct,ambiguous_conflict,p_fe3cec2599,fact_eee51a6fcf,physics,Ampere,Volt,no_context_single_token
qwen2_5_3b_instruct,ambiguous_conflict,p_d5cc385502,fact_92f10dde6d,physics,Volt,Ohm,no_memory_single_token
qwen2_5_3b_instruct,ambiguous_conflict,p_15146f0d91,fact_0df87ca473,physics,Ohm,Farad,neither
qwen2_5_3b_instruct,ambiguous_conflict,p_c1348cde7f,fact_e98ce0fd89,physics,Lumen,Candela,neither
qwen2_5_3b_instruct,ambiguous_conflict,p_d66d71ac3e,fact_33f052cfec,physics,Curie,Becquerel,neither
qwen2_5_3b_instruct,ambiguous_conflict,p_15b8252224,fact_17e6fa8431,physics,Sievert,Gray,no_context_single_token
qwen2_5_3b_instruct,ambiguous_conflict,p_728c94cb09,fact_4c8aeef5e5,physics,Farad,Henry,no_context_single_token
qwen2_5_3b_instruct,ambiguous_conflict,p_60a62b90f2,fact_fc2027e8bc,physics,F=mv,F=ma,neither
qwen2_5_3b_instruct,ambiguous_conflict,p_0113d5ce51,fact_9ee0a1b3e7,physics,300000000,299792458,neither
qwen2_5_3b_instruct,ambiguous_conflict,p_5f38a12f6c,fact_88c63537c8,physics,6.626e-32,6.626e-34,neither
qwen2_5_3b_instruct,ambiguous_conflict,p_f7061f5dac,fact_56787410b6,history,1778,1776,neither
qwen2_5_3b_instruct,ambiguous_conflict,p_9610ba0687,fact_a9f44e0d47,history,1791,1789,neither
qwen2_5_3b_instruct,ambiguous_conflict,p_e59f2be7b5,fact_8001ff34f9,history,1916,1914,neither
qwen2_5_3b_instruct,ambiguous_conflict,p_325f44f3be,fact_ec6140dd2c,history,1919,1918,neither
qwen2_5_3b_instruct,ambiguous_conflict,p_2b4d211120,fact_ac8d5d6d7d,history,1940,1939,neither
qwen2_5_3b_instruct,ambiguous_conflict,p_f9419e018f,fact_4cf2c8f74b,history,1946,1945,neither
qwen2_5_3b_instruct,ambiguous_conflict,p_7360d1348d,fact_88e1aaaf92,history,1970,1969,neither
qwen2_5_3b_instruct,ambiguous_conflict,p_e996d23661,fact_def1984e62,history,1990,1989,neither
qwen2_5_3b_instruct,ambiguous_conflict,p_781785e565,fact_1f0b7c83f2,history,1963,1961,neither
qwen2_5_3b_instruct,ambiguous_conflict,p_dc21acfdaf,fact_79f60faa27,history,1955,1953,neither
qwen2_5_3b_instruct,ambiguous_conflict,p_74d7a17915,fact_9f33a3cda8,history,1907,1905,neither
qwen2_5_3b_instruct,ambiguous_conflict,p_e3d008c2ee,fact_1f407179eb,history,1930,1928,neither
qwen2_5_3b_instruct,ambiguous_conflict,p_e7270dfd04,fact_28bf618b1f,history,1494,1492,neither
qwen2_5_3b_instruct,ambiguous_conflict,p_0882ada14f,fact_3124bfa91d,history,1905,1903,neither
qwen2_5_3b_instruct,ambiguous_conflict,p_754fb8e3af,fact_011b861fb3,history,1959,1957,neither
qwen2_5_3b_instruct,ambiguous_conflict,p_4c270f1c14,fact_52c8794331,history,1866,1865,neither
qwen2_5_3b_instruct,ambiguous_conflict,p_b691eeed6f,fact_cbcb55107d,history,1918,1917,neither
qwen2_5_3b_instruct,ambiguous_conflict,p_baf147ed16,fact_6128e90655,history,1800,1799,neither
qwen2_5_3b_instruct,ambiguous_conflict,p_f156a90187,fact_57918bb58a,history,1816,1815,neither
qwen2_5_3b_instruct,ambiguous_conflict,p_30c38aa6ad,fact_ce46388c3b,history,1217,1215,neither
qwen2_5_3b_instruct,ambiguous_conflict,p_7073760cad,fact_6cf5527831,history,15,16,neither
qwen2_5_3b_instruct,ambiguous_conflict,p_5eaebac15e,fact_a87645d8ed,history,27,26,neither
qwen2_5_3b_instruct,ambiguous_conflict,p_229806bdf4,fact_622779fadf,history,29,28,neither
qwen2_5_3b_instruct,ambiguous_conflict,p_967fb69b5a,fact_b5baf0b628,history,31,32,neither
qwen2_5_3b_instruct,ambiguous_conflict,p_7b48c152bc,fact_da172ece4b,history,34,33,neither
qwen2_5_3b_instruct,ambiguous_conflict,p_9d89288b9c,fact_8c9756b9d0,history,33,34,neither
qwen2_5_3b_instruct,ambiguous_conflict,p_3b134d6bf3,fact_d37b58fff1,history,36,35,neither
qwen2_5_3b_instruct,ambiguous_conflict,p_357be2038a,fact_d6969e8665,history,37,36,neither
qwen2_5_3b_instruct,ambiguous_conflict,p_5a909308d9,fact_ea53141fa4,history,38,37,neither
qwen2_5_3b_instruct,ambiguous_conflict,p_62240519ad,fact_12dd35aa07,history,40,39,neither
qwen2_5_3b_instruct,ambiguous_conflict,p_c7f3e96102,fact_4efd2c037f,history,41,40,neither
qwen2_5_3b_instruct,ambiguous_conflict,p_acfef9c61f,fact_03751c2969,history,43,42,neither
qwen2_5_3b_instruct,ambiguous_conflict,p_bff50d6342,fact_72b75e2f76,history,43,44,neither
qwen2_5_3b_instruct,ambiguous_conflict,p_0dcf07fcda,fact_534496097a,history,Thomas Edison,Alexander Graham Bell,neither
qwen2_5_3b_instruct,ambiguous_conflict,p_84fbb30079,fact_dc5ea8d389,history,Nikola Tesla,Thomas Edison,neither
qwen2_5_3b_instruct,ambiguous_conflict,p_41a844ee75,fact_1c3dc5a167,history,Glenn Curtiss,Wright Brothers,neither
qwen2_5_3b_instruct,ambiguous_conflict,p_fad567baa4,fact_379667963a,history,Nikola Tesla,Guglielmo Marconi,neither
qwen2_5_3b_instruct,ambiguous_conflict,p_11c5420049,fact_7ab7080a6a,history,Vint Cerf,Tim Berners-Lee,neither
qwen2_5_3b_instruct,ambiguous_conflict,p_adb2a70c11,fact_d78217e572,history,William Caxton,Johannes Gutenberg,neither
qwen2_5_3b_instruct,ambiguous_conflict,p_074dfd5b3b,fact_ce6a63688d,history,Hiram Maxim,Alfred Nobel,neither
qwen2_5_3b_instruct,ambiguous_conflict,p_1fbe2f2dd2,fact_e8071c91f8,history,Marie Curie,Wilhelm Roentgen,neither
qwen2_5_3b_instruct,ambiguous_conflict,p_968f1ce20b,fact_774b4dad6b,history,George Stephenson,James Watt,neither
qwen2_5_3b_instruct,ambiguous_conflict,p_da11bd01fa,fact_1acfc107f3,history,Philo Farnsworth,John Logie Baird,neither
qwen2_5_3b_instruct,ambiguous_conflict,p_9490d6b06c,fact_db1a93c105,history,Louis Pasteur,Alexander Fleming,neither
qwen2_5_3b_instruct,ambiguous_conflict,p_d711753c49,fact_c7dc04bd2e,history,John Dalton,Dmitri Mendeleev,neither
qwen2_5_3b_instruct,ambiguous_conflict,p_6f05ba16ed,fact_3196c6c8c8,history,Galileo Galilei,Isaac Newton,neither
qwen2_5_3b_instruct,ambiguous_conflict,p_4e65c92432,fact_432eb59b08,history,Alfred Wallace,Charles Darwin,neither
qwen2_5_3b_instruct,ambiguous_conflict,p_a32709d8c7,fact_50e801468a,literature,Marlowe,Shakespeare,no_context_single_token
qwen2_5_3b_instruct,ambiguous_conflict,p_700d89d848,fact_0bec00e1de,literature,Ben Jonson,Shakespeare,no_context_single_token
qwen2_5_3b_instruct,ambiguous_conflict,p_bf276b1d53,fact_7d331f3f7b,literature,Charlotte Bronte,Jane Austen,neither
qwen2_5_3b_instruct,ambiguous_conflict,p_8b99ad5dd5,fact_a961512401,literature,Jane Austen,Charlotte Bronte,neither
qwen2_5_3b_instruct,ambiguous_conflict,p_674f020626,fact_64b601f163,literature,Charlotte Bronte,Emily Bronte,neither
qwen2_5_3b_instruct,ambiguous_conflict,p_34a5f45ef3,fact_6cb35e736c,literature,Nathaniel Hawthorne,Herman Melville,neither
qwen2_5_3b_instruct,ambiguous_conflict,p_668da9952f,fact_b5b9de5ec2,literature,Ernest Hemingway,F Scott Fitzgerald,neither
qwen2_5_3b_instruct,ambiguous_conflict,p_7fe557bfd1,fact_6fc8a6104a,literature,Aldous Huxley,George Orwell,neither
qwen2_5_3b_instruct,ambiguous_conflict,p_a258464ab0,fact_8f5dcf5194,literature,George Orwell,Aldous Huxley,neither
qwen2_5_3b_instruct,ambiguous_conflict,p_bd549a8964,fact_b8fef2c6a4,literature,Aldous Huxley,George Orwell,neither
qwen2_5_3b_instruct,ambiguous_conflict,p_7b5bf25b3f,fact_579c196183,literature,Lope de Vega,Miguel de Cervantes,neither
qwen2_5_3b_instruct,ambiguous_conflict,p_bdb8b4f643,fact_dbbf94376a,literature,Tolstoy,Dostoevsky,neither
qwen2_5_3b_instruct,ambiguous_conflict,p_fb4f9de217,fact_524416f26a,literature,Dostoevsky,Tolstoy,neither
qwen2_5_3b_instruct,ambiguous_conflict,p_f18ee3e76b,fact_cfa574c278,literature,Virgil,Homer,no_context_single_token
qwen2_5_3b_instruct,ambiguous_conflict,p_3aed745bb2,fact_1ca6d99e0a,literature,Virgil,Homer,no_context_single_token
qwen2_5_3b_instruct,ambiguous_conflict,p_2bdb9b3046,fact_a321408331,literature,Petrarch,Dante Alighieri,neither
qwen2_5_3b_instruct,ambiguous_conflict,p_aa933a08bb,fact_9721d32e7f,literature,Schiller,Goethe,neither
qwen2_5_3b_instruct,ambiguous_conflict,p_9450d2567c,fact_d743e9af44,literature,John Lydgate,Geoffrey Chaucer,neither
qwen2_5_3b_instruct,ambiguous_conflict,p_8f67523910,fact_88e56ada95,literature,John Dryden,John Milton,neither
qwen2_5_3b_instruct,ambiguous_conflict,p_768e3e3318,fact_0af5a11ed5,literature,Christopher Marlowe,Shakespeare,no_context_single_token
qwen2_5_3b_instruct,ambiguous_conflict,p_25678cb11c,fact_86e8d0f6ff,literature,Ben Jonson,Shakespeare,no_context_single_token
qwen2_5_3b_instruct,ambiguous_conflict,p_08c3eec60f,fact_fe6feec206,literature,Christopher Marlowe,Shakespeare,no_context_single_token
qwen2_5_3b_instruct,ambiguous_conflict,p_0d1a8a66b4,fact_38fc4eab32,literature,Francis Bacon,Shakespeare,no_context_single_token
qwen2_5_3b_instruct,ambiguous_conflict,p_b669706bae,fact_c3d173e776,literature,Herman Melville,Nathaniel Hawthorne,neither
qwen2_5_3b_instruct,ambiguous_conflict,p_6cb58dcccd,fact_5d86fdb619,literature,Edgar Allan Poe,Mark Twain,neither
qwen2_5_3b_instruct,ambiguous_conflict,p_c0f63ae4e2,fact_2e584929ec,literature,Mark Twain,Edgar Allan Poe,neither
qwen2_5_3b_instruct,ambiguous_conflict,p_8aa022f7b4,fact_e66f895447,literature,Bram Stoker,Mary Shelley,neither
qwen2_5_3b_instruct,ambiguous_conflict,p_639f74a61b,fact_fafef090c7,literature,Mary Shelley,Bram Stoker,neither
qwen2_5_3b_instruct,ambiguous_conflict,p_7e67a44c8c,fact_75b6ebd34f,literature,George Bernard Shaw,Oscar Wilde,neither
qwen2_5_3b_instruct,ambiguous_conflict,p_ca593d1222,fact_867e3d97a5,literature,Oscar Wilde,George Bernard Shaw,neither
qwen2_5_3b_instruct,ambiguous_conflict,p_7cd55571c3,fact_c5ec3ad503,music,woodwind,string,no_context_single_token
qwen2_5_3b_instruct,ambiguous_conflict,p_e26fac36e4,fact_d808853248,music,woodwind,string,no_context_single_token
qwen2_5_3b_instruct,ambiguous_conflict,p_baec0db104,fact_eb6322c411,music,string,woodwind,no_memory_single_token
qwen2_5_3b_instruct,ambiguous_conflict,p_fc03c1054f,fact_3324e476ca,music,brass,woodwind,no_memory_single_token
qwen2_5_3b_instruct,ambiguous_conflict,p_78fabffd73,fact_a3733e10c2,music,brass,woodwind,no_memory_single_token
qwen2_5_3b_instruct,ambiguous_conflict,p_4ef2d84276,fact_43ff18bde4,music,brass,woodwind,no_memory_single_token
qwen2_5_3b_instruct,ambiguous_conflict,p_0b244c23d5,fact_42a20f452f,music,brass,woodwind,no_memory_single_token
qwen2_5_3b_instruct,ambiguous_conflict,p_9a964f4379,fact_27557e6137,music,woodwind,brass,no_context_single_token
qwen2_5_3b_instruct,ambiguous_conflict,p_79893a5a50,fact_6ecf413253,music,woodwind,brass,no_context_single_token
qwen2_5_3b_instruct,ambiguous_conflict,p_5a399d93ca,fact_17f3853a94,music,woodwind,brass,no_context_single_token
qwen2_5_3b_instruct,ambiguous_conflict,p_360ec6dd79,fact_735c2eed94,music,woodwind,percussion,no_context_single_token
qwen2_5_3b_instruct,ambiguous_conflict,p_c441f9ce0c,fact_50deb00e5f,music,woodwind,string,no_context_single_token
qwen2_5_3b_instruct,ambiguous_conflict,p_2f5f092ba1,fact_0ae22aa1ec,music,woodwind,string,no_context_single_token
qwen2_5_3b_instruct,ambiguous_conflict,p_ef68d67c35,fact_0e9dde73b9,music,woodwind,string,no_context_single_token
qwen2_5_3b_instruct,ambiguous_conflict,p_81e761bce7,fact_c07f6eb419,mathematics,24,25,neither
qwen2_5_3b_instruct,ambiguous_conflict,p_571eb0c651,fact_69de6fd3ae,mathematics,54,56,neither
qwen2_5_3b_instruct,ambiguous_conflict,p_6d5fb23984,fact_5f8e86fabb,mathematics,80,81,neither
qwen2_5_3b_instruct,ambiguous_conflict,p_a9b648251a,fact_cb2d2e91eb,mathematics,145,144,neither
qwen2_5_3b_instruct,ambiguous_conflict,p_9efd11aebe,fact_a197c45de5,mathematics,512,256,neither
qwen2_5_3b_instruct,ambiguous_conflict,p_fbd86bc4d8,fact_ce6f97489b,mathematics,512,1024,neither
qwen2_5_3b_instruct,ambiguous_conflict,p_e7443254d5,fact_8c926fc1bd,mathematics,11,12,neither
qwen2_5_3b_instruct,ambiguous_conflict,p_77c25a730a,fact_4d5af79c4e,mathematics,100,120,neither
qwen2_5_3b_instruct,ambiguous_conflict,p_3fc3bc1cb7,fact_bccde82503,mathematics,20,24,neither
qwen2_5_3b_instruct,ambiguous_conflict,p_11f9d6cb59,fact_87f0b7b0aa,mathematics,3.16,3.14,neither
qwen2_5_3b_instruct,ambiguous_conflict,p_4e9b1febc2,fact_4ee49464f9,mathematics,45,90,neither
qwen2_5_3b_instruct,ambiguous_conflict,p_402bb81007,fact_b6ec3374ba,mathematics,360,180,neither
qwen2_5_3b_instruct,ambiguous_conflict,p_083a709194,fact_1354756506,mathematics,180,360,neither
qwen2_5_3b_instruct,ambiguous_conflict,p_a0cacd5e7d,fact_b830604e86,mathematics,360,180,neither
qwen2_5_3b_instruct,ambiguous_conflict,p_5376c568f3,fact_83e5330282,mathematics,180,360,neither
qwen2_5_3b_instruct,ambiguous_conflict,p_029800e94d,fact_fb36e1341a,biology,48,46,neither
qwen2_5_3b_instruct,ambiguous_conflict,p_17e83f3e49,fact_92cbeb1ccc,biology,76,78,neither
qwen2_5_3b_instruct,ambiguous_conflict,p_735fec302a,fact_e5e0df5e29,biology,36,38,neither
qwen2_5_3b_instruct,ambiguous_conflict,p_50a6a7acbe,fact_ebaae32223,biology,62,64,neither
qwen2_5_3b_instruct,ambiguous_conflict,p_eaa2f73156,fact_7459b6df2f,biology,46,48,neither
qwen2_5_3b_instruct,ambiguous_conflict,p_7a7182692c,fact_abb3fbb79e,biology,10,8,no_context_single_token
qwen2_5_3b_instruct,ambiguous_conflict,p_e046bb4c62,fact_b489166d56,biology,76,78,neither
qwen2_5_3b_instruct,ambiguous_conflict,p_d8bff8c062,fact_de913ff24f,biology,46,48,neither
qwen2_5_3b_instruct,ambiguous_conflict,p_124cd722ec,fact_bd47cf34ba,biology,retinol,ascorbic acid,neither
qwen2_5_3b_instruct,ambiguous_conflict,p_18b3f8b802,fact_c608fad484,biology,ascorbic acid,retinol,neither
qwen2_5_3b_instruct,ambiguous_conflict,p_7d5d762b9f,fact_fba410bfb9,biology,calciferol,cholecalciferol,neither
qwen2_5_3b_instruct,ambiguous_conflict,p_9fa4c6dba4,fact_0a64f74c8f,biology,biotin,cobalamin,neither
qwen2_5_3b_instruct,ambiguous_conflict,p_d36571a614,fact_8196f397ca,biology,tocopherol,phylloquinone,neither
qwen2_5_3b_instruct,ambiguous_conflict,p_bd09519560,fact_71d502cd12,biology,phylloquinone,tocopherol,neither
qwen2_5_3b_instruct,ambiguous_conflict,p_056ca26839,fact_80c1f0b60e,biology,riboflavin,thiamine,neither
qwen2_5_3b_instruct,ambiguous_conflict,p_150156a01c,fact_81491497cf,biology,thiamine,riboflavin,neither
qwen2_5_3b_instruct,ambiguous_conflict,p_065c3a4368,fact_b03f402e98,biology,riboflavin,niacin,neither
qwen2_5_3b_instruct,ambiguous_conflict,p_3dfbc13942,fact_b76964213e,biology,niacin,folate,neither
qwen2_5_3b_instruct,ambiguous_conflict,p_8dfa06cf84,fact_ed29491528,physics,condensation,evaporation,neither
qwen2_5_3b_instruct,ambiguous_conflict,p_448316f4bc,fact_8b5f90d1c9,physics,evaporation,condensation,neither
qwen2_5_3b_instruct,ambiguous_conflict,p_030c3fb93d,fact_75d16ff435,physics,deposition,sublimation,no_memory_single_token
qwen2_5_3b_instruct,ambiguous_conflict,p_4959481979,fact_bf724e5a57,physics,sublimation,deposition,no_context_single_token
qwen2_5_3b_instruct,ambiguous_conflict,p_483c5bf298,fact_ca95666daf,chemistry,H2SO4,HCl,neither
qwen2_5_3b_instruct,ambiguous_conflict,p_def10e7e0e,fact_5a1fe168b0,chemistry,HCl,H2SO4,neither
qwen2_5_3b_instruct,ambiguous_conflict,p_f4ccb071ad,fact_95c0ff4641,chemistry,HCl,HNO3,neither
qwen2_5_3b_instruct,ambiguous_conflict,p_204dc331b6,fact_d088c2a623,chemistry,HNO3,CH3COOH,neither
qwen2_5_3b_instruct,ambiguous_conflict,p_925637adb6,fact_ec36ddae7a,chemistry,KOH,NaOH,neither
qwen2_5_3b_instruct,ambiguous_conflict,p_5f9ff20416,fact_2bfb0aed37,chemistry,NaOH,KOH,neither
qwen2_5_3b_instruct,ambiguous_conflict,p_4786fc5223,fact_e7a1d2e24e,chemistry,NaOH,NH3,neither
qwen2_5_3b_instruct,ambiguous_conflict,p_e17d8e02ee,fact_cbc9571a4c,chemistry,HCl,H2CO3,neither
qwen2_5_3b_instruct,ambiguous_conflict,p_46043d3d3a,fact_457b2a7392,sports,Sao Paulo,Rio de Janeiro,neither
qwen2_5_3b_instruct,ambiguous_conflict,p_e0f3ac7270,fact_b1d3a409a6,sports,Thessaloniki,Athens,no_context_single_token
qwen2_5_3b_instruct,ambiguous_conflict,p_66f879f620,fact_deefb0c535,sports,Pyeongchang,Beijing,no_context_single_token
qwen2_5_3b_instruct,ambiguous_conflict,p_ac947903cf,fact_bd863ad39d,sports,Sochi,Pyeongchang,neither
qwen2_5_3b_instruct,ambiguous_conflict,p_a9a0d229b5,fact_919cef6807,sports,Vancouver,Sochi,no_memory_single_token
qwen2_5_3b_instruct,ambiguous_conflict,p_e9c386799b,fact_7b28167dc6,sports,Argentina,West Germany,no_memory_single_token
qwen2_5_3b_instruct,ambiguous_conflict,p_35358c58e5,fact_fa8aa8c110,sports,West Germany,Argentina,no_context_single_token
qwen2_5_3b_instruct,ambiguous_conflict,p_1cc4bd99f6,fact_6d0e60e066,sports,10,11,neither
qwen2_5_3b_instruct,ambiguous_conflict,p_ac46dfd6ec,fact_408ea5ffb4,sports,10,11,neither
qwen2_5_3b_instruct,ambiguous_conflict,p_2f5c896567,fact_6caf6e61a1,sports,13,15,neither
qwen2_5_3b_instruct,ambiguous_conflict,p_4c67d10646,fact_4ec452c94c,sports,15,13,neither
qwen2_5_3b_instruct,ambiguous_conflict,p_c1efb4af26,fact_1d35b0d1bb,sports,12,11,neither
qwen2_5_3b_instruct,ambiguous_conflict,p_c4fb13bbf5,fact_76fdf8a30d,geography,South America,Africa,no_context_single_token
qwen2_5_3b_instruct,ambiguous_conflict,p_8eebe45646,fact_e74e55eed6,geography,Africa,South America,no_memory_single_token
qwen2_5_3b_instruct,ambiguous_conflict,p_18f979b6a3,fact_2794b29d74,geography,South America,North America,neither
qwen2_5_3b_instruct,ambiguous_conflict,p_7f218036d7,fact_5b5639b023,geography,8800,8849,neither
qwen2_5_3b_instruct,ambiguous_conflict,p_c910518a79,fact_3f98b1dbf9,geography,8500,8611,neither
qwen2_5_3b_instruct,ambiguous_conflict,p_3e3284eb0f,fact_dd0323f495,geography,8500,8586,neither
qwen2_5_3b_instruct,ambiguous_conflict,p_fd12cacdef,fact_7736e511d8,geography,8400,8516,neither
qwen2_5_3b_instruct,ambiguous_conflict,p_a0497206de,fact_82717fd9d3,geography,8400,8485,neither
qwen2_5_3b_instruct,ambiguous_conflict,p_00f69974b1,fact_4986e8c5bb,geography,8100,8188,neither
qwen2_5_3b_instruct,ambiguous_conflict,p_c863173fa5,fact_b477a66807,geography,8100,8167,neither
qwen2_5_3b_instruct,ambiguous_conflict,p_2df8526d9d,fact_c65f47acb4,geography,8100,8163,neither
qwen2_5_3b_instruct,ambiguous_conflict,p_b6a06b8ac3,fact_821594db29,geography,second largest,largest,no_context_single_token
qwen2_5_3b_instruct,ambiguous_conflict,p_c988b9c9e5,fact_7fd8c7505c,geography,largest,second largest,no_memory_single_token
qwen2_5_3b_instruct,ambiguous_conflict,p_07ec22b2bb,fact_0a3330ae4f,geography,second largest,third largest,neither
qwen2_5_3b_instruct,ambiguous_conflict,p_3d4faa090f,fact_75e76d281e,geography,second smallest,smallest,no_context_single_token
qwen2_5_3b_instruct,ambiguous_conflict,p_6cdd63378a,fact_3002f6dd8f,geography,South America,North America,neither
qwen2_5_3b_instruct,ambiguous_conflict,p_525e2d7686,fact_fabe8187a5,geography,North America,South America,neither
qwen2_5_3b_instruct,ambiguous_conflict,p_2204ad7b98,fact_02351e7b87,geography,North America,South America,neither
qwen2_5_3b_instruct,naturalistic_rag,p_faa3aa397c,fact_50f768a4d5,geography,Rio,Brasilia,no_memory_single_token
qwen2_5_3b_instruct,naturalistic_rag,p_42ac55692e,fact_18aa9e9202,geography,Mumbai,New Delhi,no_memory_single_token
qwen2_5_3b_instruct,naturalistic_rag,p_2a7b1cf889,fact_ca64e96245,geography,St Petersburg,Moscow,no_context_single_token
qwen2_5_3b_instruct,naturalistic_rag,p_1c9ed5ffb1,fact_2874804b8c,geography,Cancun,Mexico City,neither
qwen2_5_3b_instruct,naturalistic_rag,p_248e00fbf8,fact_286046a449,geography,Cape Town,Pretoria,neither
qwen2_5_3b_instruct,naturalistic_rag,p_ba93e9ebfa,fact_44005944e3,geography,Cordoba,Buenos Aires,neither
qwen2_5_3b_instruct,naturalistic_rag,p_42d7e08dad,fact_2617dd9d80,geography,Cusco,Lima,no_context_single_token
qwen2_5_3b_instruct,naturalistic_rag,p_36b2d050be,fact_0222835aa1,geography,Medellin,Bogota,neither
qwen2_5_3b_instruct,naturalistic_rag,p_bf7c551d94,fact_ec31e79d2e,geography,Valparaiso,Santiago,no_context_single_token
qwen2_5_3b_instruct,naturalistic_rag,p_7597f72603,fact_650f37efb4,geography,Isfahan,Tehran,no_context_single_token
qwen2_5_3b_instruct,naturalistic_rag,p_62045c8564,fact_038c326d27,geography,Basra,Baghdad,no_context_single_token
qwen2_5_3b_instruct,naturalistic_rag,p_aab797fd8d,fact_69609ac68d,geography,Jeddah,Riyadh,no_context_single_token
qwen2_5_3b_instruct,naturalistic_rag,p_1b96e9719d,fact_875fda5014,geography,Tel Aviv,Jerusalem,no_context_single_token
qwen2_5_3b_instruct,naturalistic_rag,p_0e26d69b2e,fact_f5e4bfa6f2,geography,Thessaloniki,Athens,no_context_single_token
qwen2_5_3b_instruct,naturalistic_rag,p_e88a8e8ec4,fact_14ff40da97,geography,Gothenburg,Stockholm,no_context_single_token
qwen2_5_3b_instruct,naturalistic_rag,p_b43be7ea9b,fact_8374cc6152,geography,Tampere,Helsinki,no_context_single_token
qwen2_5_3b_instruct,naturalistic_rag,p_c491229d1b,fact_dc899c066d,geography,Aarhus,Copenhagen,no_context_single_token
qwen2_5_3b_instruct,naturalistic_rag,p_0c92d71bf9,fact_c6f2f1741c,geography,Krakow,Warsaw,no_context_single_token
qwen2_5_3b_instruct,naturalistic_rag,p_ffbe52cc79,fact_4eed072e0a,geography,Lviv,Kyiv,neither
qwen2_5_3b_instruct,naturalistic_rag,p_c008a50643,fact_1c83d19930,geography,Cluj,Bucharest,neither
qwen2_5_3b_instruct,naturalistic_rag,p_8f534cdb85,fact_7c6956c666,geography,Debrecen,Budapest,no_context_single_token
qwen2_5_3b_instruct,naturalistic_rag,p_e285954d6d,fact_635a00293d,geography,Antwerp,Brussels,no_context_single_token
qwen2_5_3b_instruct,naturalistic_rag,p_52ee0488e1,fact_a5fe058fe7,geography,Phuket,Bangkok,no_context_single_token
qwen2_5_3b_instruct,naturalistic_rag,p_d83edae036,fact_4bbeadf6ad,geography,Saigon,Hanoi,neither
qwen2_5_3b_instruct,naturalistic_rag,p_a8972fe59d,fact_a235a13cfc,geography,Cebu,Manila,no_context_single_token
qwen2_5_3b_instruct,naturalistic_rag,p_7145485f5e,fact_7b0d3cbc7d,geography,Penang,Kuala Lumpur,neither
qwen2_5_3b_instruct,naturalistic_rag,p_724f74bdc2,fact_76fd43d9a1,geography,Busan,Seoul,no_context_single_token
qwen2_5_3b_instruct,naturalistic_rag,p_4405677235,fact_c53d00f125,geography,Mombasa,Nairobi,no_context_single_token
qwen2_5_3b_instruct,naturalistic_rag,p_3b0e925902,fact_7da9e1a49d,geography,Lagos,Abuja,no_memory_single_token
qwen2_5_3b_instruct,naturalistic_rag,p_38232fdd22,fact_43a61a9717,geography,Casablanca,Rabat,neither
qwen2_5_3b_instruct,naturalistic_rag,p_e3aae78752,fact_d1a7ba5a02,geography,Nairobi,Addis Ababa,no_memory_single_token
qwen2_5_3b_instruct,naturalistic_rag,p_4bb118d177,fact_4ac8a5d8a6,geography,Kumasi,Accra,neither
qwen2_5_3b_instruct,naturalistic_rag,p_595f5889e2,fact_a08651e3a6,geography,Chittagong,Dhaka,neither
qwen2_5_3b_instruct,naturalistic_rag,p_a725e3d3fe,fact_69259664b6,geography,Colombo,Sri Jayawardenepura Kotte,neither
qwen2_5_3b_instruct,naturalistic_rag,p_a25a7d96ad,fact_0c5ef66604,geography,Los Angeles,Sacramento,no_context_single_token
qwen2_5_3b_instruct,naturalistic_rag,p_449f192ccf,fact_b5dacf01fb,geography,Miami,Tallahassee,no_memory_single_token
qwen2_5_3b_instruct,naturalistic_rag,p_5c6672af80,fact_12c37a2b97,geography,New York City,Albany,no_context_single_token
qwen2_5_3b_instruct,naturalistic_rag,p_d309893495,fact_7f94c6b033,geography,Philadelphia,Harrisburg,no_memory_single_token
qwen2_5_3b_instruct,naturalistic_rag,p_b851ab1fbd,fact_e11e5bad57,geography,Las Vegas,Carson City,neither
qwen2_5_3b_instruct,naturalistic_rag,p_726dc07c26,fact_67f1571903,geography,Baltimore,Annapolis,no_memory_single_token
qwen2_5_3b_instruct,naturalistic_rag,p_2a02f53645,fact_c4dbfabb88,geography,Minneapolis,Saint Paul,no_memory_single_token
qwen2_5_3b_instruct,naturalistic_rag,p_163785664b,fact_ad986f03e1,geography,New Orleans,Baton Rouge,neither
qwen2_5_3b_instruct,naturalistic_rag,p_384ca63903,fact_90c385f2dc,geography,Louisville,Frankfort,no_memory_single_token
qwen2_5_3b_instruct,naturalistic_rag,p_2149202b3d,fact_18b6eda606,geography,New Haven,Hartford,no_context_single_token
qwen2_5_3b_instruct,naturalistic_rag,p_e9841ee9aa,fact_39cee6bcd6,geography,Provo,Salt Lake City,neither
qwen2_5_3b_instruct,naturalistic_rag,p_257adbf4f6,fact_23011915f5,geography,Cedar Rapids,Des Moines,neither
qwen2_5_3b_instruct,naturalistic_rag,p_6e2b1550a2,fact_57d9029279,geography,Biloxi,Jackson,no_context_single_token
qwen2_5_3b_instruct,naturalistic_rag,p_b78f0638e9,fact_204e343618,geography,Wichita,Topeka,no_memory_single_token
qwen2_5_3b_instruct,naturalistic_rag,p_c291788505,fact_2b97c29591,geography,Nampa,Boise,no_context_single_token
qwen2_5_3b_instruct,naturalistic_rag,p_b0b5b8e46e,fact_8fcae9fadc,geography,Hilo,Honolulu,no_context_single_token
qwen2_5_3b_instruct,naturalistic_rag,p_ff7053f1d8,fact_51830d1683,geography,Anchorage,Juneau,neither
qwen2_5_3b_instruct,naturalistic_rag,p_4cbb408d12,fact_8b142e6764,geography,Billings,Helena,no_context_single_token
qwen2_5_3b_instruct,naturalistic_rag,p_62925bb558,fact_6d1a9d7a60,geography,Burlington,Montpelier,no_memory_single_token
qwen2_5_3b_instruct,naturalistic_rag,p_12ae22c019,fact_252cbea80e,geography,Casper,Cheyenne,neither
qwen2_5_3b_instruct,naturalistic_rag,p_8aafd38f17,fact_1c182617ac,geography,Fargo,Bismarck,no_memory_single_token
qwen2_5_3b_instruct,naturalistic_rag,p_3a54bf4836,fact_9cf484fbad,geography,Sioux Falls,Pierre,no_context_single_token
qwen2_5_3b_instruct,naturalistic_rag,p_3454e4cc4f,fact_d74971e01c,geography,peso,rupee,no_memory_single_token
qwen2_5_3b_instruct,naturalistic_rag,p_432c691b47,fact_5593c8294f,geography,euro,ruble,no_memory_single_token
qwen2_5_3b_instruct,naturalistic_rag,p_6474bf9fd9,fact_ecd7399509,geography,euro,krona,no_memory_single_token
qwen2_5_3b_instruct,naturalistic_rag,p_5c52f9b8a0,fact_ec84017d27,geography,euro,krone,no_memory_single_token
qwen2_5_3b_instruct,naturalistic_rag,p_56a7c44a99,fact_522a0f0048,geography,dirham,riyal,neither
qwen2_5_3b_instruct,naturalistic_rag,p_a5319a4a10,fact_24c47ff7c5,geography,riyal,dirham,neither
qwen2_5_3b_instruct,naturalistic_rag,p_0eddf322ac,fact_6a864232a1,chemistry,12,11,neither
qwen2_5_3b_instruct,naturalistic_rag,p_2d0dda5a43,fact_bb0e3ef7c1,chemistry,16,15,neither
qwen2_5_3b_instruct,naturalistic_rag,p_074f42fe45,fact_2fad0b0703,chemistry,15,16,neither
qwen2_5_3b_instruct,naturalistic_rag,p_abe51c00e5,fact_2604b685fa,chemistry,18,17,neither
qwen2_5_3b_instruct,naturalistic_rag,p_a86c78562b,fact_d25769596a,chemistry,20,19,neither
qwen2_5_3b_instruct,naturalistic_rag,p_7a1d3acade,fact_da10d5a901,chemistry,19,20,neither
qwen2_5_3b_instruct,naturalistic_rag,p_7bb3f0c4d4,fact_b5d325043b,chemistry,27,26,neither
qwen2_5_3b_instruct,naturalistic_rag,p_44a2f97389,fact_29a641a459,chemistry,30,29,neither
qwen2_5_3b_instruct,naturalistic_rag,p_1463ca09fb,fact_9c9a2e4da3,chemistry,29,30,neither
qwen2_5_3b_instruct,naturalistic_rag,p_acbcf8ce11,fact_c43e1459a6,chemistry,48,47,neither
qwen2_5_3b_instruct,naturalistic_rag,p_f43ee7ecae,fact_0b868e4408,chemistry,80,79,neither
qwen2_5_3b_instruct,naturalistic_rag,p_94fba68798,fact_cbc55e7f44,chemistry,81,82,neither
qwen2_5_3b_instruct,naturalistic_rag,p_4e15e8347f,fact_08eccaf034,chemistry,91,92,neither
qwen2_5_3b_instruct,naturalistic_rag,p_d2152dcc37,fact_8f6079efd0,chemistry,10,9,no_context_single_token
qwen2_5_3b_instruct,naturalistic_rag,p_dcb3bc9751,fact_a6120a2c95,chemistry,9,10,no_memory_single_token
qwen2_5_3b_instruct,naturalistic_rag,p_d219549426,fact_091f43d021,chemistry,14,13,neither
qwen2_5_3b_instruct,naturalistic_rag,p_19c2203b62,fact_02df6b17bd,chemistry,13,14,neither
qwen2_5_3b_instruct,naturalistic_rag,p_db53227992,fact_5c0dc7c4c5,chemistry,17,18,neither
qwen2_5_3b_instruct,naturalistic_rag,p_3941b706dc,fact_c8249fcab8,chemistry,23,22,neither
qwen2_5_3b_instruct,naturalistic_rag,p_02ca40af1f,fact_a4be9609ed,chemistry,25,24,neither
qwen2_5_3b_instruct,naturalistic_rag,p_1629aca627,fact_7e9552185f,chemistry,24,25,neither
qwen2_5_3b_instruct,naturalistic_rag,p_d5c79ca35b,fact_06db44d557,chemistry,28,27,neither
qwen2_5_3b_instruct,naturalistic_rag,p_ac54424fef,fact_7c8ef8f074,chemistry,27,28,neither
qwen2_5_3b_instruct,naturalistic_rag,p_052753abaf,fact_7989d46bd5,chemistry,36,35,neither
qwen2_5_3b_instruct,naturalistic_rag,p_c2cfc406ab,fact_fef8128d0d,chemistry,90,100,neither
qwen2_5_3b_instruct,naturalistic_rag,p_7f2e1b588a,fact_8a94d9d5cc,chemistry,80,78,neither
qwen2_5_3b_instruct,naturalistic_rag,p_b1e718a197,fact_95d3459c6f,chemistry,-200,-196,neither
qwen2_5_3b_instruct,naturalistic_rag,p_59e0b70599,fact_fe677d97b8,chemistry,-180,-183,neither
qwen2_5_3b_instruct,naturalistic_rag,p_b555f78588,fact_8f256de3b3,chemistry,3000,2862,neither
qwen2_5_3b_instruct,naturalistic_rag,p_06d78c6068,fact_d088f13b9f,chemistry,3000,2856,neither
qwen2_5_3b_instruct,naturalistic_rag,p_08d707f9e4,fact_78050045a0,chemistry,2500,2562,neither
qwen2_5_3b_instruct,naturalistic_rag,p_11e57c5b9b,fact_b71dc5a415,chemistry,1700,1749,neither
qwen2_5_3b_instruct,naturalistic_rag,p_c1dc612282,fact_f1d21d7d3f,chemistry,2200,2162,neither
qwen2_5_3b_instruct,naturalistic_rag,p_3c7ae4f349,fact_f59785647d,chemistry,-250,-253,neither
qwen2_5_3b_instruct,naturalistic_rag,p_31835a33f6,fact_e9a1aeb387,chemistry,-270,-269,neither
qwen2_5_3b_instruct,naturalistic_rag,p_8aea32d1ad,fact_0de3017cd4,chemistry,100,78,neither
qwen2_5_3b_instruct,naturalistic_rag,p_7369726eaa,fact_7c23c9f721,astronomy,80,95,neither
qwen2_5_3b_instruct,naturalistic_rag,p_1766d17cae,fact_3b24ebd9f0,astronomy,130,146,neither
qwen2_5_3b_instruct,naturalistic_rag,p_80e0deccab,fact_da8e8fbaf5,astronomy,20,28,neither
qwen2_5_3b_instruct,naturalistic_rag,p_335af9b1b1,fact_98766b58a5,astronomy,20,16,neither
qwen2_5_3b_instruct,naturalistic_rag,p_effe592556,fact_4728a74172,astronomy,planet,dwarf planet,no_memory_single_token
qwen2_5_3b_instruct,naturalistic_rag,p_69755023ae,fact_687e3cfc53,astronomy,nebula,galaxy,no_context_single_token
qwen2_5_3b_instruct,naturalistic_rag,p_7beae3c832,fact_01e7906f85,astronomy,artificial satellite,natural satellite,neither
qwen2_5_3b_instruct,naturalistic_rag,p_4861725d31,fact_c9a31e611a,biology,flock,gaggle,no_memory_single_token
qwen2_5_3b_instruct,naturalistic_rag,p_f6cded5b3c,fact_2513c2338c,biology,flock,flamboyance,no_memory_single_token
qwen2_5_3b_instruct,naturalistic_rag,p_892de3d966,fact_f11a277a8a,biology,8,10,no_memory_single_token
qwen2_5_3b_instruct,naturalistic_rag,p_3b059771cb,fact_de0e9f2f76,biology,10,8,no_context_single_token
qwen2_5_3b_instruct,naturalistic_rag,p_1a5d361ab3,fact_35833bcc4a,biology,8,10,no_memory_single_token
qwen2_5_3b_instruct,naturalistic_rag,p_427a1c3bde,fact_f60c2021fa,biology,bird,mammal,no_memory_single_token
qwen2_5_3b_instruct,naturalistic_rag,p_42bf464dfe,fact_2cb53d8be2,biology,fish,mammal,no_memory_single_token
qwen2_5_3b_instruct,naturalistic_rag,p_ee0a44ac1a,fact_3188c3d1ae,biology,fish,mammal,no_memory_single_token
qwen2_5_3b_instruct,naturalistic_rag,p_964fe4e5bf,fact_85087344ba,biology,reptile,mammal,neither
qwen2_5_3b_instruct,naturalistic_rag,p_6243216652,fact_0de2dcf992,biology,reptile,amphibian,neither
qwen2_5_3b_instruct,naturalistic_rag,p_e4862dd338,fact_308c87aed8,biology,amphibian,reptile,neither
qwen2_5_3b_instruct,naturalistic_rag,p_555e90dcd2,fact_867d11dfe7,biology,reptile,amphibian,neither
qwen2_5_3b_instruct,naturalistic_rag,p_3285a40eca,fact_180a275f41,biology,mammal,fish,no_context_single_token
qwen2_5_3b_instruct,naturalistic_rag,p_632ec7931b,fact_10d2374984,biology,amphibian,reptile,neither
qwen2_5_3b_instruct,naturalistic_rag,p_fef5562341,fact_8959016b9c,biology,mammal,fish,no_context_single_token
qwen2_5_3b_instruct,naturalistic_rag,p_c643b7df41,fact_7b587f2129,biology,fish,invertebrate,no_memory_single_token
qwen2_5_3b_instruct,naturalistic_rag,p_a21bd1cbdd,fact_7edffb20d1,biology,fish,crustacean,no_memory_single_token
qwen2_5_3b_instruct,naturalistic_rag,p_1cb693e090,fact_30bdbc5bc3,biology,insect,mollusk,no_memory_single_token
qwen2_5_3b_instruct,naturalistic_rag,p_d6d9a81415,fact_ffdca41653,biology,insect,annelid,no_memory_single_token
qwen2_5_3b_instruct,naturalistic_rag,p_41cfb01408,fact_69f6727917,biology,100,120,neither
qwen2_5_3b_instruct,naturalistic_rag,p_ffbd8b6cc4,fact_e7e7b24423,biology,300,389,neither
qwen2_5_3b_instruct,naturalistic_rag,p_20a0184097,fact_b2e155ca4c,biology,70,80,neither
qwen2_5_3b_instruct,naturalistic_rag,p_f5db0582f1,fact_e6d18fe474,biology,70,88,neither
qwen2_5_3b_instruct,naturalistic_rag,p_9caaabe61a,fact_6e1b1677c3,biology,60,70,neither
qwen2_5_3b_instruct,naturalistic_rag,p_e095f87b06,fact_50167cdb92,biology,40,56,neither
qwen2_5_3b_instruct,naturalistic_rag,p_73ddc385e9,fact_dda56837f8,biology,50,40,neither
qwen2_5_3b_instruct,naturalistic_rag,p_1ead1f881e,fact_aaf40f91bc,physics,Joule,Newton,no_context_single_token
qwen2_5_3b_instruct,naturalistic_rag,p_7563da76b1,fact_a98b348240,physics,Watt,Joule,no_memory_single_token
qwen2_5_3b_instruct,naturalistic_rag,p_afe1e45b5b,fact_4db8c24955,physics,Joule,Watt,no_context_single_token
qwen2_5_3b_instruct,naturalistic_rag,p_165fbc42d5,fact_9dc297664d,physics,Watt,Hertz,no_memory_single_token
qwen2_5_3b_instruct,naturalistic_rag,p_083b72c1e4,fact_83b7bbe8f6,physics,Volt,Ampere,no_memory_single_token
qwen2_5_3b_instruct,naturalistic_rag,p_d864edd322,fact_eee51a6fcf,physics,Ampere,Volt,no_context_single_token
qwen2_5_3b_instruct,naturalistic_rag,p_3f0e6c6c78,fact_92f10dde6d,physics,Volt,Ohm,no_memory_single_token
qwen2_5_3b_instruct,naturalistic_rag,p_bf76f6c8c2,fact_0df87ca473,physics,Ohm,Farad,neither
qwen2_5_3b_instruct,naturalistic_rag,p_b4954f4380,fact_e98ce0fd89,physics,Lumen,Candela,neither
qwen2_5_3b_instruct,naturalistic_rag,p_db797f9a74,fact_33f052cfec,physics,Curie,Becquerel,neither
qwen2_5_3b_instruct,naturalistic_rag,p_905ea420ae,fact_17e6fa8431,physics,Sievert,Gray,no_context_single_token
qwen2_5_3b_instruct,naturalistic_rag,p_1ba1a5e5fa,fact_4c8aeef5e5,physics,Farad,Henry,no_context_single_token
qwen2_5_3b_instruct,naturalistic_rag,p_011f33d043,fact_fc2027e8bc,physics,F=mv,F=ma,neither
qwen2_5_3b_instruct,naturalistic_rag,p_882bc0bca9,fact_9ee0a1b3e7,physics,300000000,299792458,neither
qwen2_5_3b_instruct,naturalistic_rag,p_70063a565b,fact_88c63537c8,physics,6.626e-32,6.626e-34,neither
qwen2_5_3b_instruct,naturalistic_rag,p_4a385f0bbf,fact_56787410b6,history,1778,1776,neither
qwen2_5_3b_instruct,naturalistic_rag,p_8bea9619da,fact_a9f44e0d47,history,1791,1789,neither
qwen2_5_3b_instruct,naturalistic_rag,p_35fffa1877,fact_8001ff34f9,history,1916,1914,neither
qwen2_5_3b_instruct,naturalistic_rag,p_c1e950a31d,fact_ec6140dd2c,history,1919,1918,neither
qwen2_5_3b_instruct,naturalistic_rag,p_83511d0a31,fact_ac8d5d6d7d,history,1940,1939,neither
qwen2_5_3b_instruct,naturalistic_rag,p_1498ed9021,fact_4cf2c8f74b,history,1946,1945,neither
qwen2_5_3b_instruct,naturalistic_rag,p_623ac7a4bd,fact_88e1aaaf92,history,1970,1969,neither
qwen2_5_3b_instruct,naturalistic_rag,p_0c066f9429,fact_def1984e62,history,1990,1989,neither
qwen2_5_3b_instruct,naturalistic_rag,p_00bd9409cc,fact_1f0b7c83f2,history,1963,1961,neither
qwen2_5_3b_instruct,naturalistic_rag,p_e8da91670b,fact_79f60faa27,history,1955,1953,neither
qwen2_5_3b_instruct,naturalistic_rag,p_716dcbbf18,fact_9f33a3cda8,history,1907,1905,neither
qwen2_5_3b_instruct,naturalistic_rag,p_93ed9c7fe1,fact_1f407179eb,history,1930,1928,neither
qwen2_5_3b_instruct,naturalistic_rag,p_14e8a47dc8,fact_28bf618b1f,history,1494,1492,neither
qwen2_5_3b_instruct,naturalistic_rag,p_7c4c2cece0,fact_3124bfa91d,history,1905,1903,neither
qwen2_5_3b_instruct,naturalistic_rag,p_9412b00012,fact_011b861fb3,history,1959,1957,neither
qwen2_5_3b_instruct,naturalistic_rag,p_0f2ba5e75d,fact_52c8794331,history,1866,1865,neither
qwen2_5_3b_instruct,naturalistic_rag,p_4802e0371f,fact_cbcb55107d,history,1918,1917,neither
qwen2_5_3b_instruct,naturalistic_rag,p_cf9ade6f1e,fact_6128e90655,history,1800,1799,neither
qwen2_5_3b_instruct,naturalistic_rag,p_fcffc2bc53,fact_57918bb58a,history,1816,1815,neither
qwen2_5_3b_instruct,naturalistic_rag,p_e5d06c3d5a,fact_ce46388c3b,history,1217,1215,neither
qwen2_5_3b_instruct,naturalistic_rag,p_72889a654f,fact_6cf5527831,history,15,16,neither
qwen2_5_3b_instruct,naturalistic_rag,p_3676c9383e,fact_a87645d8ed,history,27,26,neither
qwen2_5_3b_instruct,naturalistic_rag,p_8a851024c5,fact_622779fadf,history,29,28,neither
qwen2_5_3b_instruct,naturalistic_rag,p_7cf9eed9cc,fact_b5baf0b628,history,31,32,neither
qwen2_5_3b_instruct,naturalistic_rag,p_95e9f8e370,fact_da172ece4b,history,34,33,neither
qwen2_5_3b_instruct,naturalistic_rag,p_3cba3f3d22,fact_8c9756b9d0,history,33,34,neither
qwen2_5_3b_instruct,naturalistic_rag,p_168287a5c5,fact_d37b58fff1,history,36,35,neither
qwen2_5_3b_instruct,naturalistic_rag,p_ea88e06513,fact_d6969e8665,history,37,36,neither
qwen2_5_3b_instruct,naturalistic_rag,p_eacec2552b,fact_ea53141fa4,history,38,37,neither
qwen2_5_3b_instruct,naturalistic_rag,p_3bcd8cffe8,fact_12dd35aa07,history,40,39,neither
qwen2_5_3b_instruct,naturalistic_rag,p_46a8b0e85e,fact_4efd2c037f,history,41,40,neither
qwen2_5_3b_instruct,naturalistic_rag,p_3e94abdb24,fact_03751c2969,history,43,42,neither
qwen2_5_3b_instruct,naturalistic_rag,p_4d00c60566,fact_72b75e2f76,history,43,44,neither
qwen2_5_3b_instruct,naturalistic_rag,p_5a68ee130d,fact_534496097a,history,Thomas Edison,Alexander Graham Bell,neither
qwen2_5_3b_instruct,naturalistic_rag,p_d9e76b9992,fact_dc5ea8d389,history,Nikola Tesla,Thomas Edison,neither
qwen2_5_3b_instruct,naturalistic_rag,p_8d8d5fc9d0,fact_1c3dc5a167,history,Glenn Curtiss,Wright Brothers,neither
qwen2_5_3b_instruct,naturalistic_rag,p_dad2a8be75,fact_379667963a,history,Nikola Tesla,Guglielmo Marconi,neither
qwen2_5_3b_instruct,naturalistic_rag,p_abab7ee72f,fact_7ab7080a6a,history,Vint Cerf,Tim Berners-Lee,neither
qwen2_5_3b_instruct,naturalistic_rag,p_8c2505b126,fact_d78217e572,history,William Caxton,Johannes Gutenberg,neither
qwen2_5_3b_instruct,naturalistic_rag,p_1b3ac7d078,fact_ce6a63688d,history,Hiram Maxim,Alfred Nobel,neither
qwen2_5_3b_instruct,naturalistic_rag,p_a8ecfdab84,fact_e8071c91f8,history,Marie Curie,Wilhelm Roentgen,neither
qwen2_5_3b_instruct,naturalistic_rag,p_979d4e82d4,fact_774b4dad6b,history,George Stephenson,James Watt,neither
qwen2_5_3b_instruct,naturalistic_rag,p_51fc2a3654,fact_1acfc107f3,history,Philo Farnsworth,John Logie Baird,neither
qwen2_5_3b_instruct,naturalistic_rag,p_7d4d5d84c9,fact_db1a93c105,history,Louis Pasteur,Alexander Fleming,neither
qwen2_5_3b_instruct,naturalistic_rag,p_1e524a580b,fact_c7dc04bd2e,history,John Dalton,Dmitri Mendeleev,neither
qwen2_5_3b_instruct,naturalistic_rag,p_ba974ea5ad,fact_3196c6c8c8,history,Galileo Galilei,Isaac Newton,neither
qwen2_5_3b_instruct,naturalistic_rag,p_ccc0634bb8,fact_432eb59b08,history,Alfred Wallace,Charles Darwin,neither
qwen2_5_3b_instruct,naturalistic_rag,p_d24399fd5a,fact_50e801468a,literature,Marlowe,Shakespeare,no_context_single_token
qwen2_5_3b_instruct,naturalistic_rag,p_59dbd3f841,fact_0bec00e1de,literature,Ben Jonson,Shakespeare,no_context_single_token
qwen2_5_3b_instruct,naturalistic_rag,p_08165eea78,fact_7d331f3f7b,literature,Charlotte Bronte,Jane Austen,neither
qwen2_5_3b_instruct,naturalistic_rag,p_c6e6c1c149,fact_a961512401,literature,Jane Austen,Charlotte Bronte,neither
qwen2_5_3b_instruct,naturalistic_rag,p_ca2e56f534,fact_64b601f163,literature,Charlotte Bronte,Emily Bronte,neither
qwen2_5_3b_instruct,naturalistic_rag,p_8f7d6a92d2,fact_6cb35e736c,literature,Nathaniel Hawthorne,Herman Melville,neither
qwen2_5_3b_instruct,naturalistic_rag,p_1c5e6204d7,fact_b5b9de5ec2,literature,Ernest Hemingway,F Scott Fitzgerald,neither
qwen2_5_3b_instruct,naturalistic_rag,p_6a0a8da93e,fact_6fc8a6104a,literature,Aldous Huxley,George Orwell,neither
qwen2_5_3b_instruct,naturalistic_rag,p_544a8420ee,fact_8f5dcf5194,literature,George Orwell,Aldous Huxley,neither
qwen2_5_3b_instruct,naturalistic_rag,p_b41145f2a6,fact_b8fef2c6a4,literature,Aldous Huxley,George Orwell,neither
qwen2_5_3b_instruct,naturalistic_rag,p_fc11919e7d,fact_579c196183,literature,Lope de Vega,Miguel de Cervantes,neither
qwen2_5_3b_instruct,naturalistic_rag,p_efbb386bd8,fact_dbbf94376a,literature,Tolstoy,Dostoevsky,neither
qwen2_5_3b_instruct,naturalistic_rag,p_aded11892c,fact_524416f26a,literature,Dostoevsky,Tolstoy,neither
qwen2_5_3b_instruct,naturalistic_rag,p_f19aebeecb,fact_cfa574c278,literature,Virgil,Homer,no_context_single_token
qwen2_5_3b_instruct,naturalistic_rag,p_7e98849801,fact_1ca6d99e0a,literature,Virgil,Homer,no_context_single_token
qwen2_5_3b_instruct,naturalistic_rag,p_5b84562a5f,fact_a321408331,literature,Petrarch,Dante Alighieri,neither
qwen2_5_3b_instruct,naturalistic_rag,p_2bb465abe8,fact_9721d32e7f,literature,Schiller,Goethe,neither
qwen2_5_3b_instruct,naturalistic_rag,p_bea57cd269,fact_d743e9af44,literature,John Lydgate,Geoffrey Chaucer,neither
qwen2_5_3b_instruct,naturalistic_rag,p_30b3d0a491,fact_88e56ada95,literature,John Dryden,John Milton,neither
qwen2_5_3b_instruct,naturalistic_rag,p_36c7bc5490,fact_0af5a11ed5,literature,Christopher Marlowe,Shakespeare,no_context_single_token
qwen2_5_3b_instruct,naturalistic_rag,p_da38fc7427,fact_86e8d0f6ff,literature,Ben Jonson,Shakespeare,no_context_single_token
qwen2_5_3b_instruct,naturalistic_rag,p_b04460fcff,fact_fe6feec206,literature,Christopher Marlowe,Shakespeare,no_context_single_token
qwen2_5_3b_instruct,naturalistic_rag,p_90086a5e5e,fact_38fc4eab32,literature,Francis Bacon,Shakespeare,no_context_single_token
qwen2_5_3b_instruct,naturalistic_rag,p_5762c8a13f,fact_c3d173e776,literature,Herman Melville,Nathaniel Hawthorne,neither
qwen2_5_3b_instruct,naturalistic_rag,p_851a00fdc1,fact_5d86fdb619,literature,Edgar Allan Poe,Mark Twain,neither
qwen2_5_3b_instruct,naturalistic_rag,p_bcf1ffa08f,fact_2e584929ec,literature,Mark Twain,Edgar Allan Poe,neither
qwen2_5_3b_instruct,naturalistic_rag,p_da9e2c6573,fact_e66f895447,literature,Bram Stoker,Mary Shelley,neither
qwen2_5_3b_instruct,naturalistic_rag,p_3d0f158ae6,fact_fafef090c7,literature,Mary Shelley,Bram Stoker,neither
qwen2_5_3b_instruct,naturalistic_rag,p_efaf7b08dd,fact_75b6ebd34f,literature,George Bernard Shaw,Oscar Wilde,neither
qwen2_5_3b_instruct,naturalistic_rag,p_46aba8afe2,fact_867e3d97a5,literature,Oscar Wilde,George Bernard Shaw,neither
qwen2_5_3b_instruct,naturalistic_rag,p_f0f4415b04,fact_c5ec3ad503,music,woodwind,string,no_context_single_token
qwen2_5_3b_instruct,naturalistic_rag,p_0edc788158,fact_d808853248,music,woodwind,string,no_context_single_token
qwen2_5_3b_instruct,naturalistic_rag,p_1b83a492fd,fact_eb6322c411,music,string,woodwind,no_memory_single_token
qwen2_5_3b_instruct,naturalistic_rag,p_a44ea0bc16,fact_3324e476ca,music,brass,woodwind,no_memory_single_token
qwen2_5_3b_instruct,naturalistic_rag,p_1de80d6a59,fact_a3733e10c2,music,brass,woodwind,no_memory_single_token
qwen2_5_3b_instruct,naturalistic_rag,p_659df82dfd,fact_43ff18bde4,music,brass,woodwind,no_memory_single_token
qwen2_5_3b_instruct,naturalistic_rag,p_6b83d5aba9,fact_42a20f452f,music,brass,woodwind,no_memory_single_token
qwen2_5_3b_instruct,naturalistic_rag,p_db69791f16,fact_27557e6137,music,woodwind,brass,no_context_single_token
qwen2_5_3b_instruct,naturalistic_rag,p_0f7431f1d6,fact_6ecf413253,music,woodwind,brass,no_context_single_token
qwen2_5_3b_instruct,naturalistic_rag,p_4a30df28b5,fact_17f3853a94,music,woodwind,brass,no_context_single_token
qwen2_5_3b_instruct,naturalistic_rag,p_0b8328224f,fact_735c2eed94,music,woodwind,percussion,no_context_single_token
qwen2_5_3b_instruct,naturalistic_rag,p_b98fb89fa7,fact_50deb00e5f,music,woodwind,string,no_context_single_token
qwen2_5_3b_instruct,naturalistic_rag,p_0445c36f9a,fact_0ae22aa1ec,music,woodwind,string,no_context_single_token
qwen2_5_3b_instruct,naturalistic_rag,p_7ba9b841cc,fact_0e9dde73b9,music,woodwind,string,no_context_single_token
qwen2_5_3b_instruct,naturalistic_rag,p_3cdae6a3c9,fact_c07f6eb419,mathematics,24,25,neither
qwen2_5_3b_instruct,naturalistic_rag,p_64dfaf96fa,fact_69de6fd3ae,mathematics,54,56,neither
qwen2_5_3b_instruct,naturalistic_rag,p_79d2497b3b,fact_5f8e86fabb,mathematics,80,81,neither
qwen2_5_3b_instruct,naturalistic_rag,p_01b0ef2ab6,fact_cb2d2e91eb,mathematics,145,144,neither
qwen2_5_3b_instruct,naturalistic_rag,p_1f8a491705,fact_a197c45de5,mathematics,512,256,neither
qwen2_5_3b_instruct,naturalistic_rag,p_f0c624eab9,fact_ce6f97489b,mathematics,512,1024,neither
qwen2_5_3b_instruct,naturalistic_rag,p_d79445020b,fact_8c926fc1bd,mathematics,11,12,neither
qwen2_5_3b_instruct,naturalistic_rag,p_8fb8993e1e,fact_4d5af79c4e,mathematics,100,120,neither
qwen2_5_3b_instruct,naturalistic_rag,p_dac25e8b3d,fact_bccde82503,mathematics,20,24,neither
qwen2_5_3b_instruct,naturalistic_rag,p_a3c934d1f6,fact_87f0b7b0aa,mathematics,3.16,3.14,neither
qwen2_5_3b_instruct,naturalistic_rag,p_d502b6ed1a,fact_4ee49464f9,mathematics,45,90,neither
qwen2_5_3b_instruct,naturalistic_rag,p_5ebd4a6fde,fact_b6ec3374ba,mathematics,360,180,neither
qwen2_5_3b_instruct,naturalistic_rag,p_e60e95befe,fact_1354756506,mathematics,180,360,neither
qwen2_5_3b_instruct,naturalistic_rag,p_ec782ccd13,fact_b830604e86,mathematics,360,180,neither
qwen2_5_3b_instruct,naturalistic_rag,p_2353cbc4ef,fact_83e5330282,mathematics,180,360,neither
qwen2_5_3b_instruct,naturalistic_rag,p_cde26e7500,fact_fb36e1341a,biology,48,46,neither
qwen2_5_3b_instruct,naturalistic_rag,p_fa9cb35f78,fact_92cbeb1ccc,biology,76,78,neither
qwen2_5_3b_instruct,naturalistic_rag,p_49bd55b20e,fact_e5e0df5e29,biology,36,38,neither
qwen2_5_3b_instruct,naturalistic_rag,p_3e4d0b9da6,fact_ebaae32223,biology,62,64,neither
qwen2_5_3b_instruct,naturalistic_rag,p_53f5109eaf,fact_7459b6df2f,biology,46,48,neither
qwen2_5_3b_instruct,naturalistic_rag,p_629ca9d40b,fact_abb3fbb79e,biology,10,8,no_context_single_token
qwen2_5_3b_instruct,naturalistic_rag,p_eb4ff1d1b7,fact_b489166d56,biology,76,78,neither
qwen2_5_3b_instruct,naturalistic_rag,p_f7a733d058,fact_de913ff24f,biology,46,48,neither
qwen2_5_3b_instruct,naturalistic_rag,p_a578c30314,fact_bd47cf34ba,biology,retinol,ascorbic acid,neither
qwen2_5_3b_instruct,naturalistic_rag,p_22e95c9ef4,fact_c608fad484,biology,ascorbic acid,retinol,neither
qwen2_5_3b_instruct,naturalistic_rag,p_25519505ca,fact_fba410bfb9,biology,calciferol,cholecalciferol,neither
qwen2_5_3b_instruct,naturalistic_rag,p_070b6c9b3c,fact_0a64f74c8f,biology,biotin,cobalamin,neither
qwen2_5_3b_instruct,naturalistic_rag,p_6fce1cb683,fact_8196f397ca,biology,tocopherol,phylloquinone,neither
qwen2_5_3b_instruct,naturalistic_rag,p_009cb3c04a,fact_71d502cd12,biology,phylloquinone,tocopherol,neither
qwen2_5_3b_instruct,naturalistic_rag,p_da6a278f5e,fact_80c1f0b60e,biology,riboflavin,thiamine,neither
qwen2_5_3b_instruct,naturalistic_rag,p_1d18416b4b,fact_81491497cf,biology,thiamine,riboflavin,neither
qwen2_5_3b_instruct,naturalistic_rag,p_1f9e79dcf7,fact_b03f402e98,biology,riboflavin,niacin,neither
qwen2_5_3b_instruct,naturalistic_rag,p_68a7ada6d3,fact_b76964213e,biology,niacin,folate,neither
qwen2_5_3b_instruct,naturalistic_rag,p_e2fd8b6147,fact_ed29491528,physics,condensation,evaporation,neither
qwen2_5_3b_instruct,naturalistic_rag,p_0ee8787396,fact_8b5f90d1c9,physics,evaporation,condensation,neither
qwen2_5_3b_instruct,naturalistic_rag,p_932305e9bc,fact_75d16ff435,physics,deposition,sublimation,no_memory_single_token
qwen2_5_3b_instruct,naturalistic_rag,p_3d3f905f9c,fact_bf724e5a57,physics,sublimation,deposition,no_context_single_token
qwen2_5_3b_instruct,naturalistic_rag,p_ce1b965682,fact_ca95666daf,chemistry,H2SO4,HCl,neither
qwen2_5_3b_instruct,naturalistic_rag,p_ba79879520,fact_5a1fe168b0,chemistry,HCl,H2SO4,neither
qwen2_5_3b_instruct,naturalistic_rag,p_5851173497,fact_95c0ff4641,chemistry,HCl,HNO3,neither
qwen2_5_3b_instruct,naturalistic_rag,p_81bfc4d30a,fact_d088c2a623,chemistry,HNO3,CH3COOH,neither
qwen2_5_3b_instruct,naturalistic_rag,p_b5f4b04f67,fact_ec36ddae7a,chemistry,KOH,NaOH,neither
qwen2_5_3b_instruct,naturalistic_rag,p_1e9b05374f,fact_2bfb0aed37,chemistry,NaOH,KOH,neither
qwen2_5_3b_instruct,naturalistic_rag,p_85c6340245,fact_e7a1d2e24e,chemistry,NaOH,NH3,neither
qwen2_5_3b_instruct,naturalistic_rag,p_aa5ec5a3bf,fact_cbc9571a4c,chemistry,HCl,H2CO3,neither
qwen2_5_3b_instruct,naturalistic_rag,p_365c24a18e,fact_457b2a7392,sports,Sao Paulo,Rio de Janeiro,neither
qwen2_5_3b_instruct,naturalistic_rag,p_2e9314e95c,fact_b1d3a409a6,sports,Thessaloniki,Athens,no_context_single_token
qwen2_5_3b_instruct,naturalistic_rag,p_c866f00e02,fact_deefb0c535,sports,Pyeongchang,Beijing,no_context_single_token
qwen2_5_3b_instruct,naturalistic_rag,p_7e358b8572,fact_bd863ad39d,sports,Sochi,Pyeongchang,neither
qwen2_5_3b_instruct,naturalistic_rag,p_cd3e3fe43a,fact_919cef6807,sports,Vancouver,Sochi,no_memory_single_token
qwen2_5_3b_instruct,naturalistic_rag,p_3705464ebd,fact_7b28167dc6,sports,Argentina,West Germany,no_memory_single_token
qwen2_5_3b_instruct,naturalistic_rag,p_be2f300a34,fact_fa8aa8c110,sports,West Germany,Argentina,no_context_single_token
qwen2_5_3b_instruct,naturalistic_rag,p_73e4c0c45a,fact_6d0e60e066,sports,10,11,neither
qwen2_5_3b_instruct,naturalistic_rag,p_3e80934716,fact_408ea5ffb4,sports,10,11,neither
qwen2_5_3b_instruct,naturalistic_rag,p_41d6a24229,fact_6caf6e61a1,sports,13,15,neither
qwen2_5_3b_instruct,naturalistic_rag,p_d30a496ec9,fact_4ec452c94c,sports,15,13,neither
qwen2_5_3b_instruct,naturalistic_rag,p_5f55bea593,fact_1d35b0d1bb,sports,12,11,neither
qwen2_5_3b_instruct,naturalistic_rag,p_6635a3d0b1,fact_76fdf8a30d,geography,South America,Africa,no_context_single_token
qwen2_5_3b_instruct,naturalistic_rag,p_c22993f7f5,fact_e74e55eed6,geography,Africa,South America,no_memory_single_token
qwen2_5_3b_instruct,naturalistic_rag,p_4a8dc2c499,fact_2794b29d74,geography,South America,North America,neither
qwen2_5_3b_instruct,naturalistic_rag,p_9aef2f4f91,fact_5b5639b023,geography,8800,8849,neither
qwen2_5_3b_instruct,naturalistic_rag,p_ca7d78b144,fact_3f98b1dbf9,geography,8500,8611,neither
qwen2_5_3b_instruct,naturalistic_rag,p_1e11755425,fact_dd0323f495,geography,8500,8586,neither
qwen2_5_3b_instruct,naturalistic_rag,p_6e2c64ba2c,fact_7736e511d8,geography,8400,8516,neither
qwen2_5_3b_instruct,naturalistic_rag,p_abe47dace8,fact_82717fd9d3,geography,8400,8485,neither
qwen2_5_3b_instruct,naturalistic_rag,p_33a13e9e24,fact_4986e8c5bb,geography,8100,8188,neither
qwen2_5_3b_instruct,naturalistic_rag,p_a749892b86,fact_b477a66807,geography,8100,8167,neither
qwen2_5_3b_instruct,naturalistic_rag,p_63d029aa58,fact_c65f47acb4,geography,8100,8163,neither
qwen2_5_3b_instruct,naturalistic_rag,p_14a003b466,fact_821594db29,geography,second largest,largest,no_context_single_token
qwen2_5_3b_instruct,naturalistic_rag,p_33bc5960ad,fact_7fd8c7505c,geography,largest,second largest,no_memory_single_token
qwen2_5_3b_instruct,naturalistic_rag,p_cb8e2efdaf,fact_0a3330ae4f,geography,second largest,third largest,neither
qwen2_5_3b_instruct,naturalistic_rag,p_82b888f2ac,fact_75e76d281e,geography,second smallest,smallest,no_context_single_token
qwen2_5_3b_instruct,naturalistic_rag,p_2c80eef8d1,fact_3002f6dd8f,geography,South America,North America,neither
qwen2_5_3b_instruct,naturalistic_rag,p_d4ef6b089a,fact_fabe8187a5,geography,North America,South America,neither
qwen2_5_3b_instruct,naturalistic_rag,p_04628dcff5,fact_02351e7b87,geography,North America,South America,neither
qwen2_5_1_5b_instruct,explicit_context,p_2dc8bc7d91,fact_50f768a4d5,geography,Rio,Brasilia,no_memory_single_token
qwen2_5_1_5b_instruct,explicit_context,p_1375c7611b,fact_18aa9e9202,geography,Mumbai,New Delhi,no_memory_single_token
qwen2_5_1_5b_instruct,explicit_context,p_cc95a9a820,fact_ca64e96245,geography,St Petersburg,Moscow,no_context_single_token
qwen2_5_1_5b_instruct,explicit_context,p_ff12b8106b,fact_2874804b8c,geography,Cancun,Mexico City,neither
qwen2_5_1_5b_instruct,explicit_context,p_cdd4a0f409,fact_286046a449,geography,Cape Town,Pretoria,neither
qwen2_5_1_5b_instruct,explicit_context,p_86973b951d,fact_44005944e3,geography,Cordoba,Buenos Aires,neither
qwen2_5_1_5b_instruct,explicit_context,p_15afdfef1e,fact_2617dd9d80,geography,Cusco,Lima,no_context_single_token
qwen2_5_1_5b_instruct,explicit_context,p_516cfc4386,fact_0222835aa1,geography,Medellin,Bogota,neither
qwen2_5_1_5b_instruct,explicit_context,p_4588f149df,fact_ec31e79d2e,geography,Valparaiso,Santiago,no_context_single_token
qwen2_5_1_5b_instruct,explicit_context,p_7b16cd4a1d,fact_650f37efb4,geography,Isfahan,Tehran,no_context_single_token
qwen2_5_1_5b_instruct,explicit_context,p_cbc37ba64e,fact_038c326d27,geography,Basra,Baghdad,no_context_single_token
qwen2_5_1_5b_instruct,explicit_context,p_31b0ba6207,fact_69609ac68d,geography,Jeddah,Riyadh,no_context_single_token
qwen2_5_1_5b_instruct,explicit_context,p_fdd856d81c,fact_875fda5014,geography,Tel Aviv,Jerusalem,no_context_single_token
qwen2_5_1_5b_instruct,explicit_context,p_7a04fb84f4,fact_f5e4bfa6f2,geography,Thessaloniki,Athens,no_context_single_token
qwen2_5_1_5b_instruct,explicit_context,p_bdd1737968,fact_14ff40da97,geography,Gothenburg,Stockholm,no_context_single_token
qwen2_5_1_5b_instruct,explicit_context,p_57b3d147dd,fact_8374cc6152,geography,Tampere,Helsinki,no_context_single_token
qwen2_5_1_5b_instruct,explicit_context,p_14153de1e1,fact_dc899c066d,geography,Aarhus,Copenhagen,no_context_single_token
qwen2_5_1_5b_instruct,explicit_context,p_9ff453d2ae,fact_c6f2f1741c,geography,Krakow,Warsaw,no_context_single_token
qwen2_5_1_5b_instruct,explicit_context,p_3cd47fbf83,fact_4eed072e0a,geography,Lviv,Kyiv,neither
qwen2_5_1_5b_instruct,explicit_context,p_538036a53e,fact_1c83d19930,geography,Cluj,Bucharest,neither
qwen2_5_1_5b_instruct,explicit_context,p_a5af58ebe2,fact_7c6956c666,geography,Debrecen,Budapest,no_context_single_token
qwen2_5_1_5b_instruct,explicit_context,p_a5ba5423f7,fact_635a00293d,geography,Antwerp,Brussels,no_context_single_token
qwen2_5_1_5b_instruct,explicit_context,p_ee39d5321e,fact_a5fe058fe7,geography,Phuket,Bangkok,no_context_single_token
qwen2_5_1_5b_instruct,explicit_context,p_756f7aee78,fact_4bbeadf6ad,geography,Saigon,Hanoi,neither
qwen2_5_1_5b_instruct,explicit_context,p_e62ef8e00f,fact_a235a13cfc,geography,Cebu,Manila,no_context_single_token
qwen2_5_1_5b_instruct,explicit_context,p_c3a1a22ff5,fact_7b0d3cbc7d,geography,Penang,Kuala Lumpur,neither
qwen2_5_1_5b_instruct,explicit_context,p_5bf180ce76,fact_76fd43d9a1,geography,Busan,Seoul,no_context_single_token
qwen2_5_1_5b_instruct,explicit_context,p_4330eac52f,fact_c53d00f125,geography,Mombasa,Nairobi,no_context_single_token
qwen2_5_1_5b_instruct,explicit_context,p_235137f9e1,fact_7da9e1a49d,geography,Lagos,Abuja,no_memory_single_token
qwen2_5_1_5b_instruct,explicit_context,p_871e376bda,fact_43a61a9717,geography,Casablanca,Rabat,neither
qwen2_5_1_5b_instruct,explicit_context,p_2ad23fbaf2,fact_d1a7ba5a02,geography,Nairobi,Addis Ababa,no_memory_single_token
qwen2_5_1_5b_instruct,explicit_context,p_a546731285,fact_4ac8a5d8a6,geography,Kumasi,Accra,neither
qwen2_5_1_5b_instruct,explicit_context,p_51aeaa32f0,fact_a08651e3a6,geography,Chittagong,Dhaka,neither
qwen2_5_1_5b_instruct,explicit_context,p_ce579d8c64,fact_69259664b6,geography,Colombo,Sri Jayawardenepura Kotte,neither
qwen2_5_1_5b_instruct,explicit_context,p_8930cf9c15,fact_0c5ef66604,geography,Los Angeles,Sacramento,no_context_single_token
qwen2_5_1_5b_instruct,explicit_context,p_3f10175b65,fact_b5dacf01fb,geography,Miami,Tallahassee,no_memory_single_token
qwen2_5_1_5b_instruct,explicit_context,p_7b341b5bea,fact_12c37a2b97,geography,New York City,Albany,no_context_single_token
qwen2_5_1_5b_instruct,explicit_context,p_cc0d2a03b7,fact_7f94c6b033,geography,Philadelphia,Harrisburg,no_memory_single_token
qwen2_5_1_5b_instruct,explicit_context,p_fa9190fb19,fact_e11e5bad57,geography,Las Vegas,Carson City,neither
qwen2_5_1_5b_instruct,explicit_context,p_adb6e13cc7,fact_67f1571903,geography,Baltimore,Annapolis,no_memory_single_token
qwen2_5_1_5b_instruct,explicit_context,p_146f5f1a81,fact_c4dbfabb88,geography,Minneapolis,Saint Paul,no_memory_single_token
qwen2_5_1_5b_instruct,explicit_context,p_e5ceec4ad9,fact_ad986f03e1,geography,New Orleans,Baton Rouge,neither
qwen2_5_1_5b_instruct,explicit_context,p_9b591f1efa,fact_90c385f2dc,geography,Louisville,Frankfort,no_memory_single_token
qwen2_5_1_5b_instruct,explicit_context,p_301defe7e8,fact_18b6eda606,geography,New Haven,Hartford,no_context_single_token
qwen2_5_1_5b_instruct,explicit_context,p_a427c1d868,fact_39cee6bcd6,geography,Provo,Salt Lake City,neither
qwen2_5_1_5b_instruct,explicit_context,p_5284dcae42,fact_23011915f5,geography,Cedar Rapids,Des Moines,neither
qwen2_5_1_5b_instruct,explicit_context,p_7d105aac52,fact_57d9029279,geography,Biloxi,Jackson,no_context_single_token
qwen2_5_1_5b_instruct,explicit_context,p_40d0a650b9,fact_204e343618,geography,Wichita,Topeka,no_memory_single_token
qwen2_5_1_5b_instruct,explicit_context,p_a612f3770c,fact_2b97c29591,geography,Nampa,Boise,no_context_single_token
qwen2_5_1_5b_instruct,explicit_context,p_31d7e737ce,fact_8fcae9fadc,geography,Hilo,Honolulu,no_context_single_token
qwen2_5_1_5b_instruct,explicit_context,p_69621c65c4,fact_51830d1683,geography,Anchorage,Juneau,neither
qwen2_5_1_5b_instruct,explicit_context,p_eda38a4f3b,fact_8b142e6764,geography,Billings,Helena,no_context_single_token
qwen2_5_1_5b_instruct,explicit_context,p_2547687bf3,fact_6d1a9d7a60,geography,Burlington,Montpelier,no_memory_single_token
qwen2_5_1_5b_instruct,explicit_context,p_09cdffbf8b,fact_252cbea80e,geography,Casper,Cheyenne,neither
qwen2_5_1_5b_instruct,explicit_context,p_8791f18b09,fact_1c182617ac,geography,Fargo,Bismarck,no_memory_single_token
qwen2_5_1_5b_instruct,explicit_context,p_b7529e1829,fact_9cf484fbad,geography,Sioux Falls,Pierre,no_context_single_token
qwen2_5_1_5b_instruct,explicit_context,p_24783a16f3,fact_d74971e01c,geography,peso,rupee,no_memory_single_token
qwen2_5_1_5b_instruct,explicit_context,p_14a3b83cbd,fact_5593c8294f,geography,euro,ruble,no_memory_single_token
qwen2_5_1_5b_instruct,explicit_context,p_6dd932f40b,fact_ecd7399509,geography,euro,krona,no_memory_single_token
qwen2_5_1_5b_instruct,explicit_context,p_d02417e01d,fact_ec84017d27,geography,euro,krone,no_memory_single_token
qwen2_5_1_5b_instruct,explicit_context,p_286e6defa5,fact_522a0f0048,geography,dirham,riyal,neither
qwen2_5_1_5b_instruct,explicit_context,p_6ed1919094,fact_24c47ff7c5,geography,riyal,dirham,neither
qwen2_5_1_5b_instruct,explicit_context,p_76c63e4c0d,fact_6a864232a1,chemistry,12,11,neither
qwen2_5_1_5b_instruct,explicit_context,p_5c133f1e32,fact_bb0e3ef7c1,chemistry,16,15,neither
qwen2_5_1_5b_instruct,explicit_context,p_06543d7cbd,fact_2fad0b0703,chemistry,15,16,neither
qwen2_5_1_5b_instruct,explicit_context,p_02e3001b63,fact_2604b685fa,chemistry,18,17,neither
qwen2_5_1_5b_instruct,explicit_context,p_52e65b79c8,fact_d25769596a,chemistry,20,19,neither
qwen2_5_1_5b_instruct,explicit_context,p_2c0609055b,fact_da10d5a901,chemistry,19,20,neither
qwen2_5_1_5b_instruct,explicit_context,p_8da1a2d776,fact_b5d325043b,chemistry,27,26,neither
qwen2_5_1_5b_instruct,explicit_context,p_a5985a5eb4,fact_29a641a459,chemistry,30,29,neither
qwen2_5_1_5b_instruct,explicit_context,p_4e5a661e61,fact_9c9a2e4da3,chemistry,29,30,neither
qwen2_5_1_5b_instruct,explicit_context,p_1e8cc61633,fact_c43e1459a6,chemistry,48,47,neither
qwen2_5_1_5b_instruct,explicit_context,p_d4e18dbc0a,fact_0b868e4408,chemistry,80,79,neither
qwen2_5_1_5b_instruct,explicit_context,p_df62524ec4,fact_cbc55e7f44,chemistry,81,82,neither
qwen2_5_1_5b_instruct,explicit_context,p_8e19d14623,fact_08eccaf034,chemistry,91,92,neither
qwen2_5_1_5b_instruct,explicit_context,p_8b641586f3,fact_8f6079efd0,chemistry,10,9,no_context_single_token
qwen2_5_1_5b_instruct,explicit_context,p_d19e7135e6,fact_a6120a2c95,chemistry,9,10,no_memory_single_token
qwen2_5_1_5b_instruct,explicit_context,p_fa0e4cadf1,fact_091f43d021,chemistry,14,13,neither
qwen2_5_1_5b_instruct,explicit_context,p_a4213ba9ea,fact_02df6b17bd,chemistry,13,14,neither
qwen2_5_1_5b_instruct,explicit_context,p_f303818d54,fact_5c0dc7c4c5,chemistry,17,18,neither
qwen2_5_1_5b_instruct,explicit_context,p_e2019b35f9,fact_c8249fcab8,chemistry,23,22,neither
qwen2_5_1_5b_instruct,explicit_context,p_cd3cf5ca1a,fact_a4be9609ed,chemistry,25,24,neither
qwen2_5_1_5b_instruct,explicit_context,p_80ea4bd79c,fact_7e9552185f,chemistry,24,25,neither
qwen2_5_1_5b_instruct,explicit_context,p_ae72806340,fact_06db44d557,chemistry,28,27,neither
qwen2_5_1_5b_instruct,explicit_context,p_0af729dc0d,fact_7c8ef8f074,chemistry,27,28,neither
qwen2_5_1_5b_instruct,explicit_context,p_048bdc89d7,fact_7989d46bd5,chemistry,36,35,neither
qwen2_5_1_5b_instruct,explicit_context,p_595518dc2c,fact_fef8128d0d,chemistry,90,100,neither
qwen2_5_1_5b_instruct,explicit_context,p_bc1bf791b2,fact_8a94d9d5cc,chemistry,80,78,neither
qwen2_5_1_5b_instruct,explicit_context,p_d9d0b2662a,fact_95d3459c6f,chemistry,-200,-196,neither
qwen2_5_1_5b_instruct,explicit_context,p_10f0ae4ee9,fact_fe677d97b8,chemistry,-180,-183,neither
qwen2_5_1_5b_instruct,explicit_context,p_3f77fa519d,fact_8f256de3b3,chemistry,3000,2862,neither
qwen2_5_1_5b_instruct,explicit_context,p_6a8766aaed,fact_d088f13b9f,chemistry,3000,2856,neither
qwen2_5_1_5b_instruct,explicit_context,p_e9cc71df1b,fact_78050045a0,chemistry,2500,2562,neither
qwen2_5_1_5b_instruct,explicit_context,p_d0db32aa9e,fact_b71dc5a415,chemistry,1700,1749,neither
qwen2_5_1_5b_instruct,explicit_context,p_a9349f3413,fact_f1d21d7d3f,chemistry,2200,2162,neither
qwen2_5_1_5b_instruct,explicit_context,p_704a568381,fact_f59785647d,chemistry,-250,-253,neither
qwen2_5_1_5b_instruct,explicit_context,p_78e025b4bb,fact_e9a1aeb387,chemistry,-270,-269,neither
qwen2_5_1_5b_instruct,explicit_context,p_2073e09d8a,fact_0de3017cd4,chemistry,100,78,neither
qwen2_5_1_5b_instruct,explicit_context,p_5ab88da2df,fact_7c23c9f721,astronomy,80,95,neither
qwen2_5_1_5b_instruct,explicit_context,p_a96406567e,fact_3b24ebd9f0,astronomy,130,146,neither
qwen2_5_1_5b_instruct,explicit_context,p_2688b13c1e,fact_da8e8fbaf5,astronomy,20,28,neither
qwen2_5_1_5b_instruct,explicit_context,p_b8163be75d,fact_98766b58a5,astronomy,20,16,neither
qwen2_5_1_5b_instruct,explicit_context,p_ea334e72ad,fact_4728a74172,astronomy,planet,dwarf planet,no_memory_single_token
qwen2_5_1_5b_instruct,explicit_context,p_b387921cbb,fact_687e3cfc53,astronomy,nebula,galaxy,no_context_single_token
qwen2_5_1_5b_instruct,explicit_context,p_561ccd320d,fact_01e7906f85,astronomy,artificial satellite,natural satellite,neither
qwen2_5_1_5b_instruct,explicit_context,p_69c416217b,fact_c9a31e611a,biology,flock,gaggle,no_memory_single_token
qwen2_5_1_5b_instruct,explicit_context,p_42663b2ab0,fact_2513c2338c,biology,flock,flamboyance,no_memory_single_token
qwen2_5_1_5b_instruct,explicit_context,p_a3e422849e,fact_f11a277a8a,biology,8,10,no_memory_single_token
qwen2_5_1_5b_instruct,explicit_context,p_3da5a95eb7,fact_de0e9f2f76,biology,10,8,no_context_single_token
qwen2_5_1_5b_instruct,explicit_context,p_24796df08f,fact_35833bcc4a,biology,8,10,no_memory_single_token
qwen2_5_1_5b_instruct,explicit_context,p_e503f6593d,fact_f60c2021fa,biology,bird,mammal,no_memory_single_token
qwen2_5_1_5b_instruct,explicit_context,p_0bf82dfc5b,fact_2cb53d8be2,biology,fish,mammal,no_memory_single_token
qwen2_5_1_5b_instruct,explicit_context,p_f9cb1b88bb,fact_3188c3d1ae,biology,fish,mammal,no_memory_single_token
qwen2_5_1_5b_instruct,explicit_context,p_139a056026,fact_85087344ba,biology,reptile,mammal,neither
qwen2_5_1_5b_instruct,explicit_context,p_930943d4ff,fact_0de2dcf992,biology,reptile,amphibian,neither
qwen2_5_1_5b_instruct,explicit_context,p_141a94eb98,fact_308c87aed8,biology,amphibian,reptile,neither
qwen2_5_1_5b_instruct,explicit_context,p_68f74d0eb6,fact_867d11dfe7,biology,reptile,amphibian,neither
qwen2_5_1_5b_instruct,explicit_context,p_ef9a6f9639,fact_180a275f41,biology,mammal,fish,no_context_single_token
qwen2_5_1_5b_instruct,explicit_context,p_4c33ac3c7a,fact_10d2374984,biology,amphibian,reptile,neither
qwen2_5_1_5b_instruct,explicit_context,p_e35ab32b84,fact_8959016b9c,biology,mammal,fish,no_context_single_token
qwen2_5_1_5b_instruct,explicit_context,p_39b09321a1,fact_7b587f2129,biology,fish,invertebrate,no_memory_single_token
qwen2_5_1_5b_instruct,explicit_context,p_49ff4958e3,fact_7edffb20d1,biology,fish,crustacean,no_memory_single_token
qwen2_5_1_5b_instruct,explicit_context,p_1664d09f9e,fact_30bdbc5bc3,biology,insect,mollusk,no_memory_single_token
qwen2_5_1_5b_instruct,explicit_context,p_4416d38657,fact_ffdca41653,biology,insect,annelid,no_memory_single_token
qwen2_5_1_5b_instruct,explicit_context,p_5c160a2266,fact_69f6727917,biology,100,120,neither
qwen2_5_1_5b_instruct,explicit_context,p_c21be1a1a1,fact_e7e7b24423,biology,300,389,neither
qwen2_5_1_5b_instruct,explicit_context,p_737a3fabd6,fact_b2e155ca4c,biology,70,80,neither
qwen2_5_1_5b_instruct,explicit_context,p_9681a14276,fact_e6d18fe474,biology,70,88,neither
qwen2_5_1_5b_instruct,explicit_context,p_c8a7a4c2fe,fact_6e1b1677c3,biology,60,70,neither
qwen2_5_1_5b_instruct,explicit_context,p_b2cbc1e342,fact_50167cdb92,biology,40,56,neither
qwen2_5_1_5b_instruct,explicit_context,p_3fadee2539,fact_dda56837f8,biology,50,40,neither
qwen2_5_1_5b_instruct,explicit_context,p_d4800416b2,fact_aaf40f91bc,physics,Joule,Newton,no_context_single_token
qwen2_5_1_5b_instruct,explicit_context,p_9df0c7b1dc,fact_a98b348240,physics,Watt,Joule,no_memory_single_token
qwen2_5_1_5b_instruct,explicit_context,p_c96c8bb4f1,fact_4db8c24955,physics,Joule,Watt,no_context_single_token
qwen2_5_1_5b_instruct,explicit_context,p_605b4a3538,fact_9dc297664d,physics,Watt,Hertz,no_memory_single_token
qwen2_5_1_5b_instruct,explicit_context,p_0fccfe2572,fact_83b7bbe8f6,physics,Volt,Ampere,no_memory_single_token
qwen2_5_1_5b_instruct,explicit_context,p_d1b2da1420,fact_eee51a6fcf,physics,Ampere,Volt,no_context_single_token
qwen2_5_1_5b_instruct,explicit_context,p_dfcc379a2f,fact_92f10dde6d,physics,Volt,Ohm,no_memory_single_token
qwen2_5_1_5b_instruct,explicit_context,p_1100328aa8,fact_0df87ca473,physics,Ohm,Farad,neither
qwen2_5_1_5b_instruct,explicit_context,p_694b55db5b,fact_e98ce0fd89,physics,Lumen,Candela,neither
qwen2_5_1_5b_instruct,explicit_context,p_6731fc6f2a,fact_33f052cfec,physics,Curie,Becquerel,neither
qwen2_5_1_5b_instruct,explicit_context,p_b89d4719a2,fact_17e6fa8431,physics,Sievert,Gray,no_context_single_token
qwen2_5_1_5b_instruct,explicit_context,p_13541e2ec6,fact_4c8aeef5e5,physics,Farad,Henry,no_context_single_token
qwen2_5_1_5b_instruct,explicit_context,p_4efa346533,fact_fc2027e8bc,physics,F=mv,F=ma,neither
qwen2_5_1_5b_instruct,explicit_context,p_2e99c5b286,fact_9ee0a1b3e7,physics,300000000,299792458,neither
qwen2_5_1_5b_instruct,explicit_context,p_cd844f7d57,fact_88c63537c8,physics,6.626e-32,6.626e-34,neither
qwen2_5_1_5b_instruct,explicit_context,p_d049f689c6,fact_56787410b6,history,1778,1776,neither
qwen2_5_1_5b_instruct,explicit_context,p_6d62e17575,fact_a9f44e0d47,history,1791,1789,neither
qwen2_5_1_5b_instruct,explicit_context,p_03cbf70b15,fact_8001ff34f9,history,1916,1914,neither
qwen2_5_1_5b_instruct,explicit_context,p_19552084ed,fact_ec6140dd2c,history,1919,1918,neither
qwen2_5_1_5b_instruct,explicit_context,p_97df9a1250,fact_ac8d5d6d7d,history,1940,1939,neither
qwen2_5_1_5b_instruct,explicit_context,p_1ca5d4795e,fact_4cf2c8f74b,history,1946,1945,neither
qwen2_5_1_5b_instruct,explicit_context,p_30fdbc4114,fact_88e1aaaf92,history,1970,1969,neither
qwen2_5_1_5b_instruct,explicit_context,p_aa0982ff12,fact_def1984e62,history,1990,1989,neither
qwen2_5_1_5b_instruct,explicit_context,p_e63de67fcb,fact_1f0b7c83f2,history,1963,1961,neither
qwen2_5_1_5b_instruct,explicit_context,p_70c12e7ae7,fact_79f60faa27,history,1955,1953,neither
qwen2_5_1_5b_instruct,explicit_context,p_749aab1b01,fact_9f33a3cda8,history,1907,1905,neither
qwen2_5_1_5b_instruct,explicit_context,p_e469832a11,fact_1f407179eb,history,1930,1928,neither
qwen2_5_1_5b_instruct,explicit_context,p_c382cd5ec7,fact_28bf618b1f,history,1494,1492,neither
qwen2_5_1_5b_instruct,explicit_context,p_51669d7fed,fact_3124bfa91d,history,1905,1903,neither
qwen2_5_1_5b_instruct,explicit_context,p_0714906f99,fact_011b861fb3,history,1959,1957,neither
qwen2_5_1_5b_instruct,explicit_context,p_983fc0a901,fact_52c8794331,history,1866,1865,neither
qwen2_5_1_5b_instruct,explicit_context,p_ba3b3c2e90,fact_cbcb55107d,history,1918,1917,neither
qwen2_5_1_5b_instruct,explicit_context,p_ce88d1b684,fact_6128e90655,history,1800,1799,neither
qwen2_5_1_5b_instruct,explicit_context,p_ed40bd7c55,fact_57918bb58a,history,1816,1815,neither
qwen2_5_1_5b_instruct,explicit_context,p_5a1ef032b6,fact_ce46388c3b,history,1217,1215,neither
qwen2_5_1_5b_instruct,explicit_context,p_54bc2fdae7,fact_6cf5527831,history,15,16,neither
qwen2_5_1_5b_instruct,explicit_context,p_debde03358,fact_a87645d8ed,history,27,26,neither
qwen2_5_1_5b_instruct,explicit_context,p_750deee749,fact_622779fadf,history,29,28,neither
qwen2_5_1_5b_instruct,explicit_context,p_8a92ff0e63,fact_b5baf0b628,history,31,32,neither
qwen2_5_1_5b_instruct,explicit_context,p_bad0a51e8a,fact_da172ece4b,history,34,33,neither
qwen2_5_1_5b_instruct,explicit_context,p_35f9e434f4,fact_8c9756b9d0,history,33,34,neither
qwen2_5_1_5b_instruct,explicit_context,p_0057ff74f1,fact_d37b58fff1,history,36,35,neither
qwen2_5_1_5b_instruct,explicit_context,p_6564c16413,fact_d6969e8665,history,37,36,neither
qwen2_5_1_5b_instruct,explicit_context,p_ee4ddea58a,fact_ea53141fa4,history,38,37,neither
qwen2_5_1_5b_instruct,explicit_context,p_46b2e312d1,fact_12dd35aa07,history,40,39,neither
qwen2_5_1_5b_instruct,explicit_context,p_59d0b6f209,fact_4efd2c037f,history,41,40,neither
qwen2_5_1_5b_instruct,explicit_context,p_108dbcbb4e,fact_03751c2969,history,43,42,neither
qwen2_5_1_5b_instruct,explicit_context,p_8c24869228,fact_72b75e2f76,history,43,44,neither
qwen2_5_1_5b_instruct,explicit_context,p_8e6c4a1bc8,fact_534496097a,history,Thomas Edison,Alexander Graham Bell,neither
qwen2_5_1_5b_instruct,explicit_context,p_af2ac51548,fact_dc5ea8d389,history,Nikola Tesla,Thomas Edison,neither
qwen2_5_1_5b_instruct,explicit_context,p_7b2b584bd0,fact_1c3dc5a167,history,Glenn Curtiss,Wright Brothers,neither
qwen2_5_1_5b_instruct,explicit_context,p_ec2e284a2c,fact_379667963a,history,Nikola Tesla,Guglielmo Marconi,neither
qwen2_5_1_5b_instruct,explicit_context,p_6028566f10,fact_7ab7080a6a,history,Vint Cerf,Tim Berners-Lee,neither
qwen2_5_1_5b_instruct,explicit_context,p_daab2a6f08,fact_d78217e572,history,William Caxton,Johannes Gutenberg,neither
qwen2_5_1_5b_instruct,explicit_context,p_ff9627963b,fact_ce6a63688d,history,Hiram Maxim,Alfred Nobel,neither
qwen2_5_1_5b_instruct,explicit_context,p_f2dd041eee,fact_e8071c91f8,history,Marie Curie,Wilhelm Roentgen,neither
qwen2_5_1_5b_instruct,explicit_context,p_de32a0cea9,fact_774b4dad6b,history,George Stephenson,James Watt,neither
qwen2_5_1_5b_instruct,explicit_context,p_1b3f28fb40,fact_1acfc107f3,history,Philo Farnsworth,John Logie Baird,neither
qwen2_5_1_5b_instruct,explicit_context,p_24049be7a5,fact_db1a93c105,history,Louis Pasteur,Alexander Fleming,neither
qwen2_5_1_5b_instruct,explicit_context,p_a78a28de89,fact_c7dc04bd2e,history,John Dalton,Dmitri Mendeleev,neither
qwen2_5_1_5b_instruct,explicit_context,p_4599df265b,fact_3196c6c8c8,history,Galileo Galilei,Isaac Newton,neither
qwen2_5_1_5b_instruct,explicit_context,p_333bf5bf1c,fact_432eb59b08,history,Alfred Wallace,Charles Darwin,neither
qwen2_5_1_5b_instruct,explicit_context,p_9b1647de60,fact_50e801468a,literature,Marlowe,Shakespeare,no_context_single_token
qwen2_5_1_5b_instruct,explicit_context,p_d9e5a9fdac,fact_0bec00e1de,literature,Ben Jonson,Shakespeare,no_context_single_token
qwen2_5_1_5b_instruct,explicit_context,p_39000afbe2,fact_7d331f3f7b,literature,Charlotte Bronte,Jane Austen,neither
qwen2_5_1_5b_instruct,explicit_context,p_f65da6d938,fact_a961512401,literature,Jane Austen,Charlotte Bronte,neither
qwen2_5_1_5b_instruct,explicit_context,p_d4e8e384e3,fact_64b601f163,literature,Charlotte Bronte,Emily Bronte,neither
qwen2_5_1_5b_instruct,explicit_context,p_5f3b7942aa,fact_6cb35e736c,literature,Nathaniel Hawthorne,Herman Melville,neither
qwen2_5_1_5b_instruct,explicit_context,p_e94b544160,fact_b5b9de5ec2,literature,Ernest Hemingway,F Scott Fitzgerald,neither
qwen2_5_1_5b_instruct,explicit_context,p_267ff8cad4,fact_6fc8a6104a,literature,Aldous Huxley,George Orwell,neither
qwen2_5_1_5b_instruct,explicit_context,p_e345320486,fact_8f5dcf5194,literature,George Orwell,Aldous Huxley,neither
qwen2_5_1_5b_instruct,explicit_context,p_ca427750e3,fact_b8fef2c6a4,literature,Aldous Huxley,George Orwell,neither
qwen2_5_1_5b_instruct,explicit_context,p_12c1b4909c,fact_579c196183,literature,Lope de Vega,Miguel de Cervantes,neither
qwen2_5_1_5b_instruct,explicit_context,p_42f95d197e,fact_dbbf94376a,literature,Tolstoy,Dostoevsky,neither
qwen2_5_1_5b_instruct,explicit_context,p_6c061419c6,fact_524416f26a,literature,Dostoevsky,Tolstoy,neither
qwen2_5_1_5b_instruct,explicit_context,p_9f4365eaf9,fact_cfa574c278,literature,Virgil,Homer,no_context_single_token
qwen2_5_1_5b_instruct,explicit_context,p_ae0c9ba278,fact_1ca6d99e0a,literature,Virgil,Homer,no_context_single_token
qwen2_5_1_5b_instruct,explicit_context,p_db038fa2ec,fact_a321408331,literature,Petrarch,Dante Alighieri,neither
qwen2_5_1_5b_instruct,explicit_context,p_3fff8db577,fact_9721d32e7f,literature,Schiller,Goethe,neither
qwen2_5_1_5b_instruct,explicit_context,p_f55b63e22d,fact_d743e9af44,literature,John Lydgate,Geoffrey Chaucer,neither
qwen2_5_1_5b_instruct,explicit_context,p_387835ac00,fact_88e56ada95,literature,John Dryden,John Milton,neither
qwen2_5_1_5b_instruct,explicit_context,p_4b2a088594,fact_0af5a11ed5,literature,Christopher Marlowe,Shakespeare,no_context_single_token
qwen2_5_1_5b_instruct,explicit_context,p_b609852dc6,fact_86e8d0f6ff,literature,Ben Jonson,Shakespeare,no_context_single_token
qwen2_5_1_5b_instruct,explicit_context,p_98dd191ebe,fact_fe6feec206,literature,Christopher Marlowe,Shakespeare,no_context_single_token
qwen2_5_1_5b_instruct,explicit_context,p_8e2496a39b,fact_38fc4eab32,literature,Francis Bacon,Shakespeare,no_context_single_token
qwen2_5_1_5b_instruct,explicit_context,p_845dd8217f,fact_c3d173e776,literature,Herman Melville,Nathaniel Hawthorne,neither
qwen2_5_1_5b_instruct,explicit_context,p_3e4d463a75,fact_5d86fdb619,literature,Edgar Allan Poe,Mark Twain,neither
qwen2_5_1_5b_instruct,explicit_context,p_5379218f2d,fact_2e584929ec,literature,Mark Twain,Edgar Allan Poe,neither
qwen2_5_1_5b_instruct,explicit_context,p_c771dd1107,fact_e66f895447,literature,Bram Stoker,Mary Shelley,neither
qwen2_5_1_5b_instruct,explicit_context,p_809b724a12,fact_fafef090c7,literature,Mary Shelley,Bram Stoker,neither
qwen2_5_1_5b_instruct,explicit_context,p_219d720544,fact_75b6ebd34f,literature,George Bernard Shaw,Oscar Wilde,neither
qwen2_5_1_5b_instruct,explicit_context,p_25c70b6383,fact_867e3d97a5,literature,Oscar Wilde,George Bernard Shaw,neither
qwen2_5_1_5b_instruct,explicit_context,p_547bbf9170,fact_c5ec3ad503,music,woodwind,string,no_context_single_token
qwen2_5_1_5b_instruct,explicit_context,p_b086bab738,fact_d808853248,music,woodwind,string,no_context_single_token
qwen2_5_1_5b_instruct,explicit_context,p_6ed05e64bf,fact_eb6322c411,music,string,woodwind,no_memory_single_token
qwen2_5_1_5b_instruct,explicit_context,p_16a5a1711f,fact_3324e476ca,music,brass,woodwind,no_memory_single_token
qwen2_5_1_5b_instruct,explicit_context,p_52def8d488,fact_a3733e10c2,music,brass,woodwind,no_memory_single_token
qwen2_5_1_5b_instruct,explicit_context,p_fd5089f24c,fact_43ff18bde4,music,brass,woodwind,no_memory_single_token
qwen2_5_1_5b_instruct,explicit_context,p_2ecf0b938f,fact_42a20f452f,music,brass,woodwind,no_memory_single_token
qwen2_5_1_5b_instruct,explicit_context,p_6b78bf7071,fact_27557e6137,music,woodwind,brass,no_context_single_token
qwen2_5_1_5b_instruct,explicit_context,p_de8a380b79,fact_6ecf413253,music,woodwind,brass,no_context_single_token
qwen2_5_1_5b_instruct,explicit_context,p_82c4909e12,fact_17f3853a94,music,woodwind,brass,no_context_single_token
qwen2_5_1_5b_instruct,explicit_context,p_f8dbacdd5d,fact_735c2eed94,music,woodwind,percussion,no_context_single_token
qwen2_5_1_5b_instruct,explicit_context,p_a308178ac7,fact_50deb00e5f,music,woodwind,string,no_context_single_token
qwen2_5_1_5b_instruct,explicit_context,p_b3205ee71e,fact_0ae22aa1ec,music,woodwind,string,no_context_single_token
qwen2_5_1_5b_instruct,explicit_context,p_7ca3760184,fact_0e9dde73b9,music,woodwind,string,no_context_single_token
qwen2_5_1_5b_instruct,explicit_context,p_aa7f2d6cd2,fact_c07f6eb419,mathematics,24,25,neither
qwen2_5_1_5b_instruct,explicit_context,p_abacc7372f,fact_69de6fd3ae,mathematics,54,56,neither
qwen2_5_1_5b_instruct,explicit_context,p_ba35d7a85f,fact_5f8e86fabb,mathematics,80,81,neither
qwen2_5_1_5b_instruct,explicit_context,p_c46bfb58cd,fact_cb2d2e91eb,mathematics,145,144,neither
qwen2_5_1_5b_instruct,explicit_context,p_a67b634fdc,fact_a197c45de5,mathematics,512,256,neither
qwen2_5_1_5b_instruct,explicit_context,p_ac3b114352,fact_ce6f97489b,mathematics,512,1024,neither
qwen2_5_1_5b_instruct,explicit_context,p_cce09ffd51,fact_8c926fc1bd,mathematics,11,12,neither
qwen2_5_1_5b_instruct,explicit_context,p_903364ae82,fact_4d5af79c4e,mathematics,100,120,neither
qwen2_5_1_5b_instruct,explicit_context,p_906e308288,fact_bccde82503,mathematics,20,24,neither
qwen2_5_1_5b_instruct,explicit_context,p_80aba14070,fact_87f0b7b0aa,mathematics,3.16,3.14,neither
qwen2_5_1_5b_instruct,explicit_context,p_1e59cd9687,fact_4ee49464f9,mathematics,45,90,neither
qwen2_5_1_5b_instruct,explicit_context,p_c4eb200eb9,fact_b6ec3374ba,mathematics,360,180,neither
qwen2_5_1_5b_instruct,explicit_context,p_f91d8e7e93,fact_1354756506,mathematics,180,360,neither
qwen2_5_1_5b_instruct,explicit_context,p_df2bd175a4,fact_b830604e86,mathematics,360,180,neither
qwen2_5_1_5b_instruct,explicit_context,p_1997536ef1,fact_83e5330282,mathematics,180,360,neither
qwen2_5_1_5b_instruct,explicit_context,p_ad4c4f6ce7,fact_fb36e1341a,biology,48,46,neither
qwen2_5_1_5b_instruct,explicit_context,p_92aab3903d,fact_92cbeb1ccc,biology,76,78,neither
qwen2_5_1_5b_instruct,explicit_context,p_20e332c847,fact_e5e0df5e29,biology,36,38,neither
qwen2_5_1_5b_instruct,explicit_context,p_519839c1d7,fact_ebaae32223,biology,62,64,neither
qwen2_5_1_5b_instruct,explicit_context,p_5a82afae90,fact_7459b6df2f,biology,46,48,neither
qwen2_5_1_5b_instruct,explicit_context,p_c7e4e369a8,fact_abb3fbb79e,biology,10,8,no_context_single_token
qwen2_5_1_5b_instruct,explicit_context,p_5a8d523739,fact_b489166d56,biology,76,78,neither
qwen2_5_1_5b_instruct,explicit_context,p_052c455ed3,fact_de913ff24f,biology,46,48,neither
qwen2_5_1_5b_instruct,explicit_context,p_d20596ed77,fact_bd47cf34ba,biology,retinol,ascorbic acid,neither
qwen2_5_1_5b_instruct,explicit_context,p_2f7a1c41c8,fact_c608fad484,biology,ascorbic acid,retinol,neither
qwen2_5_1_5b_instruct,explicit_context,p_ef8627192e,fact_fba410bfb9,biology,calciferol,cholecalciferol,neither
qwen2_5_1_5b_instruct,explicit_context,p_a726847645,fact_0a64f74c8f,biology,biotin,cobalamin,neither
qwen2_5_1_5b_instruct,explicit_context,p_4c6d7156e5,fact_8196f397ca,biology,tocopherol,phylloquinone,neither
qwen2_5_1_5b_instruct,explicit_context,p_ab6a1cd76e,fact_71d502cd12,biology,phylloquinone,tocopherol,neither
qwen2_5_1_5b_instruct,explicit_context,p_37f2cbcb1f,fact_80c1f0b60e,biology,riboflavin,thiamine,neither
qwen2_5_1_5b_instruct,explicit_context,p_52f479105f,fact_81491497cf,biology,thiamine,riboflavin,neither
qwen2_5_1_5b_instruct,explicit_context,p_c4b991f70e,fact_b03f402e98,biology,riboflavin,niacin,neither
qwen2_5_1_5b_instruct,explicit_context,p_7f0649c67d,fact_b76964213e,biology,niacin,folate,neither
qwen2_5_1_5b_instruct,explicit_context,p_7736e1ae1c,fact_ed29491528,physics,condensation,evaporation,neither
qwen2_5_1_5b_instruct,explicit_context,p_ac61224c72,fact_8b5f90d1c9,physics,evaporation,condensation,neither
qwen2_5_1_5b_instruct,explicit_context,p_038ddc504d,fact_75d16ff435,physics,deposition,sublimation,no_memory_single_token
qwen2_5_1_5b_instruct,explicit_context,p_5717240ccd,fact_bf724e5a57,physics,sublimation,deposition,no_context_single_token
qwen2_5_1_5b_instruct,explicit_context,p_484df6dba6,fact_ca95666daf,chemistry,H2SO4,HCl,neither
qwen2_5_1_5b_instruct,explicit_context,p_9357feebc7,fact_5a1fe168b0,chemistry,HCl,H2SO4,neither
qwen2_5_1_5b_instruct,explicit_context,p_7a1bffcc97,fact_95c0ff4641,chemistry,HCl,HNO3,neither
qwen2_5_1_5b_instruct,explicit_context,p_a0cfb0b91b,fact_d088c2a623,chemistry,HNO3,CH3COOH,neither
qwen2_5_1_5b_instruct,explicit_context,p_0263b4cacb,fact_ec36ddae7a,chemistry,KOH,NaOH,neither
qwen2_5_1_5b_instruct,explicit_context,p_8d30fc885e,fact_2bfb0aed37,chemistry,NaOH,KOH,neither
qwen2_5_1_5b_instruct,explicit_context,p_7c2782a587,fact_e7a1d2e24e,chemistry,NaOH,NH3,neither
qwen2_5_1_5b_instruct,explicit_context,p_f7f7962e90,fact_cbc9571a4c,chemistry,HCl,H2CO3,neither
qwen2_5_1_5b_instruct,explicit_context,p_fa6b222b48,fact_457b2a7392,sports,Sao Paulo,Rio de Janeiro,neither
qwen2_5_1_5b_instruct,explicit_context,p_6d193fce2c,fact_b1d3a409a6,sports,Thessaloniki,Athens,no_context_single_token
qwen2_5_1_5b_instruct,explicit_context,p_8812bf3a51,fact_deefb0c535,sports,Pyeongchang,Beijing,no_context_single_token
qwen2_5_1_5b_instruct,explicit_context,p_1575b8d7f2,fact_bd863ad39d,sports,Sochi,Pyeongchang,neither
qwen2_5_1_5b_instruct,explicit_context,p_d7d9671d1b,fact_919cef6807,sports,Vancouver,Sochi,no_memory_single_token
qwen2_5_1_5b_instruct,explicit_context,p_dc6642cbcb,fact_7b28167dc6,sports,Argentina,West Germany,no_memory_single_token
qwen2_5_1_5b_instruct,explicit_context,p_d7ff11fa38,fact_fa8aa8c110,sports,West Germany,Argentina,no_context_single_token
qwen2_5_1_5b_instruct,explicit_context,p_52c60acaa0,fact_6d0e60e066,sports,10,11,neither
qwen2_5_1_5b_instruct,explicit_context,p_0fd42ce1c4,fact_408ea5ffb4,sports,10,11,neither
qwen2_5_1_5b_instruct,explicit_context,p_d559928972,fact_6caf6e61a1,sports,13,15,neither
qwen2_5_1_5b_instruct,explicit_context,p_c2cab67797,fact_4ec452c94c,sports,15,13,neither
qwen2_5_1_5b_instruct,explicit_context,p_dd98bf33fb,fact_1d35b0d1bb,sports,12,11,neither
qwen2_5_1_5b_instruct,explicit_context,p_33159c91b3,fact_76fdf8a30d,geography,South America,Africa,no_context_single_token
qwen2_5_1_5b_instruct,explicit_context,p_d6ab8192ba,fact_e74e55eed6,geography,Africa,South America,no_memory_single_token
qwen2_5_1_5b_instruct,explicit_context,p_0a35c2e77d,fact_2794b29d74,geography,South America,North America,neither
qwen2_5_1_5b_instruct,explicit_context,p_7a21bca81c,fact_5b5639b023,geography,8800,8849,neither
qwen2_5_1_5b_instruct,explicit_context,p_48aee0a72a,fact_3f98b1dbf9,geography,8500,8611,neither
qwen2_5_1_5b_instruct,explicit_context,p_fa7b7b1a75,fact_dd0323f495,geography,8500,8586,neither
qwen2_5_1_5b_instruct,explicit_context,p_d42a6e9f3c,fact_7736e511d8,geography,8400,8516,neither
qwen2_5_1_5b_instruct,explicit_context,p_dc49e4c6f2,fact_82717fd9d3,geography,8400,8485,neither
qwen2_5_1_5b_instruct,explicit_context,p_4c561cf160,fact_4986e8c5bb,geography,8100,8188,neither
qwen2_5_1_5b_instruct,explicit_context,p_10448b1a9b,fact_b477a66807,geography,8100,8167,neither
qwen2_5_1_5b_instruct,explicit_context,p_5ce5ab839f,fact_c65f47acb4,geography,8100,8163,neither
qwen2_5_1_5b_instruct,explicit_context,p_04268d517d,fact_821594db29,geography,second largest,largest,no_context_single_token
qwen2_5_1_5b_instruct,explicit_context,p_1e0591b83b,fact_7fd8c7505c,geography,largest,second largest,no_memory_single_token
qwen2_5_1_5b_instruct,explicit_context,p_837acf16d3,fact_0a3330ae4f,geography,second largest,third largest,neither
qwen2_5_1_5b_instruct,explicit_context,p_378d22ab87,fact_75e76d281e,geography,second smallest,smallest,no_context_single_token
qwen2_5_1_5b_instruct,explicit_context,p_4be934cdfe,fact_3002f6dd8f,geography,South America,North America,neither
qwen2_5_1_5b_instruct,explicit_context,p_35ca8ea10f,fact_fabe8187a5,geography,North America,South America,neither
qwen2_5_1_5b_instruct,explicit_context,p_82eb3b55d8,fact_02351e7b87,geography,North America,South America,neither
qwen2_5_1_5b_instruct,explicit_memory,p_0d9d4d3e0b,fact_50f768a4d5,geography,Rio,Brasilia,no_memory_single_token
qwen2_5_1_5b_instruct,explicit_memory,p_814acb78c7,fact_18aa9e9202,geography,Mumbai,New Delhi,no_memory_single_token
qwen2_5_1_5b_instruct,explicit_memory,p_a01bb844ba,fact_ca64e96245,geography,St Petersburg,Moscow,no_context_single_token
qwen2_5_1_5b_instruct,explicit_memory,p_07a7e1d555,fact_2874804b8c,geography,Cancun,Mexico City,neither
qwen2_5_1_5b_instruct,explicit_memory,p_2ab78a7667,fact_286046a449,geography,Cape Town,Pretoria,neither
qwen2_5_1_5b_instruct,explicit_memory,p_4fa034e533,fact_44005944e3,geography,Cordoba,Buenos Aires,neither
qwen2_5_1_5b_instruct,explicit_memory,p_6767f082e1,fact_2617dd9d80,geography,Cusco,Lima,no_context_single_token
qwen2_5_1_5b_instruct,explicit_memory,p_a3519b26c4,fact_0222835aa1,geography,Medellin,Bogota,neither
qwen2_5_1_5b_instruct,explicit_memory,p_dfd35ea720,fact_ec31e79d2e,geography,Valparaiso,Santiago,no_context_single_token
qwen2_5_1_5b_instruct,explicit_memory,p_f444460d21,fact_650f37efb4,geography,Isfahan,Tehran,no_context_single_token
qwen2_5_1_5b_instruct,explicit_memory,p_7cb103c5cd,fact_038c326d27,geography,Basra,Baghdad,no_context_single_token
qwen2_5_1_5b_instruct,explicit_memory,p_6155b4dc2d,fact_69609ac68d,geography,Jeddah,Riyadh,no_context_single_token
qwen2_5_1_5b_instruct,explicit_memory,p_e9a51fafb0,fact_875fda5014,geography,Tel Aviv,Jerusalem,no_context_single_token
qwen2_5_1_5b_instruct,explicit_memory,p_891eb5b6b6,fact_f5e4bfa6f2,geography,Thessaloniki,Athens,no_context_single_token
qwen2_5_1_5b_instruct,explicit_memory,p_103189be7b,fact_14ff40da97,geography,Gothenburg,Stockholm,no_context_single_token
qwen2_5_1_5b_instruct,explicit_memory,p_bc4c1b4e00,fact_8374cc6152,geography,Tampere,Helsinki,no_context_single_token
qwen2_5_1_5b_instruct,explicit_memory,p_86405bd32b,fact_dc899c066d,geography,Aarhus,Copenhagen,no_context_single_token
qwen2_5_1_5b_instruct,explicit_memory,p_eb2e2b7ddc,fact_c6f2f1741c,geography,Krakow,Warsaw,no_context_single_token
qwen2_5_1_5b_instruct,explicit_memory,p_9a869d7175,fact_4eed072e0a,geography,Lviv,Kyiv,neither
qwen2_5_1_5b_instruct,explicit_memory,p_5eb4e8826e,fact_1c83d19930,geography,Cluj,Bucharest,neither
qwen2_5_1_5b_instruct,explicit_memory,p_5a44c77d68,fact_7c6956c666,geography,Debrecen,Budapest,no_context_single_token
qwen2_5_1_5b_instruct,explicit_memory,p_4c216c3cf4,fact_635a00293d,geography,Antwerp,Brussels,no_context_single_token
qwen2_5_1_5b_instruct,explicit_memory,p_87287fec67,fact_a5fe058fe7,geography,Phuket,Bangkok,no_context_single_token
qwen2_5_1_5b_instruct,explicit_memory,p_720fdad29f,fact_4bbeadf6ad,geography,Saigon,Hanoi,neither
qwen2_5_1_5b_instruct,explicit_memory,p_d10e443cfc,fact_a235a13cfc,geography,Cebu,Manila,no_context_single_token
qwen2_5_1_5b_instruct,explicit_memory,p_1e52618b6a,fact_7b0d3cbc7d,geography,Penang,Kuala Lumpur,neither
qwen2_5_1_5b_instruct,explicit_memory,p_31f4e3ec6e,fact_76fd43d9a1,geography,Busan,Seoul,no_context_single_token
qwen2_5_1_5b_instruct,explicit_memory,p_cf91139ebd,fact_c53d00f125,geography,Mombasa,Nairobi,no_context_single_token
qwen2_5_1_5b_instruct,explicit_memory,p_ac9c06ea14,fact_7da9e1a49d,geography,Lagos,Abuja,no_memory_single_token
qwen2_5_1_5b_instruct,explicit_memory,p_e98add2f39,fact_43a61a9717,geography,Casablanca,Rabat,neither
qwen2_5_1_5b_instruct,explicit_memory,p_7f858dd1e6,fact_d1a7ba5a02,geography,Nairobi,Addis Ababa,no_memory_single_token
qwen2_5_1_5b_instruct,explicit_memory,p_84e171d422,fact_4ac8a5d8a6,geography,Kumasi,Accra,neither
qwen2_5_1_5b_instruct,explicit_memory,p_e1eec03e88,fact_a08651e3a6,geography,Chittagong,Dhaka,neither
qwen2_5_1_5b_instruct,explicit_memory,p_4a21447690,fact_69259664b6,geography,Colombo,Sri Jayawardenepura Kotte,neither
qwen2_5_1_5b_instruct,explicit_memory,p_515f36103e,fact_0c5ef66604,geography,Los Angeles,Sacramento,no_context_single_token
qwen2_5_1_5b_instruct,explicit_memory,p_0ffa9122b4,fact_b5dacf01fb,geography,Miami,Tallahassee,no_memory_single_token
qwen2_5_1_5b_instruct,explicit_memory,p_6956c2e540,fact_12c37a2b97,geography,New York City,Albany,no_context_single_token
qwen2_5_1_5b_instruct,explicit_memory,p_0c896e6804,fact_7f94c6b033,geography,Philadelphia,Harrisburg,no_memory_single_token
qwen2_5_1_5b_instruct,explicit_memory,p_d6c28cc65c,fact_e11e5bad57,geography,Las Vegas,Carson City,neither
qwen2_5_1_5b_instruct,explicit_memory,p_5e28271608,fact_67f1571903,geography,Baltimore,Annapolis,no_memory_single_token
qwen2_5_1_5b_instruct,explicit_memory,p_2b3e658ff3,fact_c4dbfabb88,geography,Minneapolis,Saint Paul,no_memory_single_token
qwen2_5_1_5b_instruct,explicit_memory,p_f08af518bf,fact_ad986f03e1,geography,New Orleans,Baton Rouge,neither
qwen2_5_1_5b_instruct,explicit_memory,p_1208ceb03c,fact_90c385f2dc,geography,Louisville,Frankfort,no_memory_single_token
qwen2_5_1_5b_instruct,explicit_memory,p_0c71e061a3,fact_18b6eda606,geography,New Haven,Hartford,no_context_single_token
qwen2_5_1_5b_instruct,explicit_memory,p_6a98024322,fact_39cee6bcd6,geography,Provo,Salt Lake City,neither
qwen2_5_1_5b_instruct,explicit_memory,p_8e783e0123,fact_23011915f5,geography,Cedar Rapids,Des Moines,neither
qwen2_5_1_5b_instruct,explicit_memory,p_24db5681d4,fact_57d9029279,geography,Biloxi,Jackson,no_context_single_token
qwen2_5_1_5b_instruct,explicit_memory,p_519a88d330,fact_204e343618,geography,Wichita,Topeka,no_memory_single_token
qwen2_5_1_5b_instruct,explicit_memory,p_7adf218870,fact_2b97c29591,geography,Nampa,Boise,no_context_single_token
qwen2_5_1_5b_instruct,explicit_memory,p_3de2dd5ca0,fact_8fcae9fadc,geography,Hilo,Honolulu,no_context_single_token
qwen2_5_1_5b_instruct,explicit_memory,p_88f7c65ff8,fact_51830d1683,geography,Anchorage,Juneau,neither
qwen2_5_1_5b_instruct,explicit_memory,p_7275a958dd,fact_8b142e6764,geography,Billings,Helena,no_context_single_token
qwen2_5_1_5b_instruct,explicit_memory,p_817e473e54,fact_6d1a9d7a60,geography,Burlington,Montpelier,no_memory_single_token
qwen2_5_1_5b_instruct,explicit_memory,p_fe0117d193,fact_252cbea80e,geography,Casper,Cheyenne,neither
qwen2_5_1_5b_instruct,explicit_memory,p_74af3bc8be,fact_1c182617ac,geography,Fargo,Bismarck,no_memory_single_token
qwen2_5_1_5b_instruct,explicit_memory,p_9af9eebc3a,fact_9cf484fbad,geography,Sioux Falls,Pierre,no_context_single_token
qwen2_5_1_5b_instruct,explicit_memory,p_c93be52683,fact_d74971e01c,geography,peso,rupee,no_memory_single_token
qwen2_5_1_5b_instruct,explicit_memory,p_e3ee7aa2c3,fact_5593c8294f,geography,euro,ruble,no_memory_single_token
qwen2_5_1_5b_instruct,explicit_memory,p_650aa52890,fact_ecd7399509,geography,euro,krona,no_memory_single_token
qwen2_5_1_5b_instruct,explicit_memory,p_dc8c0bfbc6,fact_ec84017d27,geography,euro,krone,no_memory_single_token
qwen2_5_1_5b_instruct,explicit_memory,p_8fd0b9e650,fact_522a0f0048,geography,dirham,riyal,neither
qwen2_5_1_5b_instruct,explicit_memory,p_e14cc4e0e3,fact_24c47ff7c5,geography,riyal,dirham,neither
qwen2_5_1_5b_instruct,explicit_memory,p_709ce94723,fact_6a864232a1,chemistry,12,11,neither
qwen2_5_1_5b_instruct,explicit_memory,p_3dbf3a8e68,fact_bb0e3ef7c1,chemistry,16,15,neither
qwen2_5_1_5b_instruct,explicit_memory,p_08412568f4,fact_2fad0b0703,chemistry,15,16,neither
qwen2_5_1_5b_instruct,explicit_memory,p_5443898991,fact_2604b685fa,chemistry,18,17,neither
qwen2_5_1_5b_instruct,explicit_memory,p_b1833bda90,fact_d25769596a,chemistry,20,19,neither
qwen2_5_1_5b_instruct,explicit_memory,p_bdfb550471,fact_da10d5a901,chemistry,19,20,neither
qwen2_5_1_5b_instruct,explicit_memory,p_64da460745,fact_b5d325043b,chemistry,27,26,neither
qwen2_5_1_5b_instruct,explicit_memory,p_5bbd65fc9c,fact_29a641a459,chemistry,30,29,neither
qwen2_5_1_5b_instruct,explicit_memory,p_e0bac6ad5b,fact_9c9a2e4da3,chemistry,29,30,neither
qwen2_5_1_5b_instruct,explicit_memory,p_ceb96737b3,fact_c43e1459a6,chemistry,48,47,neither
qwen2_5_1_5b_instruct,explicit_memory,p_05a0ff89e9,fact_0b868e4408,chemistry,80,79,neither
qwen2_5_1_5b_instruct,explicit_memory,p_604207aae3,fact_cbc55e7f44,chemistry,81,82,neither
qwen2_5_1_5b_instruct,explicit_memory,p_bef91c7d98,fact_08eccaf034,chemistry,91,92,neither
qwen2_5_1_5b_instruct,explicit_memory,p_843f4becc0,fact_8f6079efd0,chemistry,10,9,no_context_single_token
qwen2_5_1_5b_instruct,explicit_memory,p_d2ed05f09a,fact_a6120a2c95,chemistry,9,10,no_memory_single_token
qwen2_5_1_5b_instruct,explicit_memory,p_24341dbae6,fact_091f43d021,chemistry,14,13,neither
qwen2_5_1_5b_instruct,explicit_memory,p_0492297414,fact_02df6b17bd,chemistry,13,14,neither
qwen2_5_1_5b_instruct,explicit_memory,p_93c9ebd7e9,fact_5c0dc7c4c5,chemistry,17,18,neither
qwen2_5_1_5b_instruct,explicit_memory,p_134e00e6c2,fact_c8249fcab8,chemistry,23,22,neither
qwen2_5_1_5b_instruct,explicit_memory,p_4e2f0db8b6,fact_a4be9609ed,chemistry,25,24,neither
qwen2_5_1_5b_instruct,explicit_memory,p_595a243850,fact_7e9552185f,chemistry,24,25,neither
qwen2_5_1_5b_instruct,explicit_memory,p_fadfd0f08e,fact_06db44d557,chemistry,28,27,neither
qwen2_5_1_5b_instruct,explicit_memory,p_1841e0aee0,fact_7c8ef8f074,chemistry,27,28,neither
qwen2_5_1_5b_instruct,explicit_memory,p_21bcb82d90,fact_7989d46bd5,chemistry,36,35,neither
qwen2_5_1_5b_instruct,explicit_memory,p_d3db7baf12,fact_fef8128d0d,chemistry,90,100,neither
qwen2_5_1_5b_instruct,explicit_memory,p_4b1486833a,fact_8a94d9d5cc,chemistry,80,78,neither
qwen2_5_1_5b_instruct,explicit_memory,p_b215ee7369,fact_95d3459c6f,chemistry,-200,-196,neither
qwen2_5_1_5b_instruct,explicit_memory,p_2fb9b3e894,fact_fe677d97b8,chemistry,-180,-183,neither
qwen2_5_1_5b_instruct,explicit_memory,p_49f4813ae5,fact_8f256de3b3,chemistry,3000,2862,neither
qwen2_5_1_5b_instruct,explicit_memory,p_2ec3d3a794,fact_d088f13b9f,chemistry,3000,2856,neither
qwen2_5_1_5b_instruct,explicit_memory,p_ba900dc598,fact_78050045a0,chemistry,2500,2562,neither
qwen2_5_1_5b_instruct,explicit_memory,p_5720970f39,fact_b71dc5a415,chemistry,1700,1749,neither
qwen2_5_1_5b_instruct,explicit_memory,p_f8f43a469a,fact_f1d21d7d3f,chemistry,2200,2162,neither
qwen2_5_1_5b_instruct,explicit_memory,p_7351a1fe63,fact_f59785647d,chemistry,-250,-253,neither
qwen2_5_1_5b_instruct,explicit_memory,p_bb8164e06c,fact_e9a1aeb387,chemistry,-270,-269,neither
qwen2_5_1_5b_instruct,explicit_memory,p_2e25f48cac,fact_0de3017cd4,chemistry,100,78,neither
qwen2_5_1_5b_instruct,explicit_memory,p_eb0f4c513a,fact_7c23c9f721,astronomy,80,95,neither
qwen2_5_1_5b_instruct,explicit_memory,p_8dc9036efa,fact_3b24ebd9f0,astronomy,130,146,neither
qwen2_5_1_5b_instruct,explicit_memory,p_3bfe1b2eab,fact_da8e8fbaf5,astronomy,20,28,neither
qwen2_5_1_5b_instruct,explicit_memory,p_adde0ea4e5,fact_98766b58a5,astronomy,20,16,neither
qwen2_5_1_5b_instruct,explicit_memory,p_5b68dfc296,fact_4728a74172,astronomy,planet,dwarf planet,no_memory_single_token
qwen2_5_1_5b_instruct,explicit_memory,p_1cb1a82f8f,fact_687e3cfc53,astronomy,nebula,galaxy,no_context_single_token
qwen2_5_1_5b_instruct,explicit_memory,p_90a23ae164,fact_01e7906f85,astronomy,artificial satellite,natural satellite,neither
qwen2_5_1_5b_instruct,explicit_memory,p_eefc1f9e95,fact_c9a31e611a,biology,flock,gaggle,no_memory_single_token
qwen2_5_1_5b_instruct,explicit_memory,p_c6f2da6529,fact_2513c2338c,biology,flock,flamboyance,no_memory_single_token
qwen2_5_1_5b_instruct,explicit_memory,p_a67561033b,fact_f11a277a8a,biology,8,10,no_memory_single_token
qwen2_5_1_5b_instruct,explicit_memory,p_50ec93e94c,fact_de0e9f2f76,biology,10,8,no_context_single_token
qwen2_5_1_5b_instruct,explicit_memory,p_5aded92cd7,fact_35833bcc4a,biology,8,10,no_memory_single_token
qwen2_5_1_5b_instruct,explicit_memory,p_84158995de,fact_f60c2021fa,biology,bird,mammal,no_memory_single_token
qwen2_5_1_5b_instruct,explicit_memory,p_7bcdaa00fe,fact_2cb53d8be2,biology,fish,mammal,no_memory_single_token
qwen2_5_1_5b_instruct,explicit_memory,p_6b09595c07,fact_3188c3d1ae,biology,fish,mammal,no_memory_single_token
qwen2_5_1_5b_instruct,explicit_memory,p_806c6f562b,fact_85087344ba,biology,reptile,mammal,neither
qwen2_5_1_5b_instruct,explicit_memory,p_c12ae51d5e,fact_0de2dcf992,biology,reptile,amphibian,neither
qwen2_5_1_5b_instruct,explicit_memory,p_5f550e89a1,fact_308c87aed8,biology,amphibian,reptile,neither
qwen2_5_1_5b_instruct,explicit_memory,p_5817c98db6,fact_867d11dfe7,biology,reptile,amphibian,neither
qwen2_5_1_5b_instruct,explicit_memory,p_17cafe7ad6,fact_180a275f41,biology,mammal,fish,no_context_single_token
qwen2_5_1_5b_instruct,explicit_memory,p_77d94e425c,fact_10d2374984,biology,amphibian,reptile,neither
qwen2_5_1_5b_instruct,explicit_memory,p_1d881fb6d9,fact_8959016b9c,biology,mammal,fish,no_context_single_token
qwen2_5_1_5b_instruct,explicit_memory,p_5528f420bc,fact_7b587f2129,biology,fish,invertebrate,no_memory_single_token
qwen2_5_1_5b_instruct,explicit_memory,p_f1203243a5,fact_7edffb20d1,biology,fish,crustacean,no_memory_single_token
qwen2_5_1_5b_instruct,explicit_memory,p_5748b7f904,fact_30bdbc5bc3,biology,insect,mollusk,no_memory_single_token
qwen2_5_1_5b_instruct,explicit_memory,p_095ca8a437,fact_ffdca41653,biology,insect,annelid,no_memory_single_token
qwen2_5_1_5b_instruct,explicit_memory,p_6644a5ca98,fact_69f6727917,biology,100,120,neither
qwen2_5_1_5b_instruct,explicit_memory,p_b76438a750,fact_e7e7b24423,biology,300,389,neither
qwen2_5_1_5b_instruct,explicit_memory,p_79b90b15f6,fact_b2e155ca4c,biology,70,80,neither
qwen2_5_1_5b_instruct,explicit_memory,p_c7cbe5c20c,fact_e6d18fe474,biology,70,88,neither
qwen2_5_1_5b_instruct,explicit_memory,p_1d2cee5515,fact_6e1b1677c3,biology,60,70,neither
qwen2_5_1_5b_instruct,explicit_memory,p_2099085393,fact_50167cdb92,biology,40,56,neither
qwen2_5_1_5b_instruct,explicit_memory,p_9fe4963419,fact_dda56837f8,biology,50,40,neither
qwen2_5_1_5b_instruct,explicit_memory,p_fbb0d53805,fact_aaf40f91bc,physics,Joule,Newton,no_context_single_token
qwen2_5_1_5b_instruct,explicit_memory,p_5c77f3eb93,fact_a98b348240,physics,Watt,Joule,no_memory_single_token
qwen2_5_1_5b_instruct,explicit_memory,p_4099677f3a,fact_4db8c24955,physics,Joule,Watt,no_context_single_token
qwen2_5_1_5b_instruct,explicit_memory,p_0cda4567b3,fact_9dc297664d,physics,Watt,Hertz,no_memory_single_token
qwen2_5_1_5b_instruct,explicit_memory,p_c0adae4d1a,fact_83b7bbe8f6,physics,Volt,Ampere,no_memory_single_token
qwen2_5_1_5b_instruct,explicit_memory,p_419dce843b,fact_eee51a6fcf,physics,Ampere,Volt,no_context_single_token
qwen2_5_1_5b_instruct,explicit_memory,p_d6a54b67a8,fact_92f10dde6d,physics,Volt,Ohm,no_memory_single_token
qwen2_5_1_5b_instruct,explicit_memory,p_6b7dc89ae9,fact_0df87ca473,physics,Ohm,Farad,neither
qwen2_5_1_5b_instruct,explicit_memory,p_401a6ff3d8,fact_e98ce0fd89,physics,Lumen,Candela,neither
qwen2_5_1_5b_instruct,explicit_memory,p_9239644524,fact_33f052cfec,physics,Curie,Becquerel,neither
qwen2_5_1_5b_instruct,explicit_memory,p_52a46421e4,fact_17e6fa8431,physics,Sievert,Gray,no_context_single_token
qwen2_5_1_5b_instruct,explicit_memory,p_5dc776fc16,fact_4c8aeef5e5,physics,Farad,Henry,no_context_single_token
qwen2_5_1_5b_instruct,explicit_memory,p_67c28f91c5,fact_fc2027e8bc,physics,F=mv,F=ma,neither
qwen2_5_1_5b_instruct,explicit_memory,p_fc9484af2f,fact_9ee0a1b3e7,physics,300000000,299792458,neither
qwen2_5_1_5b_instruct,explicit_memory,p_adde0ab04d,fact_88c63537c8,physics,6.626e-32,6.626e-34,neither
qwen2_5_1_5b_instruct,explicit_memory,p_560676bf61,fact_56787410b6,history,1778,1776,neither
qwen2_5_1_5b_instruct,explicit_memory,p_aee425cb3c,fact_a9f44e0d47,history,1791,1789,neither
qwen2_5_1_5b_instruct,explicit_memory,p_a222837ceb,fact_8001ff34f9,history,1916,1914,neither
qwen2_5_1_5b_instruct,explicit_memory,p_906caff23f,fact_ec6140dd2c,history,1919,1918,neither
qwen2_5_1_5b_instruct,explicit_memory,p_245581f7dd,fact_ac8d5d6d7d,history,1940,1939,neither
qwen2_5_1_5b_instruct,explicit_memory,p_3eb64ca070,fact_4cf2c8f74b,history,1946,1945,neither
qwen2_5_1_5b_instruct,explicit_memory,p_b714457a01,fact_88e1aaaf92,history,1970,1969,neither
qwen2_5_1_5b_instruct,explicit_memory,p_f043d6eb32,fact_def1984e62,history,1990,1989,neither
qwen2_5_1_5b_instruct,explicit_memory,p_ee99f0c7fb,fact_1f0b7c83f2,history,1963,1961,neither
qwen2_5_1_5b_instruct,explicit_memory,p_7b608a7121,fact_79f60faa27,history,1955,1953,neither
qwen2_5_1_5b_instruct,explicit_memory,p_768e28a6f8,fact_9f33a3cda8,history,1907,1905,neither
qwen2_5_1_5b_instruct,explicit_memory,p_88dc5fc5cf,fact_1f407179eb,history,1930,1928,neither
qwen2_5_1_5b_instruct,explicit_memory,p_58a8d0b504,fact_28bf618b1f,history,1494,1492,neither
qwen2_5_1_5b_instruct,explicit_memory,p_ba43cd0ade,fact_3124bfa91d,history,1905,1903,neither
qwen2_5_1_5b_instruct,explicit_memory,p_2cac891f94,fact_011b861fb3,history,1959,1957,neither
qwen2_5_1_5b_instruct,explicit_memory,p_d2af0d4383,fact_52c8794331,history,1866,1865,neither
qwen2_5_1_5b_instruct,explicit_memory,p_88c445a5c3,fact_cbcb55107d,history,1918,1917,neither
qwen2_5_1_5b_instruct,explicit_memory,p_4e1b7efc5c,fact_6128e90655,history,1800,1799,neither
qwen2_5_1_5b_instruct,explicit_memory,p_4d570f2355,fact_57918bb58a,history,1816,1815,neither
qwen2_5_1_5b_instruct,explicit_memory,p_e9a61fb345,fact_ce46388c3b,history,1217,1215,neither
qwen2_5_1_5b_instruct,explicit_memory,p_37dc54cb3b,fact_6cf5527831,history,15,16,neither
qwen2_5_1_5b_instruct,explicit_memory,p_5f63c167d2,fact_a87645d8ed,history,27,26,neither
qwen2_5_1_5b_instruct,explicit_memory,p_9689f9ad66,fact_622779fadf,history,29,28,neither
qwen2_5_1_5b_instruct,explicit_memory,p_c2c3efb711,fact_b5baf0b628,history,31,32,neither
qwen2_5_1_5b_instruct,explicit_memory,p_6e282a5eff,fact_da172ece4b,history,34,33,neither
qwen2_5_1_5b_instruct,explicit_memory,p_a7529974d0,fact_8c9756b9d0,history,33,34,neither
qwen2_5_1_5b_instruct,explicit_memory,p_bac66b07ab,fact_d37b58fff1,history,36,35,neither
qwen2_5_1_5b_instruct,explicit_memory,p_8985d5a306,fact_d6969e8665,history,37,36,neither
qwen2_5_1_5b_instruct,explicit_memory,p_c9a08e512d,fact_ea53141fa4,history,38,37,neither
qwen2_5_1_5b_instruct,explicit_memory,p_2b5a7fcdf5,fact_12dd35aa07,history,40,39,neither
qwen2_5_1_5b_instruct,explicit_memory,p_920f7c552f,fact_4efd2c037f,history,41,40,neither
qwen2_5_1_5b_instruct,explicit_memory,p_38a4c6cddf,fact_03751c2969,history,43,42,neither
qwen2_5_1_5b_instruct,explicit_memory,p_f7815682dc,fact_72b75e2f76,history,43,44,neither
qwen2_5_1_5b_instruct,explicit_memory,p_9e7fe7f963,fact_534496097a,history,Thomas Edison,Alexander Graham Bell,neither
qwen2_5_1_5b_instruct,explicit_memory,p_5baf60bfc5,fact_dc5ea8d389,history,Nikola Tesla,Thomas Edison,neither
qwen2_5_1_5b_instruct,explicit_memory,p_92cab90dfd,fact_1c3dc5a167,history,Glenn Curtiss,Wright Brothers,neither
qwen2_5_1_5b_instruct,explicit_memory,p_ea19b346a4,fact_379667963a,history,Nikola Tesla,Guglielmo Marconi,neither
qwen2_5_1_5b_instruct,explicit_memory,p_b9593d8508,fact_7ab7080a6a,history,Vint Cerf,Tim Berners-Lee,neither
qwen2_5_1_5b_instruct,explicit_memory,p_4aa7fa1dce,fact_d78217e572,history,William Caxton,Johannes Gutenberg,neither
qwen2_5_1_5b_instruct,explicit_memory,p_da59e43885,fact_ce6a63688d,history,Hiram Maxim,Alfred Nobel,neither
qwen2_5_1_5b_instruct,explicit_memory,p_4ad5c4d510,fact_e8071c91f8,history,Marie Curie,Wilhelm Roentgen,neither
qwen2_5_1_5b_instruct,explicit_memory,p_1136569297,fact_774b4dad6b,history,George Stephenson,James Watt,neither
qwen2_5_1_5b_instruct,explicit_memory,p_af0a985d97,fact_1acfc107f3,history,Philo Farnsworth,John Logie Baird,neither
qwen2_5_1_5b_instruct,explicit_memory,p_effcc0a1c6,fact_db1a93c105,history,Louis Pasteur,Alexander Fleming,neither
qwen2_5_1_5b_instruct,explicit_memory,p_c0924a8667,fact_c7dc04bd2e,history,John Dalton,Dmitri Mendeleev,neither
qwen2_5_1_5b_instruct,explicit_memory,p_a3bfe03238,fact_3196c6c8c8,history,Galileo Galilei,Isaac Newton,neither
qwen2_5_1_5b_instruct,explicit_memory,p_8a77bd06d3,fact_432eb59b08,history,Alfred Wallace,Charles Darwin,neither
qwen2_5_1_5b_instruct,explicit_memory,p_451a6fe78b,fact_50e801468a,literature,Marlowe,Shakespeare,no_context_single_token
qwen2_5_1_5b_instruct,explicit_memory,p_8bf8ce5064,fact_0bec00e1de,literature,Ben Jonson,Shakespeare,no_context_single_token
qwen2_5_1_5b_instruct,explicit_memory,p_6ec8c6e4e5,fact_7d331f3f7b,literature,Charlotte Bronte,Jane Austen,neither
qwen2_5_1_5b_instruct,explicit_memory,p_82670ee06d,fact_a961512401,literature,Jane Austen,Charlotte Bronte,neither
qwen2_5_1_5b_instruct,explicit_memory,p_8767441bcf,fact_64b601f163,literature,Charlotte Bronte,Emily Bronte,neither
qwen2_5_1_5b_instruct,explicit_memory,p_79caec1298,fact_6cb35e736c,literature,Nathaniel Hawthorne,Herman Melville,neither
qwen2_5_1_5b_instruct,explicit_memory,p_ea263db4ee,fact_b5b9de5ec2,literature,Ernest Hemingway,F Scott Fitzgerald,neither
qwen2_5_1_5b_instruct,explicit_memory,p_6fbef2d70a,fact_6fc8a6104a,literature,Aldous Huxley,George Orwell,neither
qwen2_5_1_5b_instruct,explicit_memory,p_220f2c6919,fact_8f5dcf5194,literature,George Orwell,Aldous Huxley,neither
qwen2_5_1_5b_instruct,explicit_memory,p_53f853540c,fact_b8fef2c6a4,literature,Aldous Huxley,George Orwell,neither
qwen2_5_1_5b_instruct,explicit_memory,p_5c3b4edaba,fact_579c196183,literature,Lope de Vega,Miguel de Cervantes,neither
qwen2_5_1_5b_instruct,explicit_memory,p_c78395764c,fact_dbbf94376a,literature,Tolstoy,Dostoevsky,neither
qwen2_5_1_5b_instruct,explicit_memory,p_c282cb6218,fact_524416f26a,literature,Dostoevsky,Tolstoy,neither
qwen2_5_1_5b_instruct,explicit_memory,p_536882da1e,fact_cfa574c278,literature,Virgil,Homer,no_context_single_token
qwen2_5_1_5b_instruct,explicit_memory,p_551b5fd979,fact_1ca6d99e0a,literature,Virgil,Homer,no_context_single_token
qwen2_5_1_5b_instruct,explicit_memory,p_3d18e28459,fact_a321408331,literature,Petrarch,Dante Alighieri,neither
qwen2_5_1_5b_instruct,explicit_memory,p_bff73b7b29,fact_9721d32e7f,literature,Schiller,Goethe,neither
qwen2_5_1_5b_instruct,explicit_memory,p_5d54b512f2,fact_d743e9af44,literature,John Lydgate,Geoffrey Chaucer,neither
qwen2_5_1_5b_instruct,explicit_memory,p_8b9664f83c,fact_88e56ada95,literature,John Dryden,John Milton,neither
qwen2_5_1_5b_instruct,explicit_memory,p_c73d77d9dc,fact_0af5a11ed5,literature,Christopher Marlowe,Shakespeare,no_context_single_token
qwen2_5_1_5b_instruct,explicit_memory,p_6cc36387f2,fact_86e8d0f6ff,literature,Ben Jonson,Shakespeare,no_context_single_token
qwen2_5_1_5b_instruct,explicit_memory,p_d8a86633b6,fact_fe6feec206,literature,Christopher Marlowe,Shakespeare,no_context_single_token
qwen2_5_1_5b_instruct,explicit_memory,p_78eee12b22,fact_38fc4eab32,literature,Francis Bacon,Shakespeare,no_context_single_token
qwen2_5_1_5b_instruct,explicit_memory,p_cc694e7935,fact_c3d173e776,literature,Herman Melville,Nathaniel Hawthorne,neither
qwen2_5_1_5b_instruct,explicit_memory,p_6cfad128cc,fact_5d86fdb619,literature,Edgar Allan Poe,Mark Twain,neither
qwen2_5_1_5b_instruct,explicit_memory,p_2ba556396a,fact_2e584929ec,literature,Mark Twain,Edgar Allan Poe,neither
qwen2_5_1_5b_instruct,explicit_memory,p_ad4b9de5ee,fact_e66f895447,literature,Bram Stoker,Mary Shelley,neither
qwen2_5_1_5b_instruct,explicit_memory,p_57a9adb80c,fact_fafef090c7,literature,Mary Shelley,Bram Stoker,neither
qwen2_5_1_5b_instruct,explicit_memory,p_57b8401c07,fact_75b6ebd34f,literature,George Bernard Shaw,Oscar Wilde,neither
qwen2_5_1_5b_instruct,explicit_memory,p_17148fe7c9,fact_867e3d97a5,literature,Oscar Wilde,George Bernard Shaw,neither
qwen2_5_1_5b_instruct,explicit_memory,p_6d9f9b4abb,fact_c5ec3ad503,music,woodwind,string,no_context_single_token
qwen2_5_1_5b_instruct,explicit_memory,p_b1ebeaf706,fact_d808853248,music,woodwind,string,no_context_single_token
qwen2_5_1_5b_instruct,explicit_memory,p_6491241dc9,fact_eb6322c411,music,string,woodwind,no_memory_single_token
qwen2_5_1_5b_instruct,explicit_memory,p_f1d1cbbf3a,fact_3324e476ca,music,brass,woodwind,no_memory_single_token
qwen2_5_1_5b_instruct,explicit_memory,p_099d812f85,fact_a3733e10c2,music,brass,woodwind,no_memory_single_token
qwen2_5_1_5b_instruct,explicit_memory,p_90f4960858,fact_43ff18bde4,music,brass,woodwind,no_memory_single_token
qwen2_5_1_5b_instruct,explicit_memory,p_b00baf6174,fact_42a20f452f,music,brass,woodwind,no_memory_single_token
qwen2_5_1_5b_instruct,explicit_memory,p_361ba21deb,fact_27557e6137,music,woodwind,brass,no_context_single_token
qwen2_5_1_5b_instruct,explicit_memory,p_177eea08d7,fact_6ecf413253,music,woodwind,brass,no_context_single_token
qwen2_5_1_5b_instruct,explicit_memory,p_ffd36ad944,fact_17f3853a94,music,woodwind,brass,no_context_single_token
qwen2_5_1_5b_instruct,explicit_memory,p_3b56cba871,fact_735c2eed94,music,woodwind,percussion,no_context_single_token
qwen2_5_1_5b_instruct,explicit_memory,p_311822c4d9,fact_50deb00e5f,music,woodwind,string,no_context_single_token
qwen2_5_1_5b_instruct,explicit_memory,p_cca5ace665,fact_0ae22aa1ec,music,woodwind,string,no_context_single_token
qwen2_5_1_5b_instruct,explicit_memory,p_72ed8171b7,fact_0e9dde73b9,music,woodwind,string,no_context_single_token
qwen2_5_1_5b_instruct,explicit_memory,p_be0babb17c,fact_c07f6eb419,mathematics,24,25,neither
qwen2_5_1_5b_instruct,explicit_memory,p_22b383177f,fact_69de6fd3ae,mathematics,54,56,neither
qwen2_5_1_5b_instruct,explicit_memory,p_aff75a5864,fact_5f8e86fabb,mathematics,80,81,neither
qwen2_5_1_5b_instruct,explicit_memory,p_0d68dd7eac,fact_cb2d2e91eb,mathematics,145,144,neither
qwen2_5_1_5b_instruct,explicit_memory,p_e13b3f1e00,fact_a197c45de5,mathematics,512,256,neither
qwen2_5_1_5b_instruct,explicit_memory,p_346a2d8c77,fact_ce6f97489b,mathematics,512,1024,neither
qwen2_5_1_5b_instruct,explicit_memory,p_dc216ed4ce,fact_8c926fc1bd,mathematics,11,12,neither
qwen2_5_1_5b_instruct,explicit_memory,p_7eff5abcbf,fact_4d5af79c4e,mathematics,100,120,neither
qwen2_5_1_5b_instruct,explicit_memory,p_8cfa6a8d31,fact_bccde82503,mathematics,20,24,neither
qwen2_5_1_5b_instruct,explicit_memory,p_60d0a33338,fact_87f0b7b0aa,mathematics,3.16,3.14,neither
qwen2_5_1_5b_instruct,explicit_memory,p_f9f8a29131,fact_4ee49464f9,mathematics,45,90,neither
qwen2_5_1_5b_instruct,explicit_memory,p_57079f1879,fact_b6ec3374ba,mathematics,360,180,neither
qwen2_5_1_5b_instruct,explicit_memory,p_1f76041369,fact_1354756506,mathematics,180,360,neither
qwen2_5_1_5b_instruct,explicit_memory,p_f1d78d484f,fact_b830604e86,mathematics,360,180,neither
qwen2_5_1_5b_instruct,explicit_memory,p_78f4f1a244,fact_83e5330282,mathematics,180,360,neither
qwen2_5_1_5b_instruct,explicit_memory,p_8e7355622c,fact_fb36e1341a,biology,48,46,neither
qwen2_5_1_5b_instruct,explicit_memory,p_873e84164c,fact_92cbeb1ccc,biology,76,78,neither
qwen2_5_1_5b_instruct,explicit_memory,p_ca4f6d1189,fact_e5e0df5e29,biology,36,38,neither
qwen2_5_1_5b_instruct,explicit_memory,p_0cd4f91e1f,fact_ebaae32223,biology,62,64,neither
qwen2_5_1_5b_instruct,explicit_memory,p_657ca02aca,fact_7459b6df2f,biology,46,48,neither
qwen2_5_1_5b_instruct,explicit_memory,p_8249abd363,fact_abb3fbb79e,biology,10,8,no_context_single_token
qwen2_5_1_5b_instruct,explicit_memory,p_3a0052f988,fact_b489166d56,biology,76,78,neither
qwen2_5_1_5b_instruct,explicit_memory,p_6b1984e474,fact_de913ff24f,biology,46,48,neither
qwen2_5_1_5b_instruct,explicit_memory,p_fe721b8a2c,fact_bd47cf34ba,biology,retinol,ascorbic acid,neither
qwen2_5_1_5b_instruct,explicit_memory,p_09841a5f4d,fact_c608fad484,biology,ascorbic acid,retinol,neither
qwen2_5_1_5b_instruct,explicit_memory,p_fcad970f37,fact_fba410bfb9,biology,calciferol,cholecalciferol,neither
qwen2_5_1_5b_instruct,explicit_memory,p_f2f6859aa6,fact_0a64f74c8f,biology,biotin,cobalamin,neither
qwen2_5_1_5b_instruct,explicit_memory,p_91611e641c,fact_8196f397ca,biology,tocopherol,phylloquinone,neither
qwen2_5_1_5b_instruct,explicit_memory,p_4d5d604afc,fact_71d502cd12,biology,phylloquinone,tocopherol,neither
qwen2_5_1_5b_instruct,explicit_memory,p_266836e2f9,fact_80c1f0b60e,biology,riboflavin,thiamine,neither
qwen2_5_1_5b_instruct,explicit_memory,p_95669c4d2f,fact_81491497cf,biology,thiamine,riboflavin,neither
qwen2_5_1_5b_instruct,explicit_memory,p_87ead31651,fact_b03f402e98,biology,riboflavin,niacin,neither
qwen2_5_1_5b_instruct,explicit_memory,p_5ae6418454,fact_b76964213e,biology,niacin,folate,neither
qwen2_5_1_5b_instruct,explicit_memory,p_c0946d5bff,fact_ed29491528,physics,condensation,evaporation,neither
qwen2_5_1_5b_instruct,explicit_memory,p_efc60d8080,fact_8b5f90d1c9,physics,evaporation,condensation,neither
qwen2_5_1_5b_instruct,explicit_memory,p_6d9760ab1e,fact_75d16ff435,physics,deposition,sublimation,no_memory_single_token
qwen2_5_1_5b_instruct,explicit_memory,p_3e809df997,fact_bf724e5a57,physics,sublimation,deposition,no_context_single_token
qwen2_5_1_5b_instruct,explicit_memory,p_d14603fbf6,fact_ca95666daf,chemistry,H2SO4,HCl,neither
qwen2_5_1_5b_instruct,explicit_memory,p_63313cdd9a,fact_5a1fe168b0,chemistry,HCl,H2SO4,neither
qwen2_5_1_5b_instruct,explicit_memory,p_731ef37b1f,fact_95c0ff4641,chemistry,HCl,HNO3,neither
qwen2_5_1_5b_instruct,explicit_memory,p_0dac705362,fact_d088c2a623,chemistry,HNO3,CH3COOH,neither
qwen2_5_1_5b_instruct,explicit_memory,p_0ecebc413a,fact_ec36ddae7a,chemistry,KOH,NaOH,neither
qwen2_5_1_5b_instruct,explicit_memory,p_339eae251f,fact_2bfb0aed37,chemistry,NaOH,KOH,neither
qwen2_5_1_5b_instruct,explicit_memory,p_2625414b61,fact_e7a1d2e24e,chemistry,NaOH,NH3,neither
qwen2_5_1_5b_instruct,explicit_memory,p_e3851616fd,fact_cbc9571a4c,chemistry,HCl,H2CO3,neither
qwen2_5_1_5b_instruct,explicit_memory,p_1b59f4fb96,fact_457b2a7392,sports,Sao Paulo,Rio de Janeiro,neither
qwen2_5_1_5b_instruct,explicit_memory,p_f3c3826647,fact_b1d3a409a6,sports,Thessaloniki,Athens,no_context_single_token
qwen2_5_1_5b_instruct,explicit_memory,p_fe646f61a1,fact_deefb0c535,sports,Pyeongchang,Beijing,no_context_single_token
qwen2_5_1_5b_instruct,explicit_memory,p_9861acc091,fact_bd863ad39d,sports,Sochi,Pyeongchang,neither
qwen2_5_1_5b_instruct,explicit_memory,p_f7f599da54,fact_919cef6807,sports,Vancouver,Sochi,no_memory_single_token
qwen2_5_1_5b_instruct,explicit_memory,p_b3580efa31,fact_7b28167dc6,sports,Argentina,West Germany,no_memory_single_token
qwen2_5_1_5b_instruct,explicit_memory,p_a959d09b55,fact_fa8aa8c110,sports,West Germany,Argentina,no_context_single_token
qwen2_5_1_5b_instruct,explicit_memory,p_d8372ff92c,fact_6d0e60e066,sports,10,11,neither
qwen2_5_1_5b_instruct,explicit_memory,p_b57ed288c1,fact_408ea5ffb4,sports,10,11,neither
qwen2_5_1_5b_instruct,explicit_memory,p_86f9ca94d7,fact_6caf6e61a1,sports,13,15,neither
qwen2_5_1_5b_instruct,explicit_memory,p_a72fa8d38f,fact_4ec452c94c,sports,15,13,neither
qwen2_5_1_5b_instruct,explicit_memory,p_8dfcd91ee4,fact_1d35b0d1bb,sports,12,11,neither
qwen2_5_1_5b_instruct,explicit_memory,p_8412b4d57f,fact_76fdf8a30d,geography,South America,Africa,no_context_single_token
qwen2_5_1_5b_instruct,explicit_memory,p_195cf35c4a,fact_e74e55eed6,geography,Africa,South America,no_memory_single_token
qwen2_5_1_5b_instruct,explicit_memory,p_f34bf58596,fact_2794b29d74,geography,South America,North America,neither
qwen2_5_1_5b_instruct,explicit_memory,p_6288ab56ea,fact_5b5639b023,geography,8800,8849,neither
qwen2_5_1_5b_instruct,explicit_memory,p_b16e7b6642,fact_3f98b1dbf9,geography,8500,8611,neither
qwen2_5_1_5b_instruct,explicit_memory,p_e3a481c70c,fact_dd0323f495,geography,8500,8586,neither
qwen2_5_1_5b_instruct,explicit_memory,p_3b447044e6,fact_7736e511d8,geography,8400,8516,neither
qwen2_5_1_5b_instruct,explicit_memory,p_1f5db0cd41,fact_82717fd9d3,geography,8400,8485,neither
qwen2_5_1_5b_instruct,explicit_memory,p_bda15e8601,fact_4986e8c5bb,geography,8100,8188,neither
qwen2_5_1_5b_instruct,explicit_memory,p_8d46509b5e,fact_b477a66807,geography,8100,8167,neither
qwen2_5_1_5b_instruct,explicit_memory,p_4c55332e6e,fact_c65f47acb4,geography,8100,8163,neither
qwen2_5_1_5b_instruct,explicit_memory,p_631255f86d,fact_821594db29,geography,second largest,largest,no_context_single_token
qwen2_5_1_5b_instruct,explicit_memory,p_f9067f37a5,fact_7fd8c7505c,geography,largest,second largest,no_memory_single_token
qwen2_5_1_5b_instruct,explicit_memory,p_1fe319e822,fact_0a3330ae4f,geography,second largest,third largest,neither
qwen2_5_1_5b_instruct,explicit_memory,p_2a670be0d8,fact_75e76d281e,geography,second smallest,smallest,no_context_single_token
qwen2_5_1_5b_instruct,explicit_memory,p_f5cd67fbd1,fact_3002f6dd8f,geography,South America,North America,neither
qwen2_5_1_5b_instruct,explicit_memory,p_03b5b350c1,fact_fabe8187a5,geography,North America,South America,neither
qwen2_5_1_5b_instruct,explicit_memory,p_274cfc9ad2,fact_02351e7b87,geography,North America,South America,neither
qwen2_5_1_5b_instruct,ambiguous_conflict,p_545f5add2f,fact_50f768a4d5,geography,Rio,Brasilia,no_memory_single_token
qwen2_5_1_5b_instruct,ambiguous_conflict,p_fcd726e948,fact_18aa9e9202,geography,Mumbai,New Delhi,no_memory_single_token
qwen2_5_1_5b_instruct,ambiguous_conflict,p_9629f71133,fact_ca64e96245,geography,St Petersburg,Moscow,no_context_single_token
qwen2_5_1_5b_instruct,ambiguous_conflict,p_ffd81b43a2,fact_2874804b8c,geography,Cancun,Mexico City,neither
qwen2_5_1_5b_instruct,ambiguous_conflict,p_11c6fc1af1,fact_286046a449,geography,Cape Town,Pretoria,neither
qwen2_5_1_5b_instruct,ambiguous_conflict,p_b0c504901f,fact_44005944e3,geography,Cordoba,Buenos Aires,neither
qwen2_5_1_5b_instruct,ambiguous_conflict,p_23048a384f,fact_2617dd9d80,geography,Cusco,Lima,no_context_single_token
qwen2_5_1_5b_instruct,ambiguous_conflict,p_9a1a7f09ba,fact_0222835aa1,geography,Medellin,Bogota,neither
qwen2_5_1_5b_instruct,ambiguous_conflict,p_27836917ae,fact_ec31e79d2e,geography,Valparaiso,Santiago,no_context_single_token
qwen2_5_1_5b_instruct,ambiguous_conflict,p_1932bb842e,fact_650f37efb4,geography,Isfahan,Tehran,no_context_single_token
qwen2_5_1_5b_instruct,ambiguous_conflict,p_5cd0669495,fact_038c326d27,geography,Basra,Baghdad,no_context_single_token
qwen2_5_1_5b_instruct,ambiguous_conflict,p_38a10fdc59,fact_69609ac68d,geography,Jeddah,Riyadh,no_context_single_token
qwen2_5_1_5b_instruct,ambiguous_conflict,p_29f17f8a50,fact_875fda5014,geography,Tel Aviv,Jerusalem,no_context_single_token
qwen2_5_1_5b_instruct,ambiguous_conflict,p_c24e10b820,fact_f5e4bfa6f2,geography,Thessaloniki,Athens,no_context_single_token
qwen2_5_1_5b_instruct,ambiguous_conflict,p_7525986883,fact_14ff40da97,geography,Gothenburg,Stockholm,no_context_single_token
qwen2_5_1_5b_instruct,ambiguous_conflict,p_e5180c4cfe,fact_8374cc6152,geography,Tampere,Helsinki,no_context_single_token
qwen2_5_1_5b_instruct,ambiguous_conflict,p_9285f7721b,fact_dc899c066d,geography,Aarhus,Copenhagen,no_context_single_token
qwen2_5_1_5b_instruct,ambiguous_conflict,p_af2af40f48,fact_c6f2f1741c,geography,Krakow,Warsaw,no_context_single_token
qwen2_5_1_5b_instruct,ambiguous_conflict,p_7e99d58857,fact_4eed072e0a,geography,Lviv,Kyiv,neither
qwen2_5_1_5b_instruct,ambiguous_conflict,p_ea5970703e,fact_1c83d19930,geography,Cluj,Bucharest,neither
qwen2_5_1_5b_instruct,ambiguous_conflict,p_75b00449cc,fact_7c6956c666,geography,Debrecen,Budapest,no_context_single_token
qwen2_5_1_5b_instruct,ambiguous_conflict,p_92b259aca7,fact_635a00293d,geography,Antwerp,Brussels,no_context_single_token
qwen2_5_1_5b_instruct,ambiguous_conflict,p_8b14b5fe4b,fact_a5fe058fe7,geography,Phuket,Bangkok,no_context_single_token
qwen2_5_1_5b_instruct,ambiguous_conflict,p_c52f82134c,fact_4bbeadf6ad,geography,Saigon,Hanoi,neither
qwen2_5_1_5b_instruct,ambiguous_conflict,p_67d96172db,fact_a235a13cfc,geography,Cebu,Manila,no_context_single_token
qwen2_5_1_5b_instruct,ambiguous_conflict,p_14ea8f46b9,fact_7b0d3cbc7d,geography,Penang,Kuala Lumpur,neither
qwen2_5_1_5b_instruct,ambiguous_conflict,p_0690d0c5c0,fact_76fd43d9a1,geography,Busan,Seoul,no_context_single_token
qwen2_5_1_5b_instruct,ambiguous_conflict,p_0bdef1e240,fact_c53d00f125,geography,Mombasa,Nairobi,no_context_single_token
qwen2_5_1_5b_instruct,ambiguous_conflict,p_73c2063c04,fact_7da9e1a49d,geography,Lagos,Abuja,no_memory_single_token
qwen2_5_1_5b_instruct,ambiguous_conflict,p_f39ce51722,fact_43a61a9717,geography,Casablanca,Rabat,neither
qwen2_5_1_5b_instruct,ambiguous_conflict,p_4cb8abc48f,fact_d1a7ba5a02,geography,Nairobi,Addis Ababa,no_memory_single_token
qwen2_5_1_5b_instruct,ambiguous_conflict,p_6c6a905b85,fact_4ac8a5d8a6,geography,Kumasi,Accra,neither
qwen2_5_1_5b_instruct,ambiguous_conflict,p_5b6986ba4d,fact_a08651e3a6,geography,Chittagong,Dhaka,neither
qwen2_5_1_5b_instruct,ambiguous_conflict,p_3a2f27e19a,fact_69259664b6,geography,Colombo,Sri Jayawardenepura Kotte,neither
qwen2_5_1_5b_instruct,ambiguous_conflict,p_05a50b0c75,fact_0c5ef66604,geography,Los Angeles,Sacramento,no_context_single_token
qwen2_5_1_5b_instruct,ambiguous_conflict,p_7833c19965,fact_b5dacf01fb,geography,Miami,Tallahassee,no_memory_single_token
qwen2_5_1_5b_instruct,ambiguous_conflict,p_54a4fbda42,fact_12c37a2b97,geography,New York City,Albany,no_context_single_token
qwen2_5_1_5b_instruct,ambiguous_conflict,p_bedfe6dad5,fact_7f94c6b033,geography,Philadelphia,Harrisburg,no_memory_single_token
qwen2_5_1_5b_instruct,ambiguous_conflict,p_ef133f8d38,fact_e11e5bad57,geography,Las Vegas,Carson City,neither
qwen2_5_1_5b_instruct,ambiguous_conflict,p_938b7ad4ac,fact_67f1571903,geography,Baltimore,Annapolis,no_memory_single_token
qwen2_5_1_5b_instruct,ambiguous_conflict,p_3b1442a1f3,fact_c4dbfabb88,geography,Minneapolis,Saint Paul,no_memory_single_token
qwen2_5_1_5b_instruct,ambiguous_conflict,p_349c7b5011,fact_ad986f03e1,geography,New Orleans,Baton Rouge,neither
qwen2_5_1_5b_instruct,ambiguous_conflict,p_64bd7a5a4e,fact_90c385f2dc,geography,Louisville,Frankfort,no_memory_single_token
qwen2_5_1_5b_instruct,ambiguous_conflict,p_98f6e8c97c,fact_18b6eda606,geography,New Haven,Hartford,no_context_single_token
qwen2_5_1_5b_instruct,ambiguous_conflict,p_24563a9e08,fact_39cee6bcd6,geography,Provo,Salt Lake City,neither
qwen2_5_1_5b_instruct,ambiguous_conflict,p_e78015860f,fact_23011915f5,geography,Cedar Rapids,Des Moines,neither
qwen2_5_1_5b_instruct,ambiguous_conflict,p_377bf23768,fact_57d9029279,geography,Biloxi,Jackson,no_context_single_token
qwen2_5_1_5b_instruct,ambiguous_conflict,p_de601fd461,fact_204e343618,geography,Wichita,Topeka,no_memory_single_token
qwen2_5_1_5b_instruct,ambiguous_conflict,p_8a80bc1ccc,fact_2b97c29591,geography,Nampa,Boise,no_context_single_token
qwen2_5_1_5b_instruct,ambiguous_conflict,p_a19341739d,fact_8fcae9fadc,geography,Hilo,Honolulu,no_context_single_token
qwen2_5_1_5b_instruct,ambiguous_conflict,p_94c96f789f,fact_51830d1683,geography,Anchorage,Juneau,neither
qwen2_5_1_5b_instruct,ambiguous_conflict,p_41f2ca5ca9,fact_8b142e6764,geography,Billings,Helena,no_context_single_token
qwen2_5_1_5b_instruct,ambiguous_conflict,p_1eb8e4c91a,fact_6d1a9d7a60,geography,Burlington,Montpelier,no_memory_single_token
qwen2_5_1_5b_instruct,ambiguous_conflict,p_5daac04756,fact_252cbea80e,geography,Casper,Cheyenne,neither
qwen2_5_1_5b_instruct,ambiguous_conflict,p_deeb6443db,fact_1c182617ac,geography,Fargo,Bismarck,no_memory_single_token
qwen2_5_1_5b_instruct,ambiguous_conflict,p_fd79ea9be7,fact_9cf484fbad,geography,Sioux Falls,Pierre,no_context_single_token
qwen2_5_1_5b_instruct,ambiguous_conflict,p_2ac116983f,fact_d74971e01c,geography,peso,rupee,no_memory_single_token
qwen2_5_1_5b_instruct,ambiguous_conflict,p_24e69647b3,fact_5593c8294f,geography,euro,ruble,no_memory_single_token
qwen2_5_1_5b_instruct,ambiguous_conflict,p_d6248834f3,fact_ecd7399509,geography,euro,krona,no_memory_single_token
qwen2_5_1_5b_instruct,ambiguous_conflict,p_bca1a360a0,fact_ec84017d27,geography,euro,krone,no_memory_single_token
qwen2_5_1_5b_instruct,ambiguous_conflict,p_2aa93f8d0b,fact_522a0f0048,geography,dirham,riyal,neither
qwen2_5_1_5b_instruct,ambiguous_conflict,p_b36a0683d0,fact_24c47ff7c5,geography,riyal,dirham,neither
qwen2_5_1_5b_instruct,ambiguous_conflict,p_61d54fb702,fact_6a864232a1,chemistry,12,11,neither
qwen2_5_1_5b_instruct,ambiguous_conflict,p_1631e5c9da,fact_bb0e3ef7c1,chemistry,16,15,neither
qwen2_5_1_5b_instruct,ambiguous_conflict,p_173fd59cad,fact_2fad0b0703,chemistry,15,16,neither
qwen2_5_1_5b_instruct,ambiguous_conflict,p_8372db846a,fact_2604b685fa,chemistry,18,17,neither
qwen2_5_1_5b_instruct,ambiguous_conflict,p_f44f55ded8,fact_d25769596a,chemistry,20,19,neither
qwen2_5_1_5b_instruct,ambiguous_conflict,p_45f0eb0e7d,fact_da10d5a901,chemistry,19,20,neither
qwen2_5_1_5b_instruct,ambiguous_conflict,p_cb7f720ce5,fact_b5d325043b,chemistry,27,26,neither
qwen2_5_1_5b_instruct,ambiguous_conflict,p_4ae337a662,fact_29a641a459,chemistry,30,29,neither
qwen2_5_1_5b_instruct,ambiguous_conflict,p_4a24ba9b45,fact_9c9a2e4da3,chemistry,29,30,neither
qwen2_5_1_5b_instruct,ambiguous_conflict,p_739f6f9e95,fact_c43e1459a6,chemistry,48,47,neither
qwen2_5_1_5b_instruct,ambiguous_conflict,p_fd94fc225e,fact_0b868e4408,chemistry,80,79,neither
qwen2_5_1_5b_instruct,ambiguous_conflict,p_ad7621f789,fact_cbc55e7f44,chemistry,81,82,neither
qwen2_5_1_5b_instruct,ambiguous_conflict,p_dcc3230c99,fact_08eccaf034,chemistry,91,92,neither
qwen2_5_1_5b_instruct,ambiguous_conflict,p_7cf05a54e2,fact_8f6079efd0,chemistry,10,9,no_context_single_token
qwen2_5_1_5b_instruct,ambiguous_conflict,p_c51e5247ee,fact_a6120a2c95,chemistry,9,10,no_memory_single_token
qwen2_5_1_5b_instruct,ambiguous_conflict,p_6c5f09d733,fact_091f43d021,chemistry,14,13,neither
qwen2_5_1_5b_instruct,ambiguous_conflict,p_a987b8d89f,fact_02df6b17bd,chemistry,13,14,neither
qwen2_5_1_5b_instruct,ambiguous_conflict,p_7120faf308,fact_5c0dc7c4c5,chemistry,17,18,neither
qwen2_5_1_5b_instruct,ambiguous_conflict,p_0ec4f32cad,fact_c8249fcab8,chemistry,23,22,neither
qwen2_5_1_5b_instruct,ambiguous_conflict,p_a3e86b0b7c,fact_a4be9609ed,chemistry,25,24,neither
qwen2_5_1_5b_instruct,ambiguous_conflict,p_3f493be129,fact_7e9552185f,chemistry,24,25,neither
qwen2_5_1_5b_instruct,ambiguous_conflict,p_6a41700dde,fact_06db44d557,chemistry,28,27,neither
qwen2_5_1_5b_instruct,ambiguous_conflict,p_01712cd380,fact_7c8ef8f074,chemistry,27,28,neither
qwen2_5_1_5b_instruct,ambiguous_conflict,p_a01e860893,fact_7989d46bd5,chemistry,36,35,neither
qwen2_5_1_5b_instruct,ambiguous_conflict,p_c970a1bccf,fact_fef8128d0d,chemistry,90,100,neither
qwen2_5_1_5b_instruct,ambiguous_conflict,p_6c1171b77f,fact_8a94d9d5cc,chemistry,80,78,neither
qwen2_5_1_5b_instruct,ambiguous_conflict,p_26d2f4f3ba,fact_95d3459c6f,chemistry,-200,-196,neither
qwen2_5_1_5b_instruct,ambiguous_conflict,p_3f0ae9aa24,fact_fe677d97b8,chemistry,-180,-183,neither
qwen2_5_1_5b_instruct,ambiguous_conflict,p_cb1a71c992,fact_8f256de3b3,chemistry,3000,2862,neither
qwen2_5_1_5b_instruct,ambiguous_conflict,p_14c39134a9,fact_d088f13b9f,chemistry,3000,2856,neither
qwen2_5_1_5b_instruct,ambiguous_conflict,p_3db5ed57fe,fact_78050045a0,chemistry,2500,2562,neither
qwen2_5_1_5b_instruct,ambiguous_conflict,p_3872959fb5,fact_b71dc5a415,chemistry,1700,1749,neither
qwen2_5_1_5b_instruct,ambiguous_conflict,p_15127ed052,fact_f1d21d7d3f,chemistry,2200,2162,neither
qwen2_5_1_5b_instruct,ambiguous_conflict,p_7b193512ad,fact_f59785647d,chemistry,-250,-253,neither
qwen2_5_1_5b_instruct,ambiguous_conflict,p_52e1a3d951,fact_e9a1aeb387,chemistry,-270,-269,neither
qwen2_5_1_5b_instruct,ambiguous_conflict,p_c45d47d435,fact_0de3017cd4,chemistry,100,78,neither
qwen2_5_1_5b_instruct,ambiguous_conflict,p_16f1cc2058,fact_7c23c9f721,astronomy,80,95,neither
qwen2_5_1_5b_instruct,ambiguous_conflict,p_553880fc4a,fact_3b24ebd9f0,astronomy,130,146,neither
qwen2_5_1_5b_instruct,ambiguous_conflict,p_4646f5b509,fact_da8e8fbaf5,astronomy,20,28,neither
qwen2_5_1_5b_instruct,ambiguous_conflict,p_be7ee60bb1,fact_98766b58a5,astronomy,20,16,neither
qwen2_5_1_5b_instruct,ambiguous_conflict,p_ff23609d53,fact_4728a74172,astronomy,planet,dwarf planet,no_memory_single_token
qwen2_5_1_5b_instruct,ambiguous_conflict,p_a40f5c65c1,fact_687e3cfc53,astronomy,nebula,galaxy,no_context_single_token
qwen2_5_1_5b_instruct,ambiguous_conflict,p_1698a4fb65,fact_01e7906f85,astronomy,artificial satellite,natural satellite,neither
qwen2_5_1_5b_instruct,ambiguous_conflict,p_370e09facf,fact_c9a31e611a,biology,flock,gaggle,no_memory_single_token
qwen2_5_1_5b_instruct,ambiguous_conflict,p_865a2d3a28,fact_2513c2338c,biology,flock,flamboyance,no_memory_single_token
qwen2_5_1_5b_instruct,ambiguous_conflict,p_2edb1a2ef0,fact_f11a277a8a,biology,8,10,no_memory_single_token
qwen2_5_1_5b_instruct,ambiguous_conflict,p_dd2059b1a9,fact_de0e9f2f76,biology,10,8,no_context_single_token
qwen2_5_1_5b_instruct,ambiguous_conflict,p_fb3752cd76,fact_35833bcc4a,biology,8,10,no_memory_single_token
qwen2_5_1_5b_instruct,ambiguous_conflict,p_84c8346adb,fact_f60c2021fa,biology,bird,mammal,no_memory_single_token
qwen2_5_1_5b_instruct,ambiguous_conflict,p_225ad54a63,fact_2cb53d8be2,biology,fish,mammal,no_memory_single_token
qwen2_5_1_5b_instruct,ambiguous_conflict,p_7458175d8f,fact_3188c3d1ae,biology,fish,mammal,no_memory_single_token
qwen2_5_1_5b_instruct,ambiguous_conflict,p_7fb0183ce5,fact_85087344ba,biology,reptile,mammal,neither
qwen2_5_1_5b_instruct,ambiguous_conflict,p_5905f629a1,fact_0de2dcf992,biology,reptile,amphibian,neither
qwen2_5_1_5b_instruct,ambiguous_conflict,p_03702996e3,fact_308c87aed8,biology,amphibian,reptile,neither
qwen2_5_1_5b_instruct,ambiguous_conflict,p_5eeaeb5453,fact_867d11dfe7,biology,reptile,amphibian,neither
qwen2_5_1_5b_instruct,ambiguous_conflict,p_f59e5a8a64,fact_180a275f41,biology,mammal,fish,no_context_single_token
qwen2_5_1_5b_instruct,ambiguous_conflict,p_c7c44727ad,fact_10d2374984,biology,amphibian,reptile,neither
qwen2_5_1_5b_instruct,ambiguous_conflict,p_438caca335,fact_8959016b9c,biology,mammal,fish,no_context_single_token
qwen2_5_1_5b_instruct,ambiguous_conflict,p_88c6cfa436,fact_7b587f2129,biology,fish,invertebrate,no_memory_single_token
qwen2_5_1_5b_instruct,ambiguous_conflict,p_885b4366db,fact_7edffb20d1,biology,fish,crustacean,no_memory_single_token
qwen2_5_1_5b_instruct,ambiguous_conflict,p_02ffd177cc,fact_30bdbc5bc3,biology,insect,mollusk,no_memory_single_token
qwen2_5_1_5b_instruct,ambiguous_conflict,p_f68c271e75,fact_ffdca41653,biology,insect,annelid,no_memory_single_token
qwen2_5_1_5b_instruct,ambiguous_conflict,p_f82aae4051,fact_69f6727917,biology,100,120,neither
qwen2_5_1_5b_instruct,ambiguous_conflict,p_3880b07d35,fact_e7e7b24423,biology,300,389,neither
qwen2_5_1_5b_instruct,ambiguous_conflict,p_d05a8746ea,fact_b2e155ca4c,biology,70,80,neither
qwen2_5_1_5b_instruct,ambiguous_conflict,p_e283e1b23c,fact_e6d18fe474,biology,70,88,neither
qwen2_5_1_5b_instruct,ambiguous_conflict,p_0d026af378,fact_6e1b1677c3,biology,60,70,neither
qwen2_5_1_5b_instruct,ambiguous_conflict,p_58472b0277,fact_50167cdb92,biology,40,56,neither
qwen2_5_1_5b_instruct,ambiguous_conflict,p_38ae9b9878,fact_dda56837f8,biology,50,40,neither
qwen2_5_1_5b_instruct,ambiguous_conflict,p_b21b85bbc3,fact_aaf40f91bc,physics,Joule,Newton,no_context_single_token
qwen2_5_1_5b_instruct,ambiguous_conflict,p_312185b454,fact_a98b348240,physics,Watt,Joule,no_memory_single_token
qwen2_5_1_5b_instruct,ambiguous_conflict,p_2d96c87cb3,fact_4db8c24955,physics,Joule,Watt,no_context_single_token
qwen2_5_1_5b_instruct,ambiguous_conflict,p_c43ef3b8cf,fact_9dc297664d,physics,Watt,Hertz,no_memory_single_token
qwen2_5_1_5b_instruct,ambiguous_conflict,p_ea3ef3bc03,fact_83b7bbe8f6,physics,Volt,Ampere,no_memory_single_token
qwen2_5_1_5b_instruct,ambiguous_conflict,p_fe3cec2599,fact_eee51a6fcf,physics,Ampere,Volt,no_context_single_token
qwen2_5_1_5b_instruct,ambiguous_conflict,p_d5cc385502,fact_92f10dde6d,physics,Volt,Ohm,no_memory_single_token
qwen2_5_1_5b_instruct,ambiguous_conflict,p_15146f0d91,fact_0df87ca473,physics,Ohm,Farad,neither
qwen2_5_1_5b_instruct,ambiguous_conflict,p_c1348cde7f,fact_e98ce0fd89,physics,Lumen,Candela,neither
qwen2_5_1_5b_instruct,ambiguous_conflict,p_d66d71ac3e,fact_33f052cfec,physics,Curie,Becquerel,neither
qwen2_5_1_5b_instruct,ambiguous_conflict,p_15b8252224,fact_17e6fa8431,physics,Sievert,Gray,no_context_single_token
qwen2_5_1_5b_instruct,ambiguous_conflict,p_728c94cb09,fact_4c8aeef5e5,physics,Farad,Henry,no_context_single_token
qwen2_5_1_5b_instruct,ambiguous_conflict,p_60a62b90f2,fact_fc2027e8bc,physics,F=mv,F=ma,neither
qwen2_5_1_5b_instruct,ambiguous_conflict,p_0113d5ce51,fact_9ee0a1b3e7,physics,300000000,299792458,neither
qwen2_5_1_5b_instruct,ambiguous_conflict,p_5f38a12f6c,fact_88c63537c8,physics,6.626e-32,6.626e-34,neither
qwen2_5_1_5b_instruct,ambiguous_conflict,p_f7061f5dac,fact_56787410b6,history,1778,1776,neither
qwen2_5_1_5b_instruct,ambiguous_conflict,p_9610ba0687,fact_a9f44e0d47,history,1791,1789,neither
qwen2_5_1_5b_instruct,ambiguous_conflict,p_e59f2be7b5,fact_8001ff34f9,history,1916,1914,neither
qwen2_5_1_5b_instruct,ambiguous_conflict,p_325f44f3be,fact_ec6140dd2c,history,1919,1918,neither
qwen2_5_1_5b_instruct,ambiguous_conflict,p_2b4d211120,fact_ac8d5d6d7d,history,1940,1939,neither
qwen2_5_1_5b_instruct,ambiguous_conflict,p_f9419e018f,fact_4cf2c8f74b,history,1946,1945,neither
qwen2_5_1_5b_instruct,ambiguous_conflict,p_7360d1348d,fact_88e1aaaf92,history,1970,1969,neither
qwen2_5_1_5b_instruct,ambiguous_conflict,p_e996d23661,fact_def1984e62,history,1990,1989,neither
qwen2_5_1_5b_instruct,ambiguous_conflict,p_781785e565,fact_1f0b7c83f2,history,1963,1961,neither
qwen2_5_1_5b_instruct,ambiguous_conflict,p_dc21acfdaf,fact_79f60faa27,history,1955,1953,neither
qwen2_5_1_5b_instruct,ambiguous_conflict,p_74d7a17915,fact_9f33a3cda8,history,1907,1905,neither
qwen2_5_1_5b_instruct,ambiguous_conflict,p_e3d008c2ee,fact_1f407179eb,history,1930,1928,neither
qwen2_5_1_5b_instruct,ambiguous_conflict,p_e7270dfd04,fact_28bf618b1f,history,1494,1492,neither
qwen2_5_1_5b_instruct,ambiguous_conflict,p_0882ada14f,fact_3124bfa91d,history,1905,1903,neither
qwen2_5_1_5b_instruct,ambiguous_conflict,p_754fb8e3af,fact_011b861fb3,history,1959,1957,neither
qwen2_5_1_5b_instruct,ambiguous_conflict,p_4c270f1c14,fact_52c8794331,history,1866,1865,neither
qwen2_5_1_5b_instruct,ambiguous_conflict,p_b691eeed6f,fact_cbcb55107d,history,1918,1917,neither
qwen2_5_1_5b_instruct,ambiguous_conflict,p_baf147ed16,fact_6128e90655,history,1800,1799,neither
qwen2_5_1_5b_instruct,ambiguous_conflict,p_f156a90187,fact_57918bb58a,history,1816,1815,neither
qwen2_5_1_5b_instruct,ambiguous_conflict,p_30c38aa6ad,fact_ce46388c3b,history,1217,1215,neither
qwen2_5_1_5b_instruct,ambiguous_conflict,p_7073760cad,fact_6cf5527831,history,15,16,neither
qwen2_5_1_5b_instruct,ambiguous_conflict,p_5eaebac15e,fact_a87645d8ed,history,27,26,neither
qwen2_5_1_5b_instruct,ambiguous_conflict,p_229806bdf4,fact_622779fadf,history,29,28,neither
qwen2_5_1_5b_instruct,ambiguous_conflict,p_967fb69b5a,fact_b5baf0b628,history,31,32,neither
qwen2_5_1_5b_instruct,ambiguous_conflict,p_7b48c152bc,fact_da172ece4b,history,34,33,neither
qwen2_5_1_5b_instruct,ambiguous_conflict,p_9d89288b9c,fact_8c9756b9d0,history,33,34,neither
qwen2_5_1_5b_instruct,ambiguous_conflict,p_3b134d6bf3,fact_d37b58fff1,history,36,35,neither
qwen2_5_1_5b_instruct,ambiguous_conflict,p_357be2038a,fact_d6969e8665,history,37,36,neither
qwen2_5_1_5b_instruct,ambiguous_conflict,p_5a909308d9,fact_ea53141fa4,history,38,37,neither
qwen2_5_1_5b_instruct,ambiguous_conflict,p_62240519ad,fact_12dd35aa07,history,40,39,neither
qwen2_5_1_5b_instruct,ambiguous_conflict,p_c7f3e96102,fact_4efd2c037f,history,41,40,neither
qwen2_5_1_5b_instruct,ambiguous_conflict,p_acfef9c61f,fact_03751c2969,history,43,42,neither
qwen2_5_1_5b_instruct,ambiguous_conflict,p_bff50d6342,fact_72b75e2f76,history,43,44,neither
qwen2_5_1_5b_instruct,ambiguous_conflict,p_0dcf07fcda,fact_534496097a,history,Thomas Edison,Alexander Graham Bell,neither
qwen2_5_1_5b_instruct,ambiguous_conflict,p_84fbb30079,fact_dc5ea8d389,history,Nikola Tesla,Thomas Edison,neither
qwen2_5_1_5b_instruct,ambiguous_conflict,p_41a844ee75,fact_1c3dc5a167,history,Glenn Curtiss,Wright Brothers,neither
qwen2_5_1_5b_instruct,ambiguous_conflict,p_fad567baa4,fact_379667963a,history,Nikola Tesla,Guglielmo Marconi,neither
qwen2_5_1_5b_instruct,ambiguous_conflict,p_11c5420049,fact_7ab7080a6a,history,Vint Cerf,Tim Berners-Lee,neither
qwen2_5_1_5b_instruct,ambiguous_conflict,p_adb2a70c11,fact_d78217e572,history,William Caxton,Johannes Gutenberg,neither
qwen2_5_1_5b_instruct,ambiguous_conflict,p_074dfd5b3b,fact_ce6a63688d,history,Hiram Maxim,Alfred Nobel,neither
qwen2_5_1_5b_instruct,ambiguous_conflict,p_1fbe2f2dd2,fact_e8071c91f8,history,Marie Curie,Wilhelm Roentgen,neither
qwen2_5_1_5b_instruct,ambiguous_conflict,p_968f1ce20b,fact_774b4dad6b,history,George Stephenson,James Watt,neither
qwen2_5_1_5b_instruct,ambiguous_conflict,p_da11bd01fa,fact_1acfc107f3,history,Philo Farnsworth,John Logie Baird,neither
qwen2_5_1_5b_instruct,ambiguous_conflict,p_9490d6b06c,fact_db1a93c105,history,Louis Pasteur,Alexander Fleming,neither
qwen2_5_1_5b_instruct,ambiguous_conflict,p_d711753c49,fact_c7dc04bd2e,history,John Dalton,Dmitri Mendeleev,neither
qwen2_5_1_5b_instruct,ambiguous_conflict,p_6f05ba16ed,fact_3196c6c8c8,history,Galileo Galilei,Isaac Newton,neither
qwen2_5_1_5b_instruct,ambiguous_conflict,p_4e65c92432,fact_432eb59b08,history,Alfred Wallace,Charles Darwin,neither
qwen2_5_1_5b_instruct,ambiguous_conflict,p_a32709d8c7,fact_50e801468a,literature,Marlowe,Shakespeare,no_context_single_token
qwen2_5_1_5b_instruct,ambiguous_conflict,p_700d89d848,fact_0bec00e1de,literature,Ben Jonson,Shakespeare,no_context_single_token
qwen2_5_1_5b_instruct,ambiguous_conflict,p_bf276b1d53,fact_7d331f3f7b,literature,Charlotte Bronte,Jane Austen,neither
qwen2_5_1_5b_instruct,ambiguous_conflict,p_8b99ad5dd5,fact_a961512401,literature,Jane Austen,Charlotte Bronte,neither
qwen2_5_1_5b_instruct,ambiguous_conflict,p_674f020626,fact_64b601f163,literature,Charlotte Bronte,Emily Bronte,neither
qwen2_5_1_5b_instruct,ambiguous_conflict,p_34a5f45ef3,fact_6cb35e736c,literature,Nathaniel Hawthorne,Herman Melville,neither
qwen2_5_1_5b_instruct,ambiguous_conflict,p_668da9952f,fact_b5b9de5ec2,literature,Ernest Hemingway,F Scott Fitzgerald,neither
qwen2_5_1_5b_instruct,ambiguous_conflict,p_7fe557bfd1,fact_6fc8a6104a,literature,Aldous Huxley,George Orwell,neither
qwen2_5_1_5b_instruct,ambiguous_conflict,p_a258464ab0,fact_8f5dcf5194,literature,George Orwell,Aldous Huxley,neither
qwen2_5_1_5b_instruct,ambiguous_conflict,p_bd549a8964,fact_b8fef2c6a4,literature,Aldous Huxley,George Orwell,neither
qwen2_5_1_5b_instruct,ambiguous_conflict,p_7b5bf25b3f,fact_579c196183,literature,Lope de Vega,Miguel de Cervantes,neither
qwen2_5_1_5b_instruct,ambiguous_conflict,p_bdb8b4f643,fact_dbbf94376a,literature,Tolstoy,Dostoevsky,neither
qwen2_5_1_5b_instruct,ambiguous_conflict,p_fb4f9de217,fact_524416f26a,literature,Dostoevsky,Tolstoy,neither
qwen2_5_1_5b_instruct,ambiguous_conflict,p_f18ee3e76b,fact_cfa574c278,literature,Virgil,Homer,no_context_single_token
qwen2_5_1_5b_instruct,ambiguous_conflict,p_3aed745bb2,fact_1ca6d99e0a,literature,Virgil,Homer,no_context_single_token
qwen2_5_1_5b_instruct,ambiguous_conflict,p_2bdb9b3046,fact_a321408331,literature,Petrarch,Dante Alighieri,neither
qwen2_5_1_5b_instruct,ambiguous_conflict,p_aa933a08bb,fact_9721d32e7f,literature,Schiller,Goethe,neither
qwen2_5_1_5b_instruct,ambiguous_conflict,p_9450d2567c,fact_d743e9af44,literature,John Lydgate,Geoffrey Chaucer,neither
qwen2_5_1_5b_instruct,ambiguous_conflict,p_8f67523910,fact_88e56ada95,literature,John Dryden,John Milton,neither
qwen2_5_1_5b_instruct,ambiguous_conflict,p_768e3e3318,fact_0af5a11ed5,literature,Christopher Marlowe,Shakespeare,no_context_single_token
qwen2_5_1_5b_instruct,ambiguous_conflict,p_25678cb11c,fact_86e8d0f6ff,literature,Ben Jonson,Shakespeare,no_context_single_token
qwen2_5_1_5b_instruct,ambiguous_conflict,p_08c3eec60f,fact_fe6feec206,literature,Christopher Marlowe,Shakespeare,no_context_single_token
qwen2_5_1_5b_instruct,ambiguous_conflict,p_0d1a8a66b4,fact_38fc4eab32,literature,Francis Bacon,Shakespeare,no_context_single_token
qwen2_5_1_5b_instruct,ambiguous_conflict,p_b669706bae,fact_c3d173e776,literature,Herman Melville,Nathaniel Hawthorne,neither
qwen2_5_1_5b_instruct,ambiguous_conflict,p_6cb58dcccd,fact_5d86fdb619,literature,Edgar Allan Poe,Mark Twain,neither
qwen2_5_1_5b_instruct,ambiguous_conflict,p_c0f63ae4e2,fact_2e584929ec,literature,Mark Twain,Edgar Allan Poe,neither
qwen2_5_1_5b_instruct,ambiguous_conflict,p_8aa022f7b4,fact_e66f895447,literature,Bram Stoker,Mary Shelley,neither
qwen2_5_1_5b_instruct,ambiguous_conflict,p_639f74a61b,fact_fafef090c7,literature,Mary Shelley,Bram Stoker,neither
qwen2_5_1_5b_instruct,ambiguous_conflict,p_7e67a44c8c,fact_75b6ebd34f,literature,George Bernard Shaw,Oscar Wilde,neither
qwen2_5_1_5b_instruct,ambiguous_conflict,p_ca593d1222,fact_867e3d97a5,literature,Oscar Wilde,George Bernard Shaw,neither
qwen2_5_1_5b_instruct,ambiguous_conflict,p_7cd55571c3,fact_c5ec3ad503,music,woodwind,string,no_context_single_token
qwen2_5_1_5b_instruct,ambiguous_conflict,p_e26fac36e4,fact_d808853248,music,woodwind,string,no_context_single_token
qwen2_5_1_5b_instruct,ambiguous_conflict,p_baec0db104,fact_eb6322c411,music,string,woodwind,no_memory_single_token
qwen2_5_1_5b_instruct,ambiguous_conflict,p_fc03c1054f,fact_3324e476ca,music,brass,woodwind,no_memory_single_token
qwen2_5_1_5b_instruct,ambiguous_conflict,p_78fabffd73,fact_a3733e10c2,music,brass,woodwind,no_memory_single_token
qwen2_5_1_5b_instruct,ambiguous_conflict,p_4ef2d84276,fact_43ff18bde4,music,brass,woodwind,no_memory_single_token
qwen2_5_1_5b_instruct,ambiguous_conflict,p_0b244c23d5,fact_42a20f452f,music,brass,woodwind,no_memory_single_token
qwen2_5_1_5b_instruct,ambiguous_conflict,p_9a964f4379,fact_27557e6137,music,woodwind,brass,no_context_single_token
qwen2_5_1_5b_instruct,ambiguous_conflict,p_79893a5a50,fact_6ecf413253,music,woodwind,brass,no_context_single_token
qwen2_5_1_5b_instruct,ambiguous_conflict,p_5a399d93ca,fact_17f3853a94,music,woodwind,brass,no_context_single_token
qwen2_5_1_5b_instruct,ambiguous_conflict,p_360ec6dd79,fact_735c2eed94,music,woodwind,percussion,no_context_single_token
qwen2_5_1_5b_instruct,ambiguous_conflict,p_c441f9ce0c,fact_50deb00e5f,music,woodwind,string,no_context_single_token
qwen2_5_1_5b_instruct,ambiguous_conflict,p_2f5f092ba1,fact_0ae22aa1ec,music,woodwind,string,no_context_single_token
qwen2_5_1_5b_instruct,ambiguous_conflict,p_ef68d67c35,fact_0e9dde73b9,music,woodwind,string,no_context_single_token
qwen2_5_1_5b_instruct,ambiguous_conflict,p_81e761bce7,fact_c07f6eb419,mathematics,24,25,neither
qwen2_5_1_5b_instruct,ambiguous_conflict,p_571eb0c651,fact_69de6fd3ae,mathematics,54,56,neither
qwen2_5_1_5b_instruct,ambiguous_conflict,p_6d5fb23984,fact_5f8e86fabb,mathematics,80,81,neither
qwen2_5_1_5b_instruct,ambiguous_conflict,p_a9b648251a,fact_cb2d2e91eb,mathematics,145,144,neither
qwen2_5_1_5b_instruct,ambiguous_conflict,p_9efd11aebe,fact_a197c45de5,mathematics,512,256,neither
qwen2_5_1_5b_instruct,ambiguous_conflict,p_fbd86bc4d8,fact_ce6f97489b,mathematics,512,1024,neither
qwen2_5_1_5b_instruct,ambiguous_conflict,p_e7443254d5,fact_8c926fc1bd,mathematics,11,12,neither
qwen2_5_1_5b_instruct,ambiguous_conflict,p_77c25a730a,fact_4d5af79c4e,mathematics,100,120,neither
qwen2_5_1_5b_instruct,ambiguous_conflict,p_3fc3bc1cb7,fact_bccde82503,mathematics,20,24,neither
qwen2_5_1_5b_instruct,ambiguous_conflict,p_11f9d6cb59,fact_87f0b7b0aa,mathematics,3.16,3.14,neither
qwen2_5_1_5b_instruct,ambiguous_conflict,p_4e9b1febc2,fact_4ee49464f9,mathematics,45,90,neither
qwen2_5_1_5b_instruct,ambiguous_conflict,p_402bb81007,fact_b6ec3374ba,mathematics,360,180,neither
qwen2_5_1_5b_instruct,ambiguous_conflict,p_083a709194,fact_1354756506,mathematics,180,360,neither
qwen2_5_1_5b_instruct,ambiguous_conflict,p_a0cacd5e7d,fact_b830604e86,mathematics,360,180,neither
qwen2_5_1_5b_instruct,ambiguous_conflict,p_5376c568f3,fact_83e5330282,mathematics,180,360,neither
qwen2_5_1_5b_instruct,ambiguous_conflict,p_029800e94d,fact_fb36e1341a,biology,48,46,neither
qwen2_5_1_5b_instruct,ambiguous_conflict,p_17e83f3e49,fact_92cbeb1ccc,biology,76,78,neither
qwen2_5_1_5b_instruct,ambiguous_conflict,p_735fec302a,fact_e5e0df5e29,biology,36,38,neither
qwen2_5_1_5b_instruct,ambiguous_conflict,p_50a6a7acbe,fact_ebaae32223,biology,62,64,neither
qwen2_5_1_5b_instruct,ambiguous_conflict,p_eaa2f73156,fact_7459b6df2f,biology,46,48,neither
qwen2_5_1_5b_instruct,ambiguous_conflict,p_7a7182692c,fact_abb3fbb79e,biology,10,8,no_context_single_token
qwen2_5_1_5b_instruct,ambiguous_conflict,p_e046bb4c62,fact_b489166d56,biology,76,78,neither
qwen2_5_1_5b_instruct,ambiguous_conflict,p_d8bff8c062,fact_de913ff24f,biology,46,48,neither
qwen2_5_1_5b_instruct,ambiguous_conflict,p_124cd722ec,fact_bd47cf34ba,biology,retinol,ascorbic acid,neither
qwen2_5_1_5b_instruct,ambiguous_conflict,p_18b3f8b802,fact_c608fad484,biology,ascorbic acid,retinol,neither
qwen2_5_1_5b_instruct,ambiguous_conflict,p_7d5d762b9f,fact_fba410bfb9,biology,calciferol,cholecalciferol,neither
qwen2_5_1_5b_instruct,ambiguous_conflict,p_9fa4c6dba4,fact_0a64f74c8f,biology,biotin,cobalamin,neither
qwen2_5_1_5b_instruct,ambiguous_conflict,p_d36571a614,fact_8196f397ca,biology,tocopherol,phylloquinone,neither
qwen2_5_1_5b_instruct,ambiguous_conflict,p_bd09519560,fact_71d502cd12,biology,phylloquinone,tocopherol,neither
qwen2_5_1_5b_instruct,ambiguous_conflict,p_056ca26839,fact_80c1f0b60e,biology,riboflavin,thiamine,neither
qwen2_5_1_5b_instruct,ambiguous_conflict,p_150156a01c,fact_81491497cf,biology,thiamine,riboflavin,neither
qwen2_5_1_5b_instruct,ambiguous_conflict,p_065c3a4368,fact_b03f402e98,biology,riboflavin,niacin,neither
qwen2_5_1_5b_instruct,ambiguous_conflict,p_3dfbc13942,fact_b76964213e,biology,niacin,folate,neither
qwen2_5_1_5b_instruct,ambiguous_conflict,p_8dfa06cf84,fact_ed29491528,physics,condensation,evaporation,neither
qwen2_5_1_5b_instruct,ambiguous_conflict,p_448316f4bc,fact_8b5f90d1c9,physics,evaporation,condensation,neither
qwen2_5_1_5b_instruct,ambiguous_conflict,p_030c3fb93d,fact_75d16ff435,physics,deposition,sublimation,no_memory_single_token
qwen2_5_1_5b_instruct,ambiguous_conflict,p_4959481979,fact_bf724e5a57,physics,sublimation,deposition,no_context_single_token
qwen2_5_1_5b_instruct,ambiguous_conflict,p_483c5bf298,fact_ca95666daf,chemistry,H2SO4,HCl,neither
qwen2_5_1_5b_instruct,ambiguous_conflict,p_def10e7e0e,fact_5a1fe168b0,chemistry,HCl,H2SO4,neither
qwen2_5_1_5b_instruct,ambiguous_conflict,p_f4ccb071ad,fact_95c0ff4641,chemistry,HCl,HNO3,neither
qwen2_5_1_5b_instruct,ambiguous_conflict,p_204dc331b6,fact_d088c2a623,chemistry,HNO3,CH3COOH,neither
qwen2_5_1_5b_instruct,ambiguous_conflict,p_925637adb6,fact_ec36ddae7a,chemistry,KOH,NaOH,neither
qwen2_5_1_5b_instruct,ambiguous_conflict,p_5f9ff20416,fact_2bfb0aed37,chemistry,NaOH,KOH,neither
qwen2_5_1_5b_instruct,ambiguous_conflict,p_4786fc5223,fact_e7a1d2e24e,chemistry,NaOH,NH3,neither
qwen2_5_1_5b_instruct,ambiguous_conflict,p_e17d8e02ee,fact_cbc9571a4c,chemistry,HCl,H2CO3,neither
qwen2_5_1_5b_instruct,ambiguous_conflict,p_46043d3d3a,fact_457b2a7392,sports,Sao Paulo,Rio de Janeiro,neither
qwen2_5_1_5b_instruct,ambiguous_conflict,p_e0f3ac7270,fact_b1d3a409a6,sports,Thessaloniki,Athens,no_context_single_token
qwen2_5_1_5b_instruct,ambiguous_conflict,p_66f879f620,fact_deefb0c535,sports,Pyeongchang,Beijing,no_context_single_token
qwen2_5_1_5b_instruct,ambiguous_conflict,p_ac947903cf,fact_bd863ad39d,sports,Sochi,Pyeongchang,neither
qwen2_5_1_5b_instruct,ambiguous_conflict,p_a9a0d229b5,fact_919cef6807,sports,Vancouver,Sochi,no_memory_single_token
qwen2_5_1_5b_instruct,ambiguous_conflict,p_e9c386799b,fact_7b28167dc6,sports,Argentina,West Germany,no_memory_single_token
qwen2_5_1_5b_instruct,ambiguous_conflict,p_35358c58e5,fact_fa8aa8c110,sports,West Germany,Argentina,no_context_single_token
qwen2_5_1_5b_instruct,ambiguous_conflict,p_1cc4bd99f6,fact_6d0e60e066,sports,10,11,neither
qwen2_5_1_5b_instruct,ambiguous_conflict,p_ac46dfd6ec,fact_408ea5ffb4,sports,10,11,neither
qwen2_5_1_5b_instruct,ambiguous_conflict,p_2f5c896567,fact_6caf6e61a1,sports,13,15,neither
qwen2_5_1_5b_instruct,ambiguous_conflict,p_4c67d10646,fact_4ec452c94c,sports,15,13,neither
qwen2_5_1_5b_instruct,ambiguous_conflict,p_c1efb4af26,fact_1d35b0d1bb,sports,12,11,neither
qwen2_5_1_5b_instruct,ambiguous_conflict,p_c4fb13bbf5,fact_76fdf8a30d,geography,South America,Africa,no_context_single_token
qwen2_5_1_5b_instruct,ambiguous_conflict,p_8eebe45646,fact_e74e55eed6,geography,Africa,South America,no_memory_single_token
qwen2_5_1_5b_instruct,ambiguous_conflict,p_18f979b6a3,fact_2794b29d74,geography,South America,North America,neither
qwen2_5_1_5b_instruct,ambiguous_conflict,p_7f218036d7,fact_5b5639b023,geography,8800,8849,neither
qwen2_5_1_5b_instruct,ambiguous_conflict,p_c910518a79,fact_3f98b1dbf9,geography,8500,8611,neither
qwen2_5_1_5b_instruct,ambiguous_conflict,p_3e3284eb0f,fact_dd0323f495,geography,8500,8586,neither
qwen2_5_1_5b_instruct,ambiguous_conflict,p_fd12cacdef,fact_7736e511d8,geography,8400,8516,neither
qwen2_5_1_5b_instruct,ambiguous_conflict,p_a0497206de,fact_82717fd9d3,geography,8400,8485,neither
qwen2_5_1_5b_instruct,ambiguous_conflict,p_00f69974b1,fact_4986e8c5bb,geography,8100,8188,neither
qwen2_5_1_5b_instruct,ambiguous_conflict,p_c863173fa5,fact_b477a66807,geography,8100,8167,neither
qwen2_5_1_5b_instruct,ambiguous_conflict,p_2df8526d9d,fact_c65f47acb4,geography,8100,8163,neither
qwen2_5_1_5b_instruct,ambiguous_conflict,p_b6a06b8ac3,fact_821594db29,geography,second largest,largest,no_context_single_token
qwen2_5_1_5b_instruct,ambiguous_conflict,p_c988b9c9e5,fact_7fd8c7505c,geography,largest,second largest,no_memory_single_token
qwen2_5_1_5b_instruct,ambiguous_conflict,p_07ec22b2bb,fact_0a3330ae4f,geography,second largest,third largest,neither
qwen2_5_1_5b_instruct,ambiguous_conflict,p_3d4faa090f,fact_75e76d281e,geography,second smallest,smallest,no_context_single_token
qwen2_5_1_5b_instruct,ambiguous_conflict,p_6cdd63378a,fact_3002f6dd8f,geography,South America,North America,neither
qwen2_5_1_5b_instruct,ambiguous_conflict,p_525e2d7686,fact_fabe8187a5,geography,North America,South America,neither
qwen2_5_1_5b_instruct,ambiguous_conflict,p_2204ad7b98,fact_02351e7b87,geography,North America,South America,neither
qwen2_5_1_5b_instruct,naturalistic_rag,p_faa3aa397c,fact_50f768a4d5,geography,Rio,Brasilia,no_memory_single_token
qwen2_5_1_5b_instruct,naturalistic_rag,p_42ac55692e,fact_18aa9e9202,geography,Mumbai,New Delhi,no_memory_single_token
qwen2_5_1_5b_instruct,naturalistic_rag,p_2a7b1cf889,fact_ca64e96245,geography,St Petersburg,Moscow,no_context_single_token
qwen2_5_1_5b_instruct,naturalistic_rag,p_1c9ed5ffb1,fact_2874804b8c,geography,Cancun,Mexico City,neither
qwen2_5_1_5b_instruct,naturalistic_rag,p_248e00fbf8,fact_286046a449,geography,Cape Town,Pretoria,neither
qwen2_5_1_5b_instruct,naturalistic_rag,p_ba93e9ebfa,fact_44005944e3,geography,Cordoba,Buenos Aires,neither
qwen2_5_1_5b_instruct,naturalistic_rag,p_42d7e08dad,fact_2617dd9d80,geography,Cusco,Lima,no_context_single_token
qwen2_5_1_5b_instruct,naturalistic_rag,p_36b2d050be,fact_0222835aa1,geography,Medellin,Bogota,neither
qwen2_5_1_5b_instruct,naturalistic_rag,p_bf7c551d94,fact_ec31e79d2e,geography,Valparaiso,Santiago,no_context_single_token
qwen2_5_1_5b_instruct,naturalistic_rag,p_7597f72603,fact_650f37efb4,geography,Isfahan,Tehran,no_context_single_token
qwen2_5_1_5b_instruct,naturalistic_rag,p_62045c8564,fact_038c326d27,geography,Basra,Baghdad,no_context_single_token
qwen2_5_1_5b_instruct,naturalistic_rag,p_aab797fd8d,fact_69609ac68d,geography,Jeddah,Riyadh,no_context_single_token
qwen2_5_1_5b_instruct,naturalistic_rag,p_1b96e9719d,fact_875fda5014,geography,Tel Aviv,Jerusalem,no_context_single_token
qwen2_5_1_5b_instruct,naturalistic_rag,p_0e26d69b2e,fact_f5e4bfa6f2,geography,Thessaloniki,Athens,no_context_single_token
qwen2_5_1_5b_instruct,naturalistic_rag,p_e88a8e8ec4,fact_14ff40da97,geography,Gothenburg,Stockholm,no_context_single_token
qwen2_5_1_5b_instruct,naturalistic_rag,p_b43be7ea9b,fact_8374cc6152,geography,Tampere,Helsinki,no_context_single_token
qwen2_5_1_5b_instruct,naturalistic_rag,p_c491229d1b,fact_dc899c066d,geography,Aarhus,Copenhagen,no_context_single_token
qwen2_5_1_5b_instruct,naturalistic_rag,p_0c92d71bf9,fact_c6f2f1741c,geography,Krakow,Warsaw,no_context_single_token
qwen2_5_1_5b_instruct,naturalistic_rag,p_ffbe52cc79,fact_4eed072e0a,geography,Lviv,Kyiv,neither
qwen2_5_1_5b_instruct,naturalistic_rag,p_c008a50643,fact_1c83d19930,geography,Cluj,Bucharest,neither
qwen2_5_1_5b_instruct,naturalistic_rag,p_8f534cdb85,fact_7c6956c666,geography,Debrecen,Budapest,no_context_single_token
qwen2_5_1_5b_instruct,naturalistic_rag,p_e285954d6d,fact_635a00293d,geography,Antwerp,Brussels,no_context_single_token
qwen2_5_1_5b_instruct,naturalistic_rag,p_52ee0488e1,fact_a5fe058fe7,geography,Phuket,Bangkok,no_context_single_token
qwen2_5_1_5b_instruct,naturalistic_rag,p_d83edae036,fact_4bbeadf6ad,geography,Saigon,Hanoi,neither
qwen2_5_1_5b_instruct,naturalistic_rag,p_a8972fe59d,fact_a235a13cfc,geography,Cebu,Manila,no_context_single_token
qwen2_5_1_5b_instruct,naturalistic_rag,p_7145485f5e,fact_7b0d3cbc7d,geography,Penang,Kuala Lumpur,neither
qwen2_5_1_5b_instruct,naturalistic_rag,p_724f74bdc2,fact_76fd43d9a1,geography,Busan,Seoul,no_context_single_token
qwen2_5_1_5b_instruct,naturalistic_rag,p_4405677235,fact_c53d00f125,geography,Mombasa,Nairobi,no_context_single_token
qwen2_5_1_5b_instruct,naturalistic_rag,p_3b0e925902,fact_7da9e1a49d,geography,Lagos,Abuja,no_memory_single_token
qwen2_5_1_5b_instruct,naturalistic_rag,p_38232fdd22,fact_43a61a9717,geography,Casablanca,Rabat,neither
qwen2_5_1_5b_instruct,naturalistic_rag,p_e3aae78752,fact_d1a7ba5a02,geography,Nairobi,Addis Ababa,no_memory_single_token
qwen2_5_1_5b_instruct,naturalistic_rag,p_4bb118d177,fact_4ac8a5d8a6,geography,Kumasi,Accra,neither
qwen2_5_1_5b_instruct,naturalistic_rag,p_595f5889e2,fact_a08651e3a6,geography,Chittagong,Dhaka,neither
qwen2_5_1_5b_instruct,naturalistic_rag,p_a725e3d3fe,fact_69259664b6,geography,Colombo,Sri Jayawardenepura Kotte,neither
qwen2_5_1_5b_instruct,naturalistic_rag,p_a25a7d96ad,fact_0c5ef66604,geography,Los Angeles,Sacramento,no_context_single_token
qwen2_5_1_5b_instruct,naturalistic_rag,p_449f192ccf,fact_b5dacf01fb,geography,Miami,Tallahassee,no_memory_single_token
qwen2_5_1_5b_instruct,naturalistic_rag,p_5c6672af80,fact_12c37a2b97,geography,New York City,Albany,no_context_single_token
qwen2_5_1_5b_instruct,naturalistic_rag,p_d309893495,fact_7f94c6b033,geography,Philadelphia,Harrisburg,no_memory_single_token
qwen2_5_1_5b_instruct,naturalistic_rag,p_b851ab1fbd,fact_e11e5bad57,geography,Las Vegas,Carson City,neither
qwen2_5_1_5b_instruct,naturalistic_rag,p_726dc07c26,fact_67f1571903,geography,Baltimore,Annapolis,no_memory_single_token
qwen2_5_1_5b_instruct,naturalistic_rag,p_2a02f53645,fact_c4dbfabb88,geography,Minneapolis,Saint Paul,no_memory_single_token
qwen2_5_1_5b_instruct,naturalistic_rag,p_163785664b,fact_ad986f03e1,geography,New Orleans,Baton Rouge,neither
qwen2_5_1_5b_instruct,naturalistic_rag,p_384ca63903,fact_90c385f2dc,geography,Louisville,Frankfort,no_memory_single_token
qwen2_5_1_5b_instruct,naturalistic_rag,p_2149202b3d,fact_18b6eda606,geography,New Haven,Hartford,no_context_single_token
qwen2_5_1_5b_instruct,naturalistic_rag,p_e9841ee9aa,fact_39cee6bcd6,geography,Provo,Salt Lake City,neither
qwen2_5_1_5b_instruct,naturalistic_rag,p_257adbf4f6,fact_23011915f5,geography,Cedar Rapids,Des Moines,neither
qwen2_5_1_5b_instruct,naturalistic_rag,p_6e2b1550a2,fact_57d9029279,geography,Biloxi,Jackson,no_context_single_token
qwen2_5_1_5b_instruct,naturalistic_rag,p_b78f0638e9,fact_204e343618,geography,Wichita,Topeka,no_memory_single_token
qwen2_5_1_5b_instruct,naturalistic_rag,p_c291788505,fact_2b97c29591,geography,Nampa,Boise,no_context_single_token
qwen2_5_1_5b_instruct,naturalistic_rag,p_b0b5b8e46e,fact_8fcae9fadc,geography,Hilo,Honolulu,no_context_single_token
qwen2_5_1_5b_instruct,naturalistic_rag,p_ff7053f1d8,fact_51830d1683,geography,Anchorage,Juneau,neither
qwen2_5_1_5b_instruct,naturalistic_rag,p_4cbb408d12,fact_8b142e6764,geography,Billings,Helena,no_context_single_token
qwen2_5_1_5b_instruct,naturalistic_rag,p_62925bb558,fact_6d1a9d7a60,geography,Burlington,Montpelier,no_memory_single_token
qwen2_5_1_5b_instruct,naturalistic_rag,p_12ae22c019,fact_252cbea80e,geography,Casper,Cheyenne,neither
qwen2_5_1_5b_instruct,naturalistic_rag,p_8aafd38f17,fact_1c182617ac,geography,Fargo,Bismarck,no_memory_single_token
qwen2_5_1_5b_instruct,naturalistic_rag,p_3a54bf4836,fact_9cf484fbad,geography,Sioux Falls,Pierre,no_context_single_token
qwen2_5_1_5b_instruct,naturalistic_rag,p_3454e4cc4f,fact_d74971e01c,geography,peso,rupee,no_memory_single_token
qwen2_5_1_5b_instruct,naturalistic_rag,p_432c691b47,fact_5593c8294f,geography,euro,ruble,no_memory_single_token
qwen2_5_1_5b_instruct,naturalistic_rag,p_6474bf9fd9,fact_ecd7399509,geography,euro,krona,no_memory_single_token
qwen2_5_1_5b_instruct,naturalistic_rag,p_5c52f9b8a0,fact_ec84017d27,geography,euro,krone,no_memory_single_token
qwen2_5_1_5b_instruct,naturalistic_rag,p_56a7c44a99,fact_522a0f0048,geography,dirham,riyal,neither
qwen2_5_1_5b_instruct,naturalistic_rag,p_a5319a4a10,fact_24c47ff7c5,geography,riyal,dirham,neither
qwen2_5_1_5b_instruct,naturalistic_rag,p_0eddf322ac,fact_6a864232a1,chemistry,12,11,neither
qwen2_5_1_5b_instruct,naturalistic_rag,p_2d0dda5a43,fact_bb0e3ef7c1,chemistry,16,15,neither
qwen2_5_1_5b_instruct,naturalistic_rag,p_074f42fe45,fact_2fad0b0703,chemistry,15,16,neither
qwen2_5_1_5b_instruct,naturalistic_rag,p_abe51c00e5,fact_2604b685fa,chemistry,18,17,neither
qwen2_5_1_5b_instruct,naturalistic_rag,p_a86c78562b,fact_d25769596a,chemistry,20,19,neither
qwen2_5_1_5b_instruct,naturalistic_rag,p_7a1d3acade,fact_da10d5a901,chemistry,19,20,neither
qwen2_5_1_5b_instruct,naturalistic_rag,p_7bb3f0c4d4,fact_b5d325043b,chemistry,27,26,neither
qwen2_5_1_5b_instruct,naturalistic_rag,p_44a2f97389,fact_29a641a459,chemistry,30,29,neither
qwen2_5_1_5b_instruct,naturalistic_rag,p_1463ca09fb,fact_9c9a2e4da3,chemistry,29,30,neither
qwen2_5_1_5b_instruct,naturalistic_rag,p_acbcf8ce11,fact_c43e1459a6,chemistry,48,47,neither
qwen2_5_1_5b_instruct,naturalistic_rag,p_f43ee7ecae,fact_0b868e4408,chemistry,80,79,neither
qwen2_5_1_5b_instruct,naturalistic_rag,p_94fba68798,fact_cbc55e7f44,chemistry,81,82,neither
qwen2_5_1_5b_instruct,naturalistic_rag,p_4e15e8347f,fact_08eccaf034,chemistry,91,92,neither
qwen2_5_1_5b_instruct,naturalistic_rag,p_d2152dcc37,fact_8f6079efd0,chemistry,10,9,no_context_single_token
qwen2_5_1_5b_instruct,naturalistic_rag,p_dcb3bc9751,fact_a6120a2c95,chemistry,9,10,no_memory_single_token
qwen2_5_1_5b_instruct,naturalistic_rag,p_d219549426,fact_091f43d021,chemistry,14,13,neither
qwen2_5_1_5b_instruct,naturalistic_rag,p_19c2203b62,fact_02df6b17bd,chemistry,13,14,neither
qwen2_5_1_5b_instruct,naturalistic_rag,p_db53227992,fact_5c0dc7c4c5,chemistry,17,18,neither
qwen2_5_1_5b_instruct,naturalistic_rag,p_3941b706dc,fact_c8249fcab8,chemistry,23,22,neither
qwen2_5_1_5b_instruct,naturalistic_rag,p_02ca40af1f,fact_a4be9609ed,chemistry,25,24,neither
qwen2_5_1_5b_instruct,naturalistic_rag,p_1629aca627,fact_7e9552185f,chemistry,24,25,neither
qwen2_5_1_5b_instruct,naturalistic_rag,p_d5c79ca35b,fact_06db44d557,chemistry,28,27,neither
qwen2_5_1_5b_instruct,naturalistic_rag,p_ac54424fef,fact_7c8ef8f074,chemistry,27,28,neither
qwen2_5_1_5b_instruct,naturalistic_rag,p_052753abaf,fact_7989d46bd5,chemistry,36,35,neither
qwen2_5_1_5b_instruct,naturalistic_rag,p_c2cfc406ab,fact_fef8128d0d,chemistry,90,100,neither
qwen2_5_1_5b_instruct,naturalistic_rag,p_7f2e1b588a,fact_8a94d9d5cc,chemistry,80,78,neither
qwen2_5_1_5b_instruct,naturalistic_rag,p_b1e718a197,fact_95d3459c6f,chemistry,-200,-196,neither
qwen2_5_1_5b_instruct,naturalistic_rag,p_59e0b70599,fact_fe677d97b8,chemistry,-180,-183,neither
qwen2_5_1_5b_instruct,naturalistic_rag,p_b555f78588,fact_8f256de3b3,chemistry,3000,2862,neither
qwen2_5_1_5b_instruct,naturalistic_rag,p_06d78c6068,fact_d088f13b9f,chemistry,3000,2856,neither
qwen2_5_1_5b_instruct,naturalistic_rag,p_08d707f9e4,fact_78050045a0,chemistry,2500,2562,neither
qwen2_5_1_5b_instruct,naturalistic_rag,p_11e57c5b9b,fact_b71dc5a415,chemistry,1700,1749,neither
qwen2_5_1_5b_instruct,naturalistic_rag,p_c1dc612282,fact_f1d21d7d3f,chemistry,2200,2162,neither
qwen2_5_1_5b_instruct,naturalistic_rag,p_3c7ae4f349,fact_f59785647d,chemistry,-250,-253,neither
qwen2_5_1_5b_instruct,naturalistic_rag,p_31835a33f6,fact_e9a1aeb387,chemistry,-270,-269,neither
qwen2_5_1_5b_instruct,naturalistic_rag,p_8aea32d1ad,fact_0de3017cd4,chemistry,100,78,neither
qwen2_5_1_5b_instruct,naturalistic_rag,p_7369726eaa,fact_7c23c9f721,astronomy,80,95,neither
qwen2_5_1_5b_instruct,naturalistic_rag,p_1766d17cae,fact_3b24ebd9f0,astronomy,130,146,neither
qwen2_5_1_5b_instruct,naturalistic_rag,p_80e0deccab,fact_da8e8fbaf5,astronomy,20,28,neither
qwen2_5_1_5b_instruct,naturalistic_rag,p_335af9b1b1,fact_98766b58a5,astronomy,20,16,neither
qwen2_5_1_5b_instruct,naturalistic_rag,p_effe592556,fact_4728a74172,astronomy,planet,dwarf planet,no_memory_single_token
qwen2_5_1_5b_instruct,naturalistic_rag,p_69755023ae,fact_687e3cfc53,astronomy,nebula,galaxy,no_context_single_token
qwen2_5_1_5b_instruct,naturalistic_rag,p_7beae3c832,fact_01e7906f85,astronomy,artificial satellite,natural satellite,neither
qwen2_5_1_5b_instruct,naturalistic_rag,p_4861725d31,fact_c9a31e611a,biology,flock,gaggle,no_memory_single_token
qwen2_5_1_5b_instruct,naturalistic_rag,p_f6cded5b3c,fact_2513c2338c,biology,flock,flamboyance,no_memory_single_token
qwen2_5_1_5b_instruct,naturalistic_rag,p_892de3d966,fact_f11a277a8a,biology,8,10,no_memory_single_token
qwen2_5_1_5b_instruct,naturalistic_rag,p_3b059771cb,fact_de0e9f2f76,biology,10,8,no_context_single_token
qwen2_5_1_5b_instruct,naturalistic_rag,p_1a5d361ab3,fact_35833bcc4a,biology,8,10,no_memory_single_token
qwen2_5_1_5b_instruct,naturalistic_rag,p_427a1c3bde,fact_f60c2021fa,biology,bird,mammal,no_memory_single_token
qwen2_5_1_5b_instruct,naturalistic_rag,p_42bf464dfe,fact_2cb53d8be2,biology,fish,mammal,no_memory_single_token
qwen2_5_1_5b_instruct,naturalistic_rag,p_ee0a44ac1a,fact_3188c3d1ae,biology,fish,mammal,no_memory_single_token
qwen2_5_1_5b_instruct,naturalistic_rag,p_964fe4e5bf,fact_85087344ba,biology,reptile,mammal,neither
qwen2_5_1_5b_instruct,naturalistic_rag,p_6243216652,fact_0de2dcf992,biology,reptile,amphibian,neither
qwen2_5_1_5b_instruct,naturalistic_rag,p_e4862dd338,fact_308c87aed8,biology,amphibian,reptile,neither
qwen2_5_1_5b_instruct,naturalistic_rag,p_555e90dcd2,fact_867d11dfe7,biology,reptile,amphibian,neither
qwen2_5_1_5b_instruct,naturalistic_rag,p_3285a40eca,fact_180a275f41,biology,mammal,fish,no_context_single_token
qwen2_5_1_5b_instruct,naturalistic_rag,p_632ec7931b,fact_10d2374984,biology,amphibian,reptile,neither
qwen2_5_1_5b_instruct,naturalistic_rag,p_fef5562341,fact_8959016b9c,biology,mammal,fish,no_context_single_token
qwen2_5_1_5b_instruct,naturalistic_rag,p_c643b7df41,fact_7b587f2129,biology,fish,invertebrate,no_memory_single_token
qwen2_5_1_5b_instruct,naturalistic_rag,p_a21bd1cbdd,fact_7edffb20d1,biology,fish,crustacean,no_memory_single_token
qwen2_5_1_5b_instruct,naturalistic_rag,p_1cb693e090,fact_30bdbc5bc3,biology,insect,mollusk,no_memory_single_token
qwen2_5_1_5b_instruct,naturalistic_rag,p_d6d9a81415,fact_ffdca41653,biology,insect,annelid,no_memory_single_token
qwen2_5_1_5b_instruct,naturalistic_rag,p_41cfb01408,fact_69f6727917,biology,100,120,neither
qwen2_5_1_5b_instruct,naturalistic_rag,p_ffbd8b6cc4,fact_e7e7b24423,biology,300,389,neither
qwen2_5_1_5b_instruct,naturalistic_rag,p_20a0184097,fact_b2e155ca4c,biology,70,80,neither
qwen2_5_1_5b_instruct,naturalistic_rag,p_f5db0582f1,fact_e6d18fe474,biology,70,88,neither
qwen2_5_1_5b_instruct,naturalistic_rag,p_9caaabe61a,fact_6e1b1677c3,biology,60,70,neither
qwen2_5_1_5b_instruct,naturalistic_rag,p_e095f87b06,fact_50167cdb92,biology,40,56,neither
qwen2_5_1_5b_instruct,naturalistic_rag,p_73ddc385e9,fact_dda56837f8,biology,50,40,neither
qwen2_5_1_5b_instruct,naturalistic_rag,p_1ead1f881e,fact_aaf40f91bc,physics,Joule,Newton,no_context_single_token
qwen2_5_1_5b_instruct,naturalistic_rag,p_7563da76b1,fact_a98b348240,physics,Watt,Joule,no_memory_single_token
qwen2_5_1_5b_instruct,naturalistic_rag,p_afe1e45b5b,fact_4db8c24955,physics,Joule,Watt,no_context_single_token
qwen2_5_1_5b_instruct,naturalistic_rag,p_165fbc42d5,fact_9dc297664d,physics,Watt,Hertz,no_memory_single_token
qwen2_5_1_5b_instruct,naturalistic_rag,p_083b72c1e4,fact_83b7bbe8f6,physics,Volt,Ampere,no_memory_single_token
qwen2_5_1_5b_instruct,naturalistic_rag,p_d864edd322,fact_eee51a6fcf,physics,Ampere,Volt,no_context_single_token
qwen2_5_1_5b_instruct,naturalistic_rag,p_3f0e6c6c78,fact_92f10dde6d,physics,Volt,Ohm,no_memory_single_token
qwen2_5_1_5b_instruct,naturalistic_rag,p_bf76f6c8c2,fact_0df87ca473,physics,Ohm,Farad,neither
qwen2_5_1_5b_instruct,naturalistic_rag,p_b4954f4380,fact_e98ce0fd89,physics,Lumen,Candela,neither
qwen2_5_1_5b_instruct,naturalistic_rag,p_db797f9a74,fact_33f052cfec,physics,Curie,Becquerel,neither
qwen2_5_1_5b_instruct,naturalistic_rag,p_905ea420ae,fact_17e6fa8431,physics,Sievert,Gray,no_context_single_token
qwen2_5_1_5b_instruct,naturalistic_rag,p_1ba1a5e5fa,fact_4c8aeef5e5,physics,Farad,Henry,no_context_single_token
qwen2_5_1_5b_instruct,naturalistic_rag,p_011f33d043,fact_fc2027e8bc,physics,F=mv,F=ma,neither
qwen2_5_1_5b_instruct,naturalistic_rag,p_882bc0bca9,fact_9ee0a1b3e7,physics,300000000,299792458,neither
qwen2_5_1_5b_instruct,naturalistic_rag,p_70063a565b,fact_88c63537c8,physics,6.626e-32,6.626e-34,neither
qwen2_5_1_5b_instruct,naturalistic_rag,p_4a385f0bbf,fact_56787410b6,history,1778,1776,neither
qwen2_5_1_5b_instruct,naturalistic_rag,p_8bea9619da,fact_a9f44e0d47,history,1791,1789,neither
qwen2_5_1_5b_instruct,naturalistic_rag,p_35fffa1877,fact_8001ff34f9,history,1916,1914,neither
qwen2_5_1_5b_instruct,naturalistic_rag,p_c1e950a31d,fact_ec6140dd2c,history,1919,1918,neither
qwen2_5_1_5b_instruct,naturalistic_rag,p_83511d0a31,fact_ac8d5d6d7d,history,1940,1939,neither
qwen2_5_1_5b_instruct,naturalistic_rag,p_1498ed9021,fact_4cf2c8f74b,history,1946,1945,neither
qwen2_5_1_5b_instruct,naturalistic_rag,p_623ac7a4bd,fact_88e1aaaf92,history,1970,1969,neither
qwen2_5_1_5b_instruct,naturalistic_rag,p_0c066f9429,fact_def1984e62,history,1990,1989,neither
qwen2_5_1_5b_instruct,naturalistic_rag,p_00bd9409cc,fact_1f0b7c83f2,history,1963,1961,neither
qwen2_5_1_5b_instruct,naturalistic_rag,p_e8da91670b,fact_79f60faa27,history,1955,1953,neither
qwen2_5_1_5b_instruct,naturalistic_rag,p_716dcbbf18,fact_9f33a3cda8,history,1907,1905,neither
qwen2_5_1_5b_instruct,naturalistic_rag,p_93ed9c7fe1,fact_1f407179eb,history,1930,1928,neither
qwen2_5_1_5b_instruct,naturalistic_rag,p_14e8a47dc8,fact_28bf618b1f,history,1494,1492,neither
qwen2_5_1_5b_instruct,naturalistic_rag,p_7c4c2cece0,fact_3124bfa91d,history,1905,1903,neither
qwen2_5_1_5b_instruct,naturalistic_rag,p_9412b00012,fact_011b861fb3,history,1959,1957,neither
qwen2_5_1_5b_instruct,naturalistic_rag,p_0f2ba5e75d,fact_52c8794331,history,1866,1865,neither
qwen2_5_1_5b_instruct,naturalistic_rag,p_4802e0371f,fact_cbcb55107d,history,1918,1917,neither
qwen2_5_1_5b_instruct,naturalistic_rag,p_cf9ade6f1e,fact_6128e90655,history,1800,1799,neither
qwen2_5_1_5b_instruct,naturalistic_rag,p_fcffc2bc53,fact_57918bb58a,history,1816,1815,neither
qwen2_5_1_5b_instruct,naturalistic_rag,p_e5d06c3d5a,fact_ce46388c3b,history,1217,1215,neither
qwen2_5_1_5b_instruct,naturalistic_rag,p_72889a654f,fact_6cf5527831,history,15,16,neither
qwen2_5_1_5b_instruct,naturalistic_rag,p_3676c9383e,fact_a87645d8ed,history,27,26,neither
qwen2_5_1_5b_instruct,naturalistic_rag,p_8a851024c5,fact_622779fadf,history,29,28,neither
qwen2_5_1_5b_instruct,naturalistic_rag,p_7cf9eed9cc,fact_b5baf0b628,history,31,32,neither
qwen2_5_1_5b_instruct,naturalistic_rag,p_95e9f8e370,fact_da172ece4b,history,34,33,neither
qwen2_5_1_5b_instruct,naturalistic_rag,p_3cba3f3d22,fact_8c9756b9d0,history,33,34,neither
qwen2_5_1_5b_instruct,naturalistic_rag,p_168287a5c5,fact_d37b58fff1,history,36,35,neither
qwen2_5_1_5b_instruct,naturalistic_rag,p_ea88e06513,fact_d6969e8665,history,37,36,neither
qwen2_5_1_5b_instruct,naturalistic_rag,p_eacec2552b,fact_ea53141fa4,history,38,37,neither
qwen2_5_1_5b_instruct,naturalistic_rag,p_3bcd8cffe8,fact_12dd35aa07,history,40,39,neither
qwen2_5_1_5b_instruct,naturalistic_rag,p_46a8b0e85e,fact_4efd2c037f,history,41,40,neither
qwen2_5_1_5b_instruct,naturalistic_rag,p_3e94abdb24,fact_03751c2969,history,43,42,neither
qwen2_5_1_5b_instruct,naturalistic_rag,p_4d00c60566,fact_72b75e2f76,history,43,44,neither
qwen2_5_1_5b_instruct,naturalistic_rag,p_5a68ee130d,fact_534496097a,history,Thomas Edison,Alexander Graham Bell,neither
qwen2_5_1_5b_instruct,naturalistic_rag,p_d9e76b9992,fact_dc5ea8d389,history,Nikola Tesla,Thomas Edison,neither
qwen2_5_1_5b_instruct,naturalistic_rag,p_8d8d5fc9d0,fact_1c3dc5a167,history,Glenn Curtiss,Wright Brothers,neither
qwen2_5_1_5b_instruct,naturalistic_rag,p_dad2a8be75,fact_379667963a,history,Nikola Tesla,Guglielmo Marconi,neither
qwen2_5_1_5b_instruct,naturalistic_rag,p_abab7ee72f,fact_7ab7080a6a,history,Vint Cerf,Tim Berners-Lee,neither
qwen2_5_1_5b_instruct,naturalistic_rag,p_8c2505b126,fact_d78217e572,history,William Caxton,Johannes Gutenberg,neither
qwen2_5_1_5b_instruct,naturalistic_rag,p_1b3ac7d078,fact_ce6a63688d,history,Hiram Maxim,Alfred Nobel,neither
qwen2_5_1_5b_instruct,naturalistic_rag,p_a8ecfdab84,fact_e8071c91f8,history,Marie Curie,Wilhelm Roentgen,neither
qwen2_5_1_5b_instruct,naturalistic_rag,p_979d4e82d4,fact_774b4dad6b,history,George Stephenson,James Watt,neither
qwen2_5_1_5b_instruct,naturalistic_rag,p_51fc2a3654,fact_1acfc107f3,history,Philo Farnsworth,John Logie Baird,neither
qwen2_5_1_5b_instruct,naturalistic_rag,p_7d4d5d84c9,fact_db1a93c105,history,Louis Pasteur,Alexander Fleming,neither
qwen2_5_1_5b_instruct,naturalistic_rag,p_1e524a580b,fact_c7dc04bd2e,history,John Dalton,Dmitri Mendeleev,neither
qwen2_5_1_5b_instruct,naturalistic_rag,p_ba974ea5ad,fact_3196c6c8c8,history,Galileo Galilei,Isaac Newton,neither
qwen2_5_1_5b_instruct,naturalistic_rag,p_ccc0634bb8,fact_432eb59b08,history,Alfred Wallace,Charles Darwin,neither
qwen2_5_1_5b_instruct,naturalistic_rag,p_d24399fd5a,fact_50e801468a,literature,Marlowe,Shakespeare,no_context_single_token
qwen2_5_1_5b_instruct,naturalistic_rag,p_59dbd3f841,fact_0bec00e1de,literature,Ben Jonson,Shakespeare,no_context_single_token
qwen2_5_1_5b_instruct,naturalistic_rag,p_08165eea78,fact_7d331f3f7b,literature,Charlotte Bronte,Jane Austen,neither
qwen2_5_1_5b_instruct,naturalistic_rag,p_c6e6c1c149,fact_a961512401,literature,Jane Austen,Charlotte Bronte,neither
qwen2_5_1_5b_instruct,naturalistic_rag,p_ca2e56f534,fact_64b601f163,literature,Charlotte Bronte,Emily Bronte,neither
qwen2_5_1_5b_instruct,naturalistic_rag,p_8f7d6a92d2,fact_6cb35e736c,literature,Nathaniel Hawthorne,Herman Melville,neither
qwen2_5_1_5b_instruct,naturalistic_rag,p_1c5e6204d7,fact_b5b9de5ec2,literature,Ernest Hemingway,F Scott Fitzgerald,neither
qwen2_5_1_5b_instruct,naturalistic_rag,p_6a0a8da93e,fact_6fc8a6104a,literature,Aldous Huxley,George Orwell,neither
qwen2_5_1_5b_instruct,naturalistic_rag,p_544a8420ee,fact_8f5dcf5194,literature,George Orwell,Aldous Huxley,neither
qwen2_5_1_5b_instruct,naturalistic_rag,p_b41145f2a6,fact_b8fef2c6a4,literature,Aldous Huxley,George Orwell,neither
qwen2_5_1_5b_instruct,naturalistic_rag,p_fc11919e7d,fact_579c196183,literature,Lope de Vega,Miguel de Cervantes,neither
qwen2_5_1_5b_instruct,naturalistic_rag,p_efbb386bd8,fact_dbbf94376a,literature,Tolstoy,Dostoevsky,neither
qwen2_5_1_5b_instruct,naturalistic_rag,p_aded11892c,fact_524416f26a,literature,Dostoevsky,Tolstoy,neither
qwen2_5_1_5b_instruct,naturalistic_rag,p_f19aebeecb,fact_cfa574c278,literature,Virgil,Homer,no_context_single_token
qwen2_5_1_5b_instruct,naturalistic_rag,p_7e98849801,fact_1ca6d99e0a,literature,Virgil,Homer,no_context_single_token
qwen2_5_1_5b_instruct,naturalistic_rag,p_5b84562a5f,fact_a321408331,literature,Petrarch,Dante Alighieri,neither
qwen2_5_1_5b_instruct,naturalistic_rag,p_2bb465abe8,fact_9721d32e7f,literature,Schiller,Goethe,neither
qwen2_5_1_5b_instruct,naturalistic_rag,p_bea57cd269,fact_d743e9af44,literature,John Lydgate,Geoffrey Chaucer,neither
qwen2_5_1_5b_instruct,naturalistic_rag,p_30b3d0a491,fact_88e56ada95,literature,John Dryden,John Milton,neither
qwen2_5_1_5b_instruct,naturalistic_rag,p_36c7bc5490,fact_0af5a11ed5,literature,Christopher Marlowe,Shakespeare,no_context_single_token
qwen2_5_1_5b_instruct,naturalistic_rag,p_da38fc7427,fact_86e8d0f6ff,literature,Ben Jonson,Shakespeare,no_context_single_token
qwen2_5_1_5b_instruct,naturalistic_rag,p_b04460fcff,fact_fe6feec206,literature,Christopher Marlowe,Shakespeare,no_context_single_token
qwen2_5_1_5b_instruct,naturalistic_rag,p_90086a5e5e,fact_38fc4eab32,literature,Francis Bacon,Shakespeare,no_context_single_token
qwen2_5_1_5b_instruct,naturalistic_rag,p_5762c8a13f,fact_c3d173e776,literature,Herman Melville,Nathaniel Hawthorne,neither
qwen2_5_1_5b_instruct,naturalistic_rag,p_851a00fdc1,fact_5d86fdb619,literature,Edgar Allan Poe,Mark Twain,neither
qwen2_5_1_5b_instruct,naturalistic_rag,p_bcf1ffa08f,fact_2e584929ec,literature,Mark Twain,Edgar Allan Poe,neither
qwen2_5_1_5b_instruct,naturalistic_rag,p_da9e2c6573,fact_e66f895447,literature,Bram Stoker,Mary Shelley,neither
qwen2_5_1_5b_instruct,naturalistic_rag,p_3d0f158ae6,fact_fafef090c7,literature,Mary Shelley,Bram Stoker,neither
qwen2_5_1_5b_instruct,naturalistic_rag,p_efaf7b08dd,fact_75b6ebd34f,literature,George Bernard Shaw,Oscar Wilde,neither
qwen2_5_1_5b_instruct,naturalistic_rag,p_46aba8afe2,fact_867e3d97a5,literature,Oscar Wilde,George Bernard Shaw,neither
qwen2_5_1_5b_instruct,naturalistic_rag,p_f0f4415b04,fact_c5ec3ad503,music,woodwind,string,no_context_single_token
qwen2_5_1_5b_instruct,naturalistic_rag,p_0edc788158,fact_d808853248,music,woodwind,string,no_context_single_token
qwen2_5_1_5b_instruct,naturalistic_rag,p_1b83a492fd,fact_eb6322c411,music,string,woodwind,no_memory_single_token
qwen2_5_1_5b_instruct,naturalistic_rag,p_a44ea0bc16,fact_3324e476ca,music,brass,woodwind,no_memory_single_token
qwen2_5_1_5b_instruct,naturalistic_rag,p_1de80d6a59,fact_a3733e10c2,music,brass,woodwind,no_memory_single_token
qwen2_5_1_5b_instruct,naturalistic_rag,p_659df82dfd,fact_43ff18bde4,music,brass,woodwind,no_memory_single_token
qwen2_5_1_5b_instruct,naturalistic_rag,p_6b83d5aba9,fact_42a20f452f,music,brass,woodwind,no_memory_single_token
qwen2_5_1_5b_instruct,naturalistic_rag,p_db69791f16,fact_27557e6137,music,woodwind,brass,no_context_single_token
qwen2_5_1_5b_instruct,naturalistic_rag,p_0f7431f1d6,fact_6ecf413253,music,woodwind,brass,no_context_single_token
qwen2_5_1_5b_instruct,naturalistic_rag,p_4a30df28b5,fact_17f3853a94,music,woodwind,brass,no_context_single_token
qwen2_5_1_5b_instruct,naturalistic_rag,p_0b8328224f,fact_735c2eed94,music,woodwind,percussion,no_context_single_token
qwen2_5_1_5b_instruct,naturalistic_rag,p_b98fb89fa7,fact_50deb00e5f,music,woodwind,string,no_context_single_token
qwen2_5_1_5b_instruct,naturalistic_rag,p_0445c36f9a,fact_0ae22aa1ec,music,woodwind,string,no_context_single_token
qwen2_5_1_5b_instruct,naturalistic_rag,p_7ba9b841cc,fact_0e9dde73b9,music,woodwind,string,no_context_single_token
qwen2_5_1_5b_instruct,naturalistic_rag,p_3cdae6a3c9,fact_c07f6eb419,mathematics,24,25,neither
qwen2_5_1_5b_instruct,naturalistic_rag,p_64dfaf96fa,fact_69de6fd3ae,mathematics,54,56,neither
qwen2_5_1_5b_instruct,naturalistic_rag,p_79d2497b3b,fact_5f8e86fabb,mathematics,80,81,neither
qwen2_5_1_5b_instruct,naturalistic_rag,p_01b0ef2ab6,fact_cb2d2e91eb,mathematics,145,144,neither
qwen2_5_1_5b_instruct,naturalistic_rag,p_1f8a491705,fact_a197c45de5,mathematics,512,256,neither
qwen2_5_1_5b_instruct,naturalistic_rag,p_f0c624eab9,fact_ce6f97489b,mathematics,512,1024,neither
qwen2_5_1_5b_instruct,naturalistic_rag,p_d79445020b,fact_8c926fc1bd,mathematics,11,12,neither
qwen2_5_1_5b_instruct,naturalistic_rag,p_8fb8993e1e,fact_4d5af79c4e,mathematics,100,120,neither
qwen2_5_1_5b_instruct,naturalistic_rag,p_dac25e8b3d,fact_bccde82503,mathematics,20,24,neither
qwen2_5_1_5b_instruct,naturalistic_rag,p_a3c934d1f6,fact_87f0b7b0aa,mathematics,3.16,3.14,neither
qwen2_5_1_5b_instruct,naturalistic_rag,p_d502b6ed1a,fact_4ee49464f9,mathematics,45,90,neither
qwen2_5_1_5b_instruct,naturalistic_rag,p_5ebd4a6fde,fact_b6ec3374ba,mathematics,360,180,neither
qwen2_5_1_5b_instruct,naturalistic_rag,p_e60e95befe,fact_1354756506,mathematics,180,360,neither
qwen2_5_1_5b_instruct,naturalistic_rag,p_ec782ccd13,fact_b830604e86,mathematics,360,180,neither
qwen2_5_1_5b_instruct,naturalistic_rag,p_2353cbc4ef,fact_83e5330282,mathematics,180,360,neither
qwen2_5_1_5b_instruct,naturalistic_rag,p_cde26e7500,fact_fb36e1341a,biology,48,46,neither
qwen2_5_1_5b_instruct,naturalistic_rag,p_fa9cb35f78,fact_92cbeb1ccc,biology,76,78,neither
qwen2_5_1_5b_instruct,naturalistic_rag,p_49bd55b20e,fact_e5e0df5e29,biology,36,38,neither
qwen2_5_1_5b_instruct,naturalistic_rag,p_3e4d0b9da6,fact_ebaae32223,biology,62,64,neither
qwen2_5_1_5b_instruct,naturalistic_rag,p_53f5109eaf,fact_7459b6df2f,biology,46,48,neither
qwen2_5_1_5b_instruct,naturalistic_rag,p_629ca9d40b,fact_abb3fbb79e,biology,10,8,no_context_single_token
qwen2_5_1_5b_instruct,naturalistic_rag,p_eb4ff1d1b7,fact_b489166d56,biology,76,78,neither
qwen2_5_1_5b_instruct,naturalistic_rag,p_f7a733d058,fact_de913ff24f,biology,46,48,neither
qwen2_5_1_5b_instruct,naturalistic_rag,p_a578c30314,fact_bd47cf34ba,biology,retinol,ascorbic acid,neither
qwen2_5_1_5b_instruct,naturalistic_rag,p_22e95c9ef4,fact_c608fad484,biology,ascorbic acid,retinol,neither
qwen2_5_1_5b_instruct,naturalistic_rag,p_25519505ca,fact_fba410bfb9,biology,calciferol,cholecalciferol,neither
qwen2_5_1_5b_instruct,naturalistic_rag,p_070b6c9b3c,fact_0a64f74c8f,biology,biotin,cobalamin,neither
qwen2_5_1_5b_instruct,naturalistic_rag,p_6fce1cb683,fact_8196f397ca,biology,tocopherol,phylloquinone,neither
qwen2_5_1_5b_instruct,naturalistic_rag,p_009cb3c04a,fact_71d502cd12,biology,phylloquinone,tocopherol,neither
qwen2_5_1_5b_instruct,naturalistic_rag,p_da6a278f5e,fact_80c1f0b60e,biology,riboflavin,thiamine,neither
qwen2_5_1_5b_instruct,naturalistic_rag,p_1d18416b4b,fact_81491497cf,biology,thiamine,riboflavin,neither
qwen2_5_1_5b_instruct,naturalistic_rag,p_1f9e79dcf7,fact_b03f402e98,biology,riboflavin,niacin,neither
qwen2_5_1_5b_instruct,naturalistic_rag,p_68a7ada6d3,fact_b76964213e,biology,niacin,folate,neither
qwen2_5_1_5b_instruct,naturalistic_rag,p_e2fd8b6147,fact_ed29491528,physics,condensation,evaporation,neither
qwen2_5_1_5b_instruct,naturalistic_rag,p_0ee8787396,fact_8b5f90d1c9,physics,evaporation,condensation,neither
qwen2_5_1_5b_instruct,naturalistic_rag,p_932305e9bc,fact_75d16ff435,physics,deposition,sublimation,no_memory_single_token
qwen2_5_1_5b_instruct,naturalistic_rag,p_3d3f905f9c,fact_bf724e5a57,physics,sublimation,deposition,no_context_single_token
qwen2_5_1_5b_instruct,naturalistic_rag,p_ce1b965682,fact_ca95666daf,chemistry,H2SO4,HCl,neither
qwen2_5_1_5b_instruct,naturalistic_rag,p_ba79879520,fact_5a1fe168b0,chemistry,HCl,H2SO4,neither
qwen2_5_1_5b_instruct,naturalistic_rag,p_5851173497,fact_95c0ff4641,chemistry,HCl,HNO3,neither
qwen2_5_1_5b_instruct,naturalistic_rag,p_81bfc4d30a,fact_d088c2a623,chemistry,HNO3,CH3COOH,neither
qwen2_5_1_5b_instruct,naturalistic_rag,p_b5f4b04f67,fact_ec36ddae7a,chemistry,KOH,NaOH,neither
qwen2_5_1_5b_instruct,naturalistic_rag,p_1e9b05374f,fact_2bfb0aed37,chemistry,NaOH,KOH,neither
qwen2_5_1_5b_instruct,naturalistic_rag,p_85c6340245,fact_e7a1d2e24e,chemistry,NaOH,NH3,neither
qwen2_5_1_5b_instruct,naturalistic_rag,p_aa5ec5a3bf,fact_cbc9571a4c,chemistry,HCl,H2CO3,neither
qwen2_5_1_5b_instruct,naturalistic_rag,p_365c24a18e,fact_457b2a7392,sports,Sao Paulo,Rio de Janeiro,neither
qwen2_5_1_5b_instruct,naturalistic_rag,p_2e9314e95c,fact_b1d3a409a6,sports,Thessaloniki,Athens,no_context_single_token
qwen2_5_1_5b_instruct,naturalistic_rag,p_c866f00e02,fact_deefb0c535,sports,Pyeongchang,Beijing,no_context_single_token
qwen2_5_1_5b_instruct,naturalistic_rag,p_7e358b8572,fact_bd863ad39d,sports,Sochi,Pyeongchang,neither
qwen2_5_1_5b_instruct,naturalistic_rag,p_cd3e3fe43a,fact_919cef6807,sports,Vancouver,Sochi,no_memory_single_token
qwen2_5_1_5b_instruct,naturalistic_rag,p_3705464ebd,fact_7b28167dc6,sports,Argentina,West Germany,no_memory_single_token
qwen2_5_1_5b_instruct,naturalistic_rag,p_be2f300a34,fact_fa8aa8c110,sports,West Germany,Argentina,no_context_single_token
qwen2_5_1_5b_instruct,naturalistic_rag,p_73e4c0c45a,fact_6d0e60e066,sports,10,11,neither
qwen2_5_1_5b_instruct,naturalistic_rag,p_3e80934716,fact_408ea5ffb4,sports,10,11,neither
qwen2_5_1_5b_instruct,naturalistic_rag,p_41d6a24229,fact_6caf6e61a1,sports,13,15,neither
qwen2_5_1_5b_instruct,naturalistic_rag,p_d30a496ec9,fact_4ec452c94c,sports,15,13,neither
qwen2_5_1_5b_instruct,naturalistic_rag,p_5f55bea593,fact_1d35b0d1bb,sports,12,11,neither
qwen2_5_1_5b_instruct,naturalistic_rag,p_6635a3d0b1,fact_76fdf8a30d,geography,South America,Africa,no_context_single_token
qwen2_5_1_5b_instruct,naturalistic_rag,p_c22993f7f5,fact_e74e55eed6,geography,Africa,South America,no_memory_single_token
qwen2_5_1_5b_instruct,naturalistic_rag,p_4a8dc2c499,fact_2794b29d74,geography,South America,North America,neither
qwen2_5_1_5b_instruct,naturalistic_rag,p_9aef2f4f91,fact_5b5639b023,geography,8800,8849,neither
qwen2_5_1_5b_instruct,naturalistic_rag,p_ca7d78b144,fact_3f98b1dbf9,geography,8500,8611,neither
qwen2_5_1_5b_instruct,naturalistic_rag,p_1e11755425,fact_dd0323f495,geography,8500,8586,neither
qwen2_5_1_5b_instruct,naturalistic_rag,p_6e2c64ba2c,fact_7736e511d8,geography,8400,8516,neither
qwen2_5_1_5b_instruct,naturalistic_rag,p_abe47dace8,fact_82717fd9d3,geography,8400,8485,neither
qwen2_5_1_5b_instruct,naturalistic_rag,p_33a13e9e24,fact_4986e8c5bb,geography,8100,8188,neither
qwen2_5_1_5b_instruct,naturalistic_rag,p_a749892b86,fact_b477a66807,geography,8100,8167,neither
qwen2_5_1_5b_instruct,naturalistic_rag,p_63d029aa58,fact_c65f47acb4,geography,8100,8163,neither
qwen2_5_1_5b_instruct,naturalistic_rag,p_14a003b466,fact_821594db29,geography,second largest,largest,no_context_single_token
qwen2_5_1_5b_instruct,naturalistic_rag,p_33bc5960ad,fact_7fd8c7505c,geography,largest,second largest,no_memory_single_token
qwen2_5_1_5b_instruct,naturalistic_rag,p_cb8e2efdaf,fact_0a3330ae4f,geography,second largest,third largest,neither
qwen2_5_1_5b_instruct,naturalistic_rag,p_82b888f2ac,fact_75e76d281e,geography,second smallest,smallest,no_context_single_token
qwen2_5_1_5b_instruct,naturalistic_rag,p_2c80eef8d1,fact_3002f6dd8f,geography,South America,North America,neither
qwen2_5_1_5b_instruct,naturalistic_rag,p_d4ef6b089a,fact_fabe8187a5,geography,North America,South America,neither
qwen2_5_1_5b_instruct,naturalistic_rag,p_04628dcff5,fact_02351e7b87,geography,North America,South America,neither
gemma_2_2b_it,explicit_context,p_2dc8bc7d91,fact_50f768a4d5,geography,Rio,Brasilia,no_memory_single_token
gemma_2_2b_it,explicit_context,p_1375c7611b,fact_18aa9e9202,geography,Mumbai,New Delhi,no_memory_single_token
gemma_2_2b_it,explicit_context,p_cc95a9a820,fact_ca64e96245,geography,St Petersburg,Moscow,no_context_single_token
gemma_2_2b_it,explicit_context,p_ff12b8106b,fact_2874804b8c,geography,Cancun,Mexico City,no_memory_single_token
gemma_2_2b_it,explicit_context,p_cdd4a0f409,fact_286046a449,geography,Cape Town,Pretoria,no_context_single_token
gemma_2_2b_it,explicit_context,p_86973b951d,fact_44005944e3,geography,Cordoba,Buenos Aires,no_memory_single_token
gemma_2_2b_it,explicit_context,p_516cfc4386,fact_0222835aa1,geography,Medellin,Bogota,no_context_single_token
gemma_2_2b_it,explicit_context,p_4588f149df,fact_ec31e79d2e,geography,Valparaiso,Santiago,no_context_single_token
gemma_2_2b_it,explicit_context,p_7b16cd4a1d,fact_650f37efb4,geography,Isfahan,Tehran,no_context_single_token
gemma_2_2b_it,explicit_context,p_cbc37ba64e,fact_038c326d27,geography,Basra,Baghdad,no_context_single_token
gemma_2_2b_it,explicit_context,p_fdd856d81c,fact_875fda5014,geography,Tel Aviv,Jerusalem,no_context_single_token
gemma_2_2b_it,explicit_context,p_3cd47fbf83,fact_4eed072e0a,geography,Lviv,Kyiv,no_context_single_token
gemma_2_2b_it,explicit_context,p_a5af58ebe2,fact_7c6956c666,geography,Debrecen,Budapest,no_context_single_token
gemma_2_2b_it,explicit_context,p_c3a1a22ff5,fact_7b0d3cbc7d,geography,Penang,Kuala Lumpur,no_memory_single_token
gemma_2_2b_it,explicit_context,p_2ad23fbaf2,fact_d1a7ba5a02,geography,Nairobi,Addis Ababa,no_memory_single_token
gemma_2_2b_it,explicit_context,p_a546731285,fact_4ac8a5d8a6,geography,Kumasi,Accra,no_context_single_token
gemma_2_2b_it,explicit_context,p_51aeaa32f0,fact_a08651e3a6,geography,Chittagong,Dhaka,no_context_single_token
gemma_2_2b_it,explicit_context,p_ce579d8c64,fact_69259664b6,geography,Colombo,Sri Jayawardenepura Kotte,no_memory_single_token
gemma_2_2b_it,explicit_context,p_8930cf9c15,fact_0c5ef66604,geography,Los Angeles,Sacramento,no_context_single_token
gemma_2_2b_it,explicit_context,p_7b341b5bea,fact_12c37a2b97,geography,New York City,Albany,no_context_single_token
gemma_2_2b_it,explicit_context,p_fa9190fb19,fact_e11e5bad57,geography,Las Vegas,Carson City,neither
gemma_2_2b_it,explicit_context,p_146f5f1a81,fact_c4dbfabb88,geography,Minneapolis,Saint Paul,no_memory_single_token
gemma_2_2b_it,explicit_context,p_e5ceec4ad9,fact_ad986f03e1,geography,New Orleans,Baton Rouge,neither
gemma_2_2b_it,explicit_context,p_301defe7e8,fact_18b6eda606,geography,New Haven,Hartford,no_context_single_token
gemma_2_2b_it,explicit_context,p_a427c1d868,fact_39cee6bcd6,geography,Provo,Salt Lake City,no_memory_single_token
gemma_2_2b_it,explicit_context,p_5284dcae42,fact_23011915f5,geography,Cedar Rapids,Des Moines,neither
gemma_2_2b_it,explicit_context,p_7d105aac52,fact_57d9029279,geography,Biloxi,Jackson,no_context_single_token
gemma_2_2b_it,explicit_context,p_a612f3770c,fact_2b97c29591,geography,Nampa,Boise,no_context_single_token
gemma_2_2b_it,explicit_context,p_2547687bf3,fact_6d1a9d7a60,geography,Burlington,Montpelier,no_memory_single_token
gemma_2_2b_it,explicit_context,p_b7529e1829,fact_9cf484fbad,geography,Sioux Falls,Pierre,no_context_single_token
gemma_2_2b_it,explicit_context,p_14a3b83cbd,fact_5593c8294f,geography,euro,ruble,no_memory_single_token
gemma_2_2b_it,explicit_context,p_6dd932f40b,fact_ecd7399509,geography,euro,krona,no_memory_single_token
gemma_2_2b_it,explicit_context,p_286e6defa5,fact_522a0f0048,geography,dirham,riyal,neither
gemma_2_2b_it,explicit_context,p_6ed1919094,fact_24c47ff7c5,geography,riyal,dirham,neither
gemma_2_2b_it,explicit_context,p_76c63e4c0d,fact_6a864232a1,chemistry,12,11,neither
gemma_2_2b_it,explicit_context,p_5c133f1e32,fact_bb0e3ef7c1,chemistry,16,15,neither
gemma_2_2b_it,explicit_context,p_06543d7cbd,fact_2fad0b0703,chemistry,15,16,neither
gemma_2_2b_it,explicit_context,p_02e3001b63,fact_2604b685fa,chemistry,18,17,neither
gemma_2_2b_it,explicit_context,p_52e65b79c8,fact_d25769596a,chemistry,20,19,neither
gemma_2_2b_it,explicit_context,p_2c0609055b,fact_da10d5a901,chemistry,19,20,neither
gemma_2_2b_it,explicit_context,p_8da1a2d776,fact_b5d325043b,chemistry,27,26,neither
gemma_2_2b_it,explicit_context,p_a5985a5eb4,fact_29a641a459,chemistry,30,29,neither
gemma_2_2b_it,explicit_context,p_4e5a661e61,fact_9c9a2e4da3,chemistry,29,30,neither
gemma_2_2b_it,explicit_context,p_1e8cc61633,fact_c43e1459a6,chemistry,48,47,neither
gemma_2_2b_it,explicit_context,p_d4e18dbc0a,fact_0b868e4408,chemistry,80,79,neither
gemma_2_2b_it,explicit_context,p_df62524ec4,fact_cbc55e7f44,chemistry,81,82,neither
gemma_2_2b_it,explicit_context,p_8e19d14623,fact_08eccaf034,chemistry,91,92,neither
gemma_2_2b_it,explicit_context,p_8b641586f3,fact_8f6079efd0,chemistry,10,9,no_context_single_token
gemma_2_2b_it,explicit_context,p_d19e7135e6,fact_a6120a2c95,chemistry,9,10,no_memory_single_token
gemma_2_2b_it,explicit_context,p_fa0e4cadf1,fact_091f43d021,chemistry,14,13,neither
gemma_2_2b_it,explicit_context,p_a4213ba9ea,fact_02df6b17bd,chemistry,13,14,neither
gemma_2_2b_it,explicit_context,p_f303818d54,fact_5c0dc7c4c5,chemistry,17,18,neither
gemma_2_2b_it,explicit_context,p_e2019b35f9,fact_c8249fcab8,chemistry,23,22,neither
gemma_2_2b_it,explicit_context,p_cd3cf5ca1a,fact_a4be9609ed,chemistry,25,24,neither
gemma_2_2b_it,explicit_context,p_80ea4bd79c,fact_7e9552185f,chemistry,24,25,neither
gemma_2_2b_it,explicit_context,p_ae72806340,fact_06db44d557,chemistry,28,27,neither
gemma_2_2b_it,explicit_context,p_0af729dc0d,fact_7c8ef8f074,chemistry,27,28,neither
gemma_2_2b_it,explicit_context,p_048bdc89d7,fact_7989d46bd5,chemistry,36,35,neither
gemma_2_2b_it,explicit_context,p_595518dc2c,fact_fef8128d0d,chemistry,90,100,neither
gemma_2_2b_it,explicit_context,p_bc1bf791b2,fact_8a94d9d5cc,chemistry,80,78,neither
gemma_2_2b_it,explicit_context,p_d9d0b2662a,fact_95d3459c6f,chemistry,-200,-196,neither
gemma_2_2b_it,explicit_context,p_10f0ae4ee9,fact_fe677d97b8,chemistry,-180,-183,neither
gemma_2_2b_it,explicit_context,p_3f77fa519d,fact_8f256de3b3,chemistry,3000,2862,neither
gemma_2_2b_it,explicit_context,p_6a8766aaed,fact_d088f13b9f,chemistry,3000,2856,neither
gemma_2_2b_it,explicit_context,p_e9cc71df1b,fact_78050045a0,chemistry,2500,2562,neither
gemma_2_2b_it,explicit_context,p_d0db32aa9e,fact_b71dc5a415,chemistry,1700,1749,neither
gemma_2_2b_it,explicit_context,p_a9349f3413,fact_f1d21d7d3f,chemistry,2200,2162,neither
gemma_2_2b_it,explicit_context,p_704a568381,fact_f59785647d,chemistry,-250,-253,neither
gemma_2_2b_it,explicit_context,p_78e025b4bb,fact_e9a1aeb387,chemistry,-270,-269,neither
gemma_2_2b_it,explicit_context,p_2073e09d8a,fact_0de3017cd4,chemistry,100,78,neither
gemma_2_2b_it,explicit_context,p_5ab88da2df,fact_7c23c9f721,astronomy,80,95,neither
gemma_2_2b_it,explicit_context,p_a96406567e,fact_3b24ebd9f0,astronomy,130,146,neither
gemma_2_2b_it,explicit_context,p_2688b13c1e,fact_da8e8fbaf5,astronomy,20,28,neither
gemma_2_2b_it,explicit_context,p_b8163be75d,fact_98766b58a5,astronomy,20,16,neither
gemma_2_2b_it,explicit_context,p_ea334e72ad,fact_4728a74172,astronomy,planet,dwarf planet,no_memory_single_token
gemma_2_2b_it,explicit_context,p_561ccd320d,fact_01e7906f85,astronomy,artificial satellite,natural satellite,neither
gemma_2_2b_it,explicit_context,p_69c416217b,fact_c9a31e611a,biology,flock,gaggle,no_memory_single_token
gemma_2_2b_it,explicit_context,p_42663b2ab0,fact_2513c2338c,biology,flock,flamboyance,no_memory_single_token
gemma_2_2b_it,explicit_context,p_a3e422849e,fact_f11a277a8a,biology,8,10,no_memory_single_token
gemma_2_2b_it,explicit_context,p_3da5a95eb7,fact_de0e9f2f76,biology,10,8,no_context_single_token
gemma_2_2b_it,explicit_context,p_24796df08f,fact_35833bcc4a,biology,8,10,no_memory_single_token
gemma_2_2b_it,explicit_context,p_930943d4ff,fact_0de2dcf992,biology,reptile,amphibian,no_memory_single_token
gemma_2_2b_it,explicit_context,p_141a94eb98,fact_308c87aed8,biology,amphibian,reptile,no_context_single_token
gemma_2_2b_it,explicit_context,p_68f74d0eb6,fact_867d11dfe7,biology,reptile,amphibian,no_memory_single_token
gemma_2_2b_it,explicit_context,p_4c33ac3c7a,fact_10d2374984,biology,amphibian,reptile,no_context_single_token
gemma_2_2b_it,explicit_context,p_49ff4958e3,fact_7edffb20d1,biology,fish,crustacean,no_memory_single_token
gemma_2_2b_it,explicit_context,p_1664d09f9e,fact_30bdbc5bc3,biology,insect,mollusk,no_memory_single_token
gemma_2_2b_it,explicit_context,p_4416d38657,fact_ffdca41653,biology,insect,annelid,no_memory_single_token
gemma_2_2b_it,explicit_context,p_5c160a2266,fact_69f6727917,biology,100,120,neither
gemma_2_2b_it,explicit_context,p_c21be1a1a1,fact_e7e7b24423,biology,300,389,neither
gemma_2_2b_it,explicit_context,p_737a3fabd6,fact_b2e155ca4c,biology,70,80,neither
gemma_2_2b_it,explicit_context,p_9681a14276,fact_e6d18fe474,biology,70,88,neither
gemma_2_2b_it,explicit_context,p_c8a7a4c2fe,fact_6e1b1677c3,biology,60,70,neither
gemma_2_2b_it,explicit_context,p_b2cbc1e342,fact_50167cdb92,biology,40,56,neither
gemma_2_2b_it,explicit_context,p_3fadee2539,fact_dda56837f8,biology,50,40,neither
gemma_2_2b_it,explicit_context,p_d4800416b2,fact_aaf40f91bc,physics,Joule,Newton,no_context_single_token
gemma_2_2b_it,explicit_context,p_9df0c7b1dc,fact_a98b348240,physics,Watt,Joule,no_memory_single_token
gemma_2_2b_it,explicit_context,p_c96c8bb4f1,fact_4db8c24955,physics,Joule,Watt,no_context_single_token
gemma_2_2b_it,explicit_context,p_1100328aa8,fact_0df87ca473,physics,Ohm,Farad,no_memory_single_token
gemma_2_2b_it,explicit_context,p_6731fc6f2a,fact_33f052cfec,physics,Curie,Becquerel,no_memory_single_token
gemma_2_2b_it,explicit_context,p_b89d4719a2,fact_17e6fa8431,physics,Sievert,Gray,no_context_single_token
gemma_2_2b_it,explicit_context,p_13541e2ec6,fact_4c8aeef5e5,physics,Farad,Henry,no_context_single_token
gemma_2_2b_it,explicit_context,p_4efa346533,fact_fc2027e8bc,physics,F=mv,F=ma,neither
gemma_2_2b_it,explicit_context,p_2e99c5b286,fact_9ee0a1b3e7,physics,300000000,299792458,neither
gemma_2_2b_it,explicit_context,p_cd844f7d57,fact_88c63537c8,physics,6.626e-32,6.626e-34,neither
gemma_2_2b_it,explicit_context,p_d049f689c6,fact_56787410b6,history,1778,1776,neither
gemma_2_2b_it,explicit_context,p_6d62e17575,fact_a9f44e0d47,history,1791,1789,neither
gemma_2_2b_it,explicit_context,p_03cbf70b15,fact_8001ff34f9,history,1916,1914,neither
gemma_2_2b_it,explicit_context,p_19552084ed,fact_ec6140dd2c,history,1919,1918,neither
gemma_2_2b_it,explicit_context,p_97df9a1250,fact_ac8d5d6d7d,history,1940,1939,neither
gemma_2_2b_it,explicit_context,p_1ca5d4795e,fact_4cf2c8f74b,history,1946,1945,neither
gemma_2_2b_it,explicit_context,p_30fdbc4114,fact_88e1aaaf92,history,1970,1969,neither
gemma_2_2b_it,explicit_context,p_aa0982ff12,fact_def1984e62,history,1990,1989,neither
gemma_2_2b_it,explicit_context,p_e63de67fcb,fact_1f0b7c83f2,history,1963,1961,neither
gemma_2_2b_it,explicit_context,p_70c12e7ae7,fact_79f60faa27,history,1955,1953,neither
gemma_2_2b_it,explicit_context,p_749aab1b01,fact_9f33a3cda8,history,1907,1905,neither
gemma_2_2b_it,explicit_context,p_e469832a11,fact_1f407179eb,history,1930,1928,neither
gemma_2_2b_it,explicit_context,p_c382cd5ec7,fact_28bf618b1f,history,1494,1492,neither
gemma_2_2b_it,explicit_context,p_51669d7fed,fact_3124bfa91d,history,1905,1903,neither
gemma_2_2b_it,explicit_context,p_0714906f99,fact_011b861fb3,history,1959,1957,neither
gemma_2_2b_it,explicit_context,p_983fc0a901,fact_52c8794331,history,1866,1865,neither
gemma_2_2b_it,explicit_context,p_ba3b3c2e90,fact_cbcb55107d,history,1918,1917,neither
gemma_2_2b_it,explicit_context,p_ce88d1b684,fact_6128e90655,history,1800,1799,neither
gemma_2_2b_it,explicit_context,p_ed40bd7c55,fact_57918bb58a,history,1816,1815,neither
gemma_2_2b_it,explicit_context,p_5a1ef032b6,fact_ce46388c3b,history,1217,1215,neither
gemma_2_2b_it,explicit_context,p_54bc2fdae7,fact_6cf5527831,history,15,16,neither
gemma_2_2b_it,explicit_context,p_debde03358,fact_a87645d8ed,history,27,26,neither
gemma_2_2b_it,explicit_context,p_750deee749,fact_622779fadf,history,29,28,neither
gemma_2_2b_it,explicit_context,p_8a92ff0e63,fact_b5baf0b628,history,31,32,neither
gemma_2_2b_it,explicit_context,p_bad0a51e8a,fact_da172ece4b,history,34,33,neither
gemma_2_2b_it,explicit_context,p_35f9e434f4,fact_8c9756b9d0,history,33,34,neither
gemma_2_2b_it,explicit_context,p_0057ff74f1,fact_d37b58fff1,history,36,35,neither
gemma_2_2b_it,explicit_context,p_6564c16413,fact_d6969e8665,history,37,36,neither
gemma_2_2b_it,explicit_context,p_ee4ddea58a,fact_ea53141fa4,history,38,37,neither
gemma_2_2b_it,explicit_context,p_46b2e312d1,fact_12dd35aa07,history,40,39,neither
gemma_2_2b_it,explicit_context,p_59d0b6f209,fact_4efd2c037f,history,41,40,neither
gemma_2_2b_it,explicit_context,p_108dbcbb4e,fact_03751c2969,history,43,42,neither
gemma_2_2b_it,explicit_context,p_8c24869228,fact_72b75e2f76,history,43,44,neither
gemma_2_2b_it,explicit_context,p_8e6c4a1bc8,fact_534496097a,history,Thomas Edison,Alexander Graham Bell,neither
gemma_2_2b_it,explicit_context,p_af2ac51548,fact_dc5ea8d389,history,Nikola Tesla,Thomas Edison,neither
gemma_2_2b_it,explicit_context,p_7b2b584bd0,fact_1c3dc5a167,history,Glenn Curtiss,Wright Brothers,neither
gemma_2_2b_it,explicit_context,p_ec2e284a2c,fact_379667963a,history,Nikola Tesla,Guglielmo Marconi,neither
gemma_2_2b_it,explicit_context,p_6028566f10,fact_7ab7080a6a,history,Vint Cerf,Tim Berners-Lee,neither
gemma_2_2b_it,explicit_context,p_daab2a6f08,fact_d78217e572,history,William Caxton,Johannes Gutenberg,neither
gemma_2_2b_it,explicit_context,p_ff9627963b,fact_ce6a63688d,history,Hiram Maxim,Alfred Nobel,neither
gemma_2_2b_it,explicit_context,p_f2dd041eee,fact_e8071c91f8,history,Marie Curie,Wilhelm Roentgen,neither
gemma_2_2b_it,explicit_context,p_de32a0cea9,fact_774b4dad6b,history,George Stephenson,James Watt,neither
gemma_2_2b_it,explicit_context,p_1b3f28fb40,fact_1acfc107f3,history,Philo Farnsworth,John Logie Baird,neither
gemma_2_2b_it,explicit_context,p_24049be7a5,fact_db1a93c105,history,Louis Pasteur,Alexander Fleming,neither
gemma_2_2b_it,explicit_context,p_a78a28de89,fact_c7dc04bd2e,history,John Dalton,Dmitri Mendeleev,neither
gemma_2_2b_it,explicit_context,p_4599df265b,fact_3196c6c8c8,history,Galileo Galilei,Isaac Newton,neither
gemma_2_2b_it,explicit_context,p_333bf5bf1c,fact_432eb59b08,history,Alfred Wallace,Charles Darwin,neither
gemma_2_2b_it,explicit_context,p_d9e5a9fdac,fact_0bec00e1de,literature,Ben Jonson,Shakespeare,no_context_single_token
gemma_2_2b_it,explicit_context,p_39000afbe2,fact_7d331f3f7b,literature,Charlotte Bronte,Jane Austen,neither
gemma_2_2b_it,explicit_context,p_f65da6d938,fact_a961512401,literature,Jane Austen,Charlotte Bronte,neither
gemma_2_2b_it,explicit_context,p_d4e8e384e3,fact_64b601f163,literature,Charlotte Bronte,Emily Bronte,neither
gemma_2_2b_it,explicit_context,p_5f3b7942aa,fact_6cb35e736c,literature,Nathaniel Hawthorne,Herman Melville,neither
gemma_2_2b_it,explicit_context,p_e94b544160,fact_b5b9de5ec2,literature,Ernest Hemingway,F Scott Fitzgerald,neither
gemma_2_2b_it,explicit_context,p_267ff8cad4,fact_6fc8a6104a,literature,Aldous Huxley,George Orwell,neither
gemma_2_2b_it,explicit_context,p_e345320486,fact_8f5dcf5194,literature,George Orwell,Aldous Huxley,neither
gemma_2_2b_it,explicit_context,p_ca427750e3,fact_b8fef2c6a4,literature,Aldous Huxley,George Orwell,neither
gemma_2_2b_it,explicit_context,p_12c1b4909c,fact_579c196183,literature,Lope de Vega,Miguel de Cervantes,neither
gemma_2_2b_it,explicit_context,p_42f95d197e,fact_dbbf94376a,literature,Tolstoy,Dostoevsky,no_memory_single_token
gemma_2_2b_it,explicit_context,p_6c061419c6,fact_524416f26a,literature,Dostoevsky,Tolstoy,no_context_single_token
gemma_2_2b_it,explicit_context,p_db038fa2ec,fact_a321408331,literature,Petrarch,Dante Alighieri,neither
gemma_2_2b_it,explicit_context,p_f55b63e22d,fact_d743e9af44,literature,John Lydgate,Geoffrey Chaucer,neither
gemma_2_2b_it,explicit_context,p_387835ac00,fact_88e56ada95,literature,John Dryden,John Milton,neither
gemma_2_2b_it,explicit_context,p_4b2a088594,fact_0af5a11ed5,literature,Christopher Marlowe,Shakespeare,no_context_single_token
gemma_2_2b_it,explicit_context,p_b609852dc6,fact_86e8d0f6ff,literature,Ben Jonson,Shakespeare,no_context_single_token
gemma_2_2b_it,explicit_context,p_98dd191ebe,fact_fe6feec206,literature,Christopher Marlowe,Shakespeare,no_context_single_token
gemma_2_2b_it,explicit_context,p_8e2496a39b,fact_38fc4eab32,literature,Francis Bacon,Shakespeare,no_context_single_token
gemma_2_2b_it,explicit_context,p_845dd8217f,fact_c3d173e776,literature,Herman Melville,Nathaniel Hawthorne,neither
gemma_2_2b_it,explicit_context,p_3e4d463a75,fact_5d86fdb619,literature,Edgar Allan Poe,Mark Twain,neither
gemma_2_2b_it,explicit_context,p_5379218f2d,fact_2e584929ec,literature,Mark Twain,Edgar Allan Poe,neither
gemma_2_2b_it,explicit_context,p_c771dd1107,fact_e66f895447,literature,Bram Stoker,Mary Shelley,neither
gemma_2_2b_it,explicit_context,p_809b724a12,fact_fafef090c7,literature,Mary Shelley,Bram Stoker,neither
gemma_2_2b_it,explicit_context,p_219d720544,fact_75b6ebd34f,literature,George Bernard Shaw,Oscar Wilde,neither
gemma_2_2b_it,explicit_context,p_25c70b6383,fact_867e3d97a5,literature,Oscar Wilde,George Bernard Shaw,neither
gemma_2_2b_it,explicit_context,p_547bbf9170,fact_c5ec3ad503,music,woodwind,string,no_context_single_token
gemma_2_2b_it,explicit_context,p_b086bab738,fact_d808853248,music,woodwind,string,no_context_single_token
gemma_2_2b_it,explicit_context,p_6ed05e64bf,fact_eb6322c411,music,string,woodwind,no_memory_single_token
gemma_2_2b_it,explicit_context,p_16a5a1711f,fact_3324e476ca,music,brass,woodwind,no_memory_single_token
gemma_2_2b_it,explicit_context,p_52def8d488,fact_a3733e10c2,music,brass,woodwind,no_memory_single_token
gemma_2_2b_it,explicit_context,p_fd5089f24c,fact_43ff18bde4,music,brass,woodwind,no_memory_single_token
gemma_2_2b_it,explicit_context,p_2ecf0b938f,fact_42a20f452f,music,brass,woodwind,no_memory_single_token
gemma_2_2b_it,explicit_context,p_6b78bf7071,fact_27557e6137,music,woodwind,brass,no_context_single_token
gemma_2_2b_it,explicit_context,p_de8a380b79,fact_6ecf413253,music,woodwind,brass,no_context_single_token
gemma_2_2b_it,explicit_context,p_82c4909e12,fact_17f3853a94,music,woodwind,brass,no_context_single_token
gemma_2_2b_it,explicit_context,p_f8dbacdd5d,fact_735c2eed94,music,woodwind,percussion,no_context_single_token
gemma_2_2b_it,explicit_context,p_a308178ac7,fact_50deb00e5f,music,woodwind,string,no_context_single_token
gemma_2_2b_it,explicit_context,p_b3205ee71e,fact_0ae22aa1ec,music,woodwind,string,no_context_single_token
gemma_2_2b_it,explicit_context,p_7ca3760184,fact_0e9dde73b9,music,woodwind,string,no_context_single_token
gemma_2_2b_it,explicit_context,p_aa7f2d6cd2,fact_c07f6eb419,mathematics,24,25,neither
gemma_2_2b_it,explicit_context,p_abacc7372f,fact_69de6fd3ae,mathematics,54,56,neither
gemma_2_2b_it,explicit_context,p_ba35d7a85f,fact_5f8e86fabb,mathematics,80,81,neither
gemma_2_2b_it,explicit_context,p_c46bfb58cd,fact_cb2d2e91eb,mathematics,145,144,neither
gemma_2_2b_it,explicit_context,p_a67b634fdc,fact_a197c45de5,mathematics,512,256,neither
gemma_2_2b_it,explicit_context,p_ac3b114352,fact_ce6f97489b,mathematics,512,1024,neither
gemma_2_2b_it,explicit_context,p_cce09ffd51,fact_8c926fc1bd,mathematics,11,12,neither
gemma_2_2b_it,explicit_context,p_903364ae82,fact_4d5af79c4e,mathematics,100,120,neither
gemma_2_2b_it,explicit_context,p_906e308288,fact_bccde82503,mathematics,20,24,neither
gemma_2_2b_it,explicit_context,p_80aba14070,fact_87f0b7b0aa,mathematics,3.16,3.14,neither
gemma_2_2b_it,explicit_context,p_1e59cd9687,fact_4ee49464f9,mathematics,45,90,neither
gemma_2_2b_it,explicit_context,p_c4eb200eb9,fact_b6ec3374ba,mathematics,360,180,neither
gemma_2_2b_it,explicit_context,p_f91d8e7e93,fact_1354756506,mathematics,180,360,neither
gemma_2_2b_it,explicit_context,p_df2bd175a4,fact_b830604e86,mathematics,360,180,neither
gemma_2_2b_it,explicit_context,p_1997536ef1,fact_83e5330282,mathematics,180,360,neither
gemma_2_2b_it,explicit_context,p_ad4c4f6ce7,fact_fb36e1341a,biology,48,46,neither
gemma_2_2b_it,explicit_context,p_92aab3903d,fact_92cbeb1ccc,biology,76,78,neither
gemma_2_2b_it,explicit_context,p_20e332c847,fact_e5e0df5e29,biology,36,38,neither
gemma_2_2b_it,explicit_context,p_519839c1d7,fact_ebaae32223,biology,62,64,neither
gemma_2_2b_it,explicit_context,p_5a82afae90,fact_7459b6df2f,biology,46,48,neither
gemma_2_2b_it,explicit_context,p_c7e4e369a8,fact_abb3fbb79e,biology,10,8,no_context_single_token
gemma_2_2b_it,explicit_context,p_5a8d523739,fact_b489166d56,biology,76,78,neither
gemma_2_2b_it,explicit_context,p_052c455ed3,fact_de913ff24f,biology,46,48,neither
gemma_2_2b_it,explicit_context,p_d20596ed77,fact_bd47cf34ba,biology,retinol,ascorbic acid,no_memory_single_token
gemma_2_2b_it,explicit_context,p_2f7a1c41c8,fact_c608fad484,biology,ascorbic acid,retinol,no_context_single_token
gemma_2_2b_it,explicit_context,p_ef8627192e,fact_fba410bfb9,biology,calciferol,cholecalciferol,neither
gemma_2_2b_it,explicit_context,p_a726847645,fact_0a64f74c8f,biology,biotin,cobalamin,no_memory_single_token
gemma_2_2b_it,explicit_context,p_4c6d7156e5,fact_8196f397ca,biology,tocopherol,phylloquinone,neither
gemma_2_2b_it,explicit_context,p_ab6a1cd76e,fact_71d502cd12,biology,phylloquinone,tocopherol,neither
gemma_2_2b_it,explicit_context,p_37f2cbcb1f,fact_80c1f0b60e,biology,riboflavin,thiamine,neither
gemma_2_2b_it,explicit_context,p_52f479105f,fact_81491497cf,biology,thiamine,riboflavin,neither
gemma_2_2b_it,explicit_context,p_c4b991f70e,fact_b03f402e98,biology,riboflavin,niacin,no_context_single_token
gemma_2_2b_it,explicit_context,p_484df6dba6,fact_ca95666daf,chemistry,H2SO4,HCl,no_context_single_token
gemma_2_2b_it,explicit_context,p_9357feebc7,fact_5a1fe168b0,chemistry,HCl,H2SO4,no_memory_single_token
gemma_2_2b_it,explicit_context,p_7a1bffcc97,fact_95c0ff4641,chemistry,HCl,HNO3,no_memory_single_token
gemma_2_2b_it,explicit_context,p_a0cfb0b91b,fact_d088c2a623,chemistry,HNO3,CH3COOH,neither
gemma_2_2b_it,explicit_context,p_7c2782a587,fact_e7a1d2e24e,chemistry,NaOH,NH3,no_memory_single_token
gemma_2_2b_it,explicit_context,p_f7f7962e90,fact_cbc9571a4c,chemistry,HCl,H2CO3,no_memory_single_token
gemma_2_2b_it,explicit_context,p_fa6b222b48,fact_457b2a7392,sports,Sao Paulo,Rio de Janeiro,neither
gemma_2_2b_it,explicit_context,p_8812bf3a51,fact_deefb0c535,sports,Pyeongchang,Beijing,no_context_single_token
gemma_2_2b_it,explicit_context,p_1575b8d7f2,fact_bd863ad39d,sports,Sochi,Pyeongchang,no_memory_single_token
gemma_2_2b_it,explicit_context,p_dc6642cbcb,fact_7b28167dc6,sports,Argentina,West Germany,no_memory_single_token
gemma_2_2b_it,explicit_context,p_d7ff11fa38,fact_fa8aa8c110,sports,West Germany,Argentina,no_context_single_token
gemma_2_2b_it,explicit_context,p_52c60acaa0,fact_6d0e60e066,sports,10,11,neither
gemma_2_2b_it,explicit_context,p_0fd42ce1c4,fact_408ea5ffb4,sports,10,11,neither
gemma_2_2b_it,explicit_context,p_d559928972,fact_6caf6e61a1,sports,13,15,neither
gemma_2_2b_it,explicit_context,p_c2cab67797,fact_4ec452c94c,sports,15,13,neither
gemma_2_2b_it,explicit_context,p_dd98bf33fb,fact_1d35b0d1bb,sports,12,11,neither
gemma_2_2b_it,explicit_context,p_33159c91b3,fact_76fdf8a30d,geography,South America,Africa,no_context_single_token
gemma_2_2b_it,explicit_context,p_d6ab8192ba,fact_e74e55eed6,geography,Africa,South America,no_memory_single_token
gemma_2_2b_it,explicit_context,p_0a35c2e77d,fact_2794b29d74,geography,South America,North America,neither
gemma_2_2b_it,explicit_context,p_7a21bca81c,fact_5b5639b023,geography,8800,8849,neither
gemma_2_2b_it,explicit_context,p_48aee0a72a,fact_3f98b1dbf9,geography,8500,8611,neither
gemma_2_2b_it,explicit_context,p_fa7b7b1a75,fact_dd0323f495,geography,8500,8586,neither
gemma_2_2b_it,explicit_context,p_d42a6e9f3c,fact_7736e511d8,geography,8400,8516,neither
gemma_2_2b_it,explicit_context,p_dc49e4c6f2,fact_82717fd9d3,geography,8400,8485,neither
gemma_2_2b_it,explicit_context,p_4c561cf160,fact_4986e8c5bb,geography,8100,8188,neither
gemma_2_2b_it,explicit_context,p_10448b1a9b,fact_b477a66807,geography,8100,8167,neither
gemma_2_2b_it,explicit_context,p_5ce5ab839f,fact_c65f47acb4,geography,8100,8163,neither
gemma_2_2b_it,explicit_context,p_04268d517d,fact_821594db29,geography,second largest,largest,no_context_single_token
gemma_2_2b_it,explicit_context,p_1e0591b83b,fact_7fd8c7505c,geography,largest,second largest,no_memory_single_token
gemma_2_2b_it,explicit_context,p_837acf16d3,fact_0a3330ae4f,geography,second largest,third largest,neither
gemma_2_2b_it,explicit_context,p_378d22ab87,fact_75e76d281e,geography,second smallest,smallest,no_context_single_token
gemma_2_2b_it,explicit_context,p_4be934cdfe,fact_3002f6dd8f,geography,South America,North America,neither
gemma_2_2b_it,explicit_context,p_35ca8ea10f,fact_fabe8187a5,geography,North America,South America,neither
gemma_2_2b_it,explicit_context,p_82eb3b55d8,fact_02351e7b87,geography,North America,South America,neither
gemma_2_2b_it,explicit_memory,p_0d9d4d3e0b,fact_50f768a4d5,geography,Rio,Brasilia,no_memory_single_token
gemma_2_2b_it,explicit_memory,p_814acb78c7,fact_18aa9e9202,geography,Mumbai,New Delhi,no_memory_single_token
gemma_2_2b_it,explicit_memory,p_a01bb844ba,fact_ca64e96245,geography,St Petersburg,Moscow,no_context_single_token
gemma_2_2b_it,explicit_memory,p_07a7e1d555,fact_2874804b8c,geography,Cancun,Mexico City,no_memory_single_token
gemma_2_2b_it,explicit_memory,p_2ab78a7667,fact_286046a449,geography,Cape Town,Pretoria,no_context_single_token
gemma_2_2b_it,explicit_memory,p_4fa034e533,fact_44005944e3,geography,Cordoba,Buenos Aires,no_memory_single_token
gemma_2_2b_it,explicit_memory,p_a3519b26c4,fact_0222835aa1,geography,Medellin,Bogota,no_context_single_token
gemma_2_2b_it,explicit_memory,p_dfd35ea720,fact_ec31e79d2e,geography,Valparaiso,Santiago,no_context_single_token
gemma_2_2b_it,explicit_memory,p_f444460d21,fact_650f37efb4,geography,Isfahan,Tehran,no_context_single_token
gemma_2_2b_it,explicit_memory,p_7cb103c5cd,fact_038c326d27,geography,Basra,Baghdad,no_context_single_token
gemma_2_2b_it,explicit_memory,p_e9a51fafb0,fact_875fda5014,geography,Tel Aviv,Jerusalem,no_context_single_token
gemma_2_2b_it,explicit_memory,p_9a869d7175,fact_4eed072e0a,geography,Lviv,Kyiv,no_context_single_token
gemma_2_2b_it,explicit_memory,p_5a44c77d68,fact_7c6956c666,geography,Debrecen,Budapest,no_context_single_token
gemma_2_2b_it,explicit_memory,p_1e52618b6a,fact_7b0d3cbc7d,geography,Penang,Kuala Lumpur,no_memory_single_token
gemma_2_2b_it,explicit_memory,p_7f858dd1e6,fact_d1a7ba5a02,geography,Nairobi,Addis Ababa,no_memory_single_token
gemma_2_2b_it,explicit_memory,p_84e171d422,fact_4ac8a5d8a6,geography,Kumasi,Accra,no_context_single_token
gemma_2_2b_it,explicit_memory,p_e1eec03e88,fact_a08651e3a6,geography,Chittagong,Dhaka,no_context_single_token
gemma_2_2b_it,explicit_memory,p_4a21447690,fact_69259664b6,geography,Colombo,Sri Jayawardenepura Kotte,no_memory_single_token
gemma_2_2b_it,explicit_memory,p_515f36103e,fact_0c5ef66604,geography,Los Angeles,Sacramento,no_context_single_token
gemma_2_2b_it,explicit_memory,p_6956c2e540,fact_12c37a2b97,geography,New York City,Albany,no_context_single_token
gemma_2_2b_it,explicit_memory,p_d6c28cc65c,fact_e11e5bad57,geography,Las Vegas,Carson City,neither
gemma_2_2b_it,explicit_memory,p_2b3e658ff3,fact_c4dbfabb88,geography,Minneapolis,Saint Paul,no_memory_single_token
gemma_2_2b_it,explicit_memory,p_f08af518bf,fact_ad986f03e1,geography,New Orleans,Baton Rouge,neither
gemma_2_2b_it,explicit_memory,p_0c71e061a3,fact_18b6eda606,geography,New Haven,Hartford,no_context_single_token
gemma_2_2b_it,explicit_memory,p_6a98024322,fact_39cee6bcd6,geography,Provo,Salt Lake City,no_memory_single_token
gemma_2_2b_it,explicit_memory,p_8e783e0123,fact_23011915f5,geography,Cedar Rapids,Des Moines,neither
gemma_2_2b_it,explicit_memory,p_24db5681d4,fact_57d9029279,geography,Biloxi,Jackson,no_context_single_token
gemma_2_2b_it,explicit_memory,p_7adf218870,fact_2b97c29591,geography,Nampa,Boise,no_context_single_token
gemma_2_2b_it,explicit_memory,p_817e473e54,fact_6d1a9d7a60,geography,Burlington,Montpelier,no_memory_single_token
gemma_2_2b_it,explicit_memory,p_9af9eebc3a,fact_9cf484fbad,geography,Sioux Falls,Pierre,no_context_single_token
gemma_2_2b_it,explicit_memory,p_e3ee7aa2c3,fact_5593c8294f,geography,euro,ruble,no_memory_single_token
gemma_2_2b_it,explicit_memory,p_650aa52890,fact_ecd7399509,geography,euro,krona,no_memory_single_token
gemma_2_2b_it,explicit_memory,p_8fd0b9e650,fact_522a0f0048,geography,dirham,riyal,neither
gemma_2_2b_it,explicit_memory,p_e14cc4e0e3,fact_24c47ff7c5,geography,riyal,dirham,neither
gemma_2_2b_it,explicit_memory,p_709ce94723,fact_6a864232a1,chemistry,12,11,neither
gemma_2_2b_it,explicit_memory,p_3dbf3a8e68,fact_bb0e3ef7c1,chemistry,16,15,neither
gemma_2_2b_it,explicit_memory,p_08412568f4,fact_2fad0b0703,chemistry,15,16,neither
gemma_2_2b_it,explicit_memory,p_5443898991,fact_2604b685fa,chemistry,18,17,neither
gemma_2_2b_it,explicit_memory,p_b1833bda90,fact_d25769596a,chemistry,20,19,neither
gemma_2_2b_it,explicit_memory,p_bdfb550471,fact_da10d5a901,chemistry,19,20,neither
gemma_2_2b_it,explicit_memory,p_64da460745,fact_b5d325043b,chemistry,27,26,neither
gemma_2_2b_it,explicit_memory,p_5bbd65fc9c,fact_29a641a459,chemistry,30,29,neither
gemma_2_2b_it,explicit_memory,p_e0bac6ad5b,fact_9c9a2e4da3,chemistry,29,30,neither
gemma_2_2b_it,explicit_memory,p_ceb96737b3,fact_c43e1459a6,chemistry,48,47,neither
gemma_2_2b_it,explicit_memory,p_05a0ff89e9,fact_0b868e4408,chemistry,80,79,neither
gemma_2_2b_it,explicit_memory,p_604207aae3,fact_cbc55e7f44,chemistry,81,82,neither
gemma_2_2b_it,explicit_memory,p_bef91c7d98,fact_08eccaf034,chemistry,91,92,neither
gemma_2_2b_it,explicit_memory,p_843f4becc0,fact_8f6079efd0,chemistry,10,9,no_context_single_token
gemma_2_2b_it,explicit_memory,p_d2ed05f09a,fact_a6120a2c95,chemistry,9,10,no_memory_single_token
gemma_2_2b_it,explicit_memory,p_24341dbae6,fact_091f43d021,chemistry,14,13,neither
gemma_2_2b_it,explicit_memory,p_0492297414,fact_02df6b17bd,chemistry,13,14,neither
gemma_2_2b_it,explicit_memory,p_93c9ebd7e9,fact_5c0dc7c4c5,chemistry,17,18,neither
gemma_2_2b_it,explicit_memory,p_134e00e6c2,fact_c8249fcab8,chemistry,23,22,neither
gemma_2_2b_it,explicit_memory,p_4e2f0db8b6,fact_a4be9609ed,chemistry,25,24,neither
gemma_2_2b_it,explicit_memory,p_595a243850,fact_7e9552185f,chemistry,24,25,neither
gemma_2_2b_it,explicit_memory,p_fadfd0f08e,fact_06db44d557,chemistry,28,27,neither
gemma_2_2b_it,explicit_memory,p_1841e0aee0,fact_7c8ef8f074,chemistry,27,28,neither
gemma_2_2b_it,explicit_memory,p_21bcb82d90,fact_7989d46bd5,chemistry,36,35,neither
gemma_2_2b_it,explicit_memory,p_d3db7baf12,fact_fef8128d0d,chemistry,90,100,neither
gemma_2_2b_it,explicit_memory,p_4b1486833a,fact_8a94d9d5cc,chemistry,80,78,neither
gemma_2_2b_it,explicit_memory,p_b215ee7369,fact_95d3459c6f,chemistry,-200,-196,neither
gemma_2_2b_it,explicit_memory,p_2fb9b3e894,fact_fe677d97b8,chemistry,-180,-183,neither
gemma_2_2b_it,explicit_memory,p_49f4813ae5,fact_8f256de3b3,chemistry,3000,2862,neither
gemma_2_2b_it,explicit_memory,p_2ec3d3a794,fact_d088f13b9f,chemistry,3000,2856,neither
gemma_2_2b_it,explicit_memory,p_ba900dc598,fact_78050045a0,chemistry,2500,2562,neither
gemma_2_2b_it,explicit_memory,p_5720970f39,fact_b71dc5a415,chemistry,1700,1749,neither
gemma_2_2b_it,explicit_memory,p_f8f43a469a,fact_f1d21d7d3f,chemistry,2200,2162,neither
gemma_2_2b_it,explicit_memory,p_7351a1fe63,fact_f59785647d,chemistry,-250,-253,neither
gemma_2_2b_it,explicit_memory,p_bb8164e06c,fact_e9a1aeb387,chemistry,-270,-269,neither
gemma_2_2b_it,explicit_memory,p_2e25f48cac,fact_0de3017cd4,chemistry,100,78,neither
gemma_2_2b_it,explicit_memory,p_eb0f4c513a,fact_7c23c9f721,astronomy,80,95,neither
gemma_2_2b_it,explicit_memory,p_8dc9036efa,fact_3b24ebd9f0,astronomy,130,146,neither
gemma_2_2b_it,explicit_memory,p_3bfe1b2eab,fact_da8e8fbaf5,astronomy,20,28,neither
gemma_2_2b_it,explicit_memory,p_adde0ea4e5,fact_98766b58a5,astronomy,20,16,neither
gemma_2_2b_it,explicit_memory,p_5b68dfc296,fact_4728a74172,astronomy,planet,dwarf planet,no_memory_single_token
gemma_2_2b_it,explicit_memory,p_90a23ae164,fact_01e7906f85,astronomy,artificial satellite,natural satellite,neither
gemma_2_2b_it,explicit_memory,p_eefc1f9e95,fact_c9a31e611a,biology,flock,gaggle,no_memory_single_token
gemma_2_2b_it,explicit_memory,p_c6f2da6529,fact_2513c2338c,biology,flock,flamboyance,no_memory_single_token
gemma_2_2b_it,explicit_memory,p_a67561033b,fact_f11a277a8a,biology,8,10,no_memory_single_token
gemma_2_2b_it,explicit_memory,p_50ec93e94c,fact_de0e9f2f76,biology,10,8,no_context_single_token
gemma_2_2b_it,explicit_memory,p_5aded92cd7,fact_35833bcc4a,biology,8,10,no_memory_single_token
gemma_2_2b_it,explicit_memory,p_c12ae51d5e,fact_0de2dcf992,biology,reptile,amphibian,no_memory_single_token
gemma_2_2b_it,explicit_memory,p_5f550e89a1,fact_308c87aed8,biology,amphibian,reptile,no_context_single_token
gemma_2_2b_it,explicit_memory,p_5817c98db6,fact_867d11dfe7,biology,reptile,amphibian,no_memory_single_token
gemma_2_2b_it,explicit_memory,p_77d94e425c,fact_10d2374984,biology,amphibian,reptile,no_context_single_token
gemma_2_2b_it,explicit_memory,p_f1203243a5,fact_7edffb20d1,biology,fish,crustacean,no_memory_single_token
gemma_2_2b_it,explicit_memory,p_5748b7f904,fact_30bdbc5bc3,biology,insect,mollusk,no_memory_single_token
gemma_2_2b_it,explicit_memory,p_095ca8a437,fact_ffdca41653,biology,insect,annelid,no_memory_single_token
gemma_2_2b_it,explicit_memory,p_6644a5ca98,fact_69f6727917,biology,100,120,neither
gemma_2_2b_it,explicit_memory,p_b76438a750,fact_e7e7b24423,biology,300,389,neither
gemma_2_2b_it,explicit_memory,p_79b90b15f6,fact_b2e155ca4c,biology,70,80,neither
gemma_2_2b_it,explicit_memory,p_c7cbe5c20c,fact_e6d18fe474,biology,70,88,neither
gemma_2_2b_it,explicit_memory,p_1d2cee5515,fact_6e1b1677c3,biology,60,70,neither
gemma_2_2b_it,explicit_memory,p_2099085393,fact_50167cdb92,biology,40,56,neither
gemma_2_2b_it,explicit_memory,p_9fe4963419,fact_dda56837f8,biology,50,40,neither
gemma_2_2b_it,explicit_memory,p_fbb0d53805,fact_aaf40f91bc,physics,Joule,Newton,no_context_single_token
gemma_2_2b_it,explicit_memory,p_5c77f3eb93,fact_a98b348240,physics,Watt,Joule,no_memory_single_token
gemma_2_2b_it,explicit_memory,p_4099677f3a,fact_4db8c24955,physics,Joule,Watt,no_context_single_token
gemma_2_2b_it,explicit_memory,p_6b7dc89ae9,fact_0df87ca473,physics,Ohm,Farad,no_memory_single_token
gemma_2_2b_it,explicit_memory,p_9239644524,fact_33f052cfec,physics,Curie,Becquerel,no_memory_single_token
gemma_2_2b_it,explicit_memory,p_52a46421e4,fact_17e6fa8431,physics,Sievert,Gray,no_context_single_token
gemma_2_2b_it,explicit_memory,p_5dc776fc16,fact_4c8aeef5e5,physics,Farad,Henry,no_context_single_token
gemma_2_2b_it,explicit_memory,p_67c28f91c5,fact_fc2027e8bc,physics,F=mv,F=ma,neither
gemma_2_2b_it,explicit_memory,p_fc9484af2f,fact_9ee0a1b3e7,physics,300000000,299792458,neither
gemma_2_2b_it,explicit_memory,p_adde0ab04d,fact_88c63537c8,physics,6.626e-32,6.626e-34,neither
gemma_2_2b_it,explicit_memory,p_560676bf61,fact_56787410b6,history,1778,1776,neither
gemma_2_2b_it,explicit_memory,p_aee425cb3c,fact_a9f44e0d47,history,1791,1789,neither
gemma_2_2b_it,explicit_memory,p_a222837ceb,fact_8001ff34f9,history,1916,1914,neither
gemma_2_2b_it,explicit_memory,p_906caff23f,fact_ec6140dd2c,history,1919,1918,neither
gemma_2_2b_it,explicit_memory,p_245581f7dd,fact_ac8d5d6d7d,history,1940,1939,neither
gemma_2_2b_it,explicit_memory,p_3eb64ca070,fact_4cf2c8f74b,history,1946,1945,neither
gemma_2_2b_it,explicit_memory,p_b714457a01,fact_88e1aaaf92,history,1970,1969,neither
gemma_2_2b_it,explicit_memory,p_f043d6eb32,fact_def1984e62,history,1990,1989,neither
gemma_2_2b_it,explicit_memory,p_ee99f0c7fb,fact_1f0b7c83f2,history,1963,1961,neither
gemma_2_2b_it,explicit_memory,p_7b608a7121,fact_79f60faa27,history,1955,1953,neither
gemma_2_2b_it,explicit_memory,p_768e28a6f8,fact_9f33a3cda8,history,1907,1905,neither
gemma_2_2b_it,explicit_memory,p_88dc5fc5cf,fact_1f407179eb,history,1930,1928,neither
gemma_2_2b_it,explicit_memory,p_58a8d0b504,fact_28bf618b1f,history,1494,1492,neither
gemma_2_2b_it,explicit_memory,p_ba43cd0ade,fact_3124bfa91d,history,1905,1903,neither
gemma_2_2b_it,explicit_memory,p_2cac891f94,fact_011b861fb3,history,1959,1957,neither
gemma_2_2b_it,explicit_memory,p_d2af0d4383,fact_52c8794331,history,1866,1865,neither
gemma_2_2b_it,explicit_memory,p_88c445a5c3,fact_cbcb55107d,history,1918,1917,neither
gemma_2_2b_it,explicit_memory,p_4e1b7efc5c,fact_6128e90655,history,1800,1799,neither
gemma_2_2b_it,explicit_memory,p_4d570f2355,fact_57918bb58a,history,1816,1815,neither
gemma_2_2b_it,explicit_memory,p_e9a61fb345,fact_ce46388c3b,history,1217,1215,neither
gemma_2_2b_it,explicit_memory,p_37dc54cb3b,fact_6cf5527831,history,15,16,neither
gemma_2_2b_it,explicit_memory,p_5f63c167d2,fact_a87645d8ed,history,27,26,neither
gemma_2_2b_it,explicit_memory,p_9689f9ad66,fact_622779fadf,history,29,28,neither
gemma_2_2b_it,explicit_memory,p_c2c3efb711,fact_b5baf0b628,history,31,32,neither
gemma_2_2b_it,explicit_memory,p_6e282a5eff,fact_da172ece4b,history,34,33,neither
gemma_2_2b_it,explicit_memory,p_a7529974d0,fact_8c9756b9d0,history,33,34,neither
gemma_2_2b_it,explicit_memory,p_bac66b07ab,fact_d37b58fff1,history,36,35,neither
gemma_2_2b_it,explicit_memory,p_8985d5a306,fact_d6969e8665,history,37,36,neither
gemma_2_2b_it,explicit_memory,p_c9a08e512d,fact_ea53141fa4,history,38,37,neither
gemma_2_2b_it,explicit_memory,p_2b5a7fcdf5,fact_12dd35aa07,history,40,39,neither
gemma_2_2b_it,explicit_memory,p_920f7c552f,fact_4efd2c037f,history,41,40,neither
gemma_2_2b_it,explicit_memory,p_38a4c6cddf,fact_03751c2969,history,43,42,neither
gemma_2_2b_it,explicit_memory,p_f7815682dc,fact_72b75e2f76,history,43,44,neither
gemma_2_2b_it,explicit_memory,p_9e7fe7f963,fact_534496097a,history,Thomas Edison,Alexander Graham Bell,neither
gemma_2_2b_it,explicit_memory,p_5baf60bfc5,fact_dc5ea8d389,history,Nikola Tesla,Thomas Edison,neither
gemma_2_2b_it,explicit_memory,p_92cab90dfd,fact_1c3dc5a167,history,Glenn Curtiss,Wright Brothers,neither
gemma_2_2b_it,explicit_memory,p_ea19b346a4,fact_379667963a,history,Nikola Tesla,Guglielmo Marconi,neither
gemma_2_2b_it,explicit_memory,p_b9593d8508,fact_7ab7080a6a,history,Vint Cerf,Tim Berners-Lee,neither
gemma_2_2b_it,explicit_memory,p_4aa7fa1dce,fact_d78217e572,history,William Caxton,Johannes Gutenberg,neither
gemma_2_2b_it,explicit_memory,p_da59e43885,fact_ce6a63688d,history,Hiram Maxim,Alfred Nobel,neither
gemma_2_2b_it,explicit_memory,p_4ad5c4d510,fact_e8071c91f8,history,Marie Curie,Wilhelm Roentgen,neither
gemma_2_2b_it,explicit_memory,p_1136569297,fact_774b4dad6b,history,George Stephenson,James Watt,neither
gemma_2_2b_it,explicit_memory,p_af0a985d97,fact_1acfc107f3,history,Philo Farnsworth,John Logie Baird,neither
gemma_2_2b_it,explicit_memory,p_effcc0a1c6,fact_db1a93c105,history,Louis Pasteur,Alexander Fleming,neither
gemma_2_2b_it,explicit_memory,p_c0924a8667,fact_c7dc04bd2e,history,John Dalton,Dmitri Mendeleev,neither
gemma_2_2b_it,explicit_memory,p_a3bfe03238,fact_3196c6c8c8,history,Galileo Galilei,Isaac Newton,neither
gemma_2_2b_it,explicit_memory,p_8a77bd06d3,fact_432eb59b08,history,Alfred Wallace,Charles Darwin,neither
gemma_2_2b_it,explicit_memory,p_8bf8ce5064,fact_0bec00e1de,literature,Ben Jonson,Shakespeare,no_context_single_token
gemma_2_2b_it,explicit_memory,p_6ec8c6e4e5,fact_7d331f3f7b,literature,Charlotte Bronte,Jane Austen,neither
gemma_2_2b_it,explicit_memory,p_82670ee06d,fact_a961512401,literature,Jane Austen,Charlotte Bronte,neither
gemma_2_2b_it,explicit_memory,p_8767441bcf,fact_64b601f163,literature,Charlotte Bronte,Emily Bronte,neither
gemma_2_2b_it,explicit_memory,p_79caec1298,fact_6cb35e736c,literature,Nathaniel Hawthorne,Herman Melville,neither
gemma_2_2b_it,explicit_memory,p_ea263db4ee,fact_b5b9de5ec2,literature,Ernest Hemingway,F Scott Fitzgerald,neither
gemma_2_2b_it,explicit_memory,p_6fbef2d70a,fact_6fc8a6104a,literature,Aldous Huxley,George Orwell,neither
gemma_2_2b_it,explicit_memory,p_220f2c6919,fact_8f5dcf5194,literature,George Orwell,Aldous Huxley,neither
gemma_2_2b_it,explicit_memory,p_53f853540c,fact_b8fef2c6a4,literature,Aldous Huxley,George Orwell,neither
gemma_2_2b_it,explicit_memory,p_5c3b4edaba,fact_579c196183,literature,Lope de Vega,Miguel de Cervantes,neither
gemma_2_2b_it,explicit_memory,p_c78395764c,fact_dbbf94376a,literature,Tolstoy,Dostoevsky,no_memory_single_token
gemma_2_2b_it,explicit_memory,p_c282cb6218,fact_524416f26a,literature,Dostoevsky,Tolstoy,no_context_single_token
gemma_2_2b_it,explicit_memory,p_3d18e28459,fact_a321408331,literature,Petrarch,Dante Alighieri,neither
gemma_2_2b_it,explicit_memory,p_5d54b512f2,fact_d743e9af44,literature,John Lydgate,Geoffrey Chaucer,neither
gemma_2_2b_it,explicit_memory,p_8b9664f83c,fact_88e56ada95,literature,John Dryden,John Milton,neither
gemma_2_2b_it,explicit_memory,p_c73d77d9dc,fact_0af5a11ed5,literature,Christopher Marlowe,Shakespeare,no_context_single_token
gemma_2_2b_it,explicit_memory,p_6cc36387f2,fact_86e8d0f6ff,literature,Ben Jonson,Shakespeare,no_context_single_token
gemma_2_2b_it,explicit_memory,p_d8a86633b6,fact_fe6feec206,literature,Christopher Marlowe,Shakespeare,no_context_single_token
gemma_2_2b_it,explicit_memory,p_78eee12b22,fact_38fc4eab32,literature,Francis Bacon,Shakespeare,no_context_single_token
gemma_2_2b_it,explicit_memory,p_cc694e7935,fact_c3d173e776,literature,Herman Melville,Nathaniel Hawthorne,neither
gemma_2_2b_it,explicit_memory,p_6cfad128cc,fact_5d86fdb619,literature,Edgar Allan Poe,Mark Twain,neither
gemma_2_2b_it,explicit_memory,p_2ba556396a,fact_2e584929ec,literature,Mark Twain,Edgar Allan Poe,neither
gemma_2_2b_it,explicit_memory,p_ad4b9de5ee,fact_e66f895447,literature,Bram Stoker,Mary Shelley,neither
gemma_2_2b_it,explicit_memory,p_57a9adb80c,fact_fafef090c7,literature,Mary Shelley,Bram Stoker,neither
gemma_2_2b_it,explicit_memory,p_57b8401c07,fact_75b6ebd34f,literature,George Bernard Shaw,Oscar Wilde,neither
gemma_2_2b_it,explicit_memory,p_17148fe7c9,fact_867e3d97a5,literature,Oscar Wilde,George Bernard Shaw,neither
gemma_2_2b_it,explicit_memory,p_6d9f9b4abb,fact_c5ec3ad503,music,woodwind,string,no_context_single_token
gemma_2_2b_it,explicit_memory,p_b1ebeaf706,fact_d808853248,music,woodwind,string,no_context_single_token
gemma_2_2b_it,explicit_memory,p_6491241dc9,fact_eb6322c411,music,string,woodwind,no_memory_single_token
gemma_2_2b_it,explicit_memory,p_f1d1cbbf3a,fact_3324e476ca,music,brass,woodwind,no_memory_single_token
gemma_2_2b_it,explicit_memory,p_099d812f85,fact_a3733e10c2,music,brass,woodwind,no_memory_single_token
gemma_2_2b_it,explicit_memory,p_90f4960858,fact_43ff18bde4,music,brass,woodwind,no_memory_single_token
gemma_2_2b_it,explicit_memory,p_b00baf6174,fact_42a20f452f,music,brass,woodwind,no_memory_single_token
gemma_2_2b_it,explicit_memory,p_361ba21deb,fact_27557e6137,music,woodwind,brass,no_context_single_token
gemma_2_2b_it,explicit_memory,p_177eea08d7,fact_6ecf413253,music,woodwind,brass,no_context_single_token
gemma_2_2b_it,explicit_memory,p_ffd36ad944,fact_17f3853a94,music,woodwind,brass,no_context_single_token
gemma_2_2b_it,explicit_memory,p_3b56cba871,fact_735c2eed94,music,woodwind,percussion,no_context_single_token
gemma_2_2b_it,explicit_memory,p_311822c4d9,fact_50deb00e5f,music,woodwind,string,no_context_single_token
gemma_2_2b_it,explicit_memory,p_cca5ace665,fact_0ae22aa1ec,music,woodwind,string,no_context_single_token
gemma_2_2b_it,explicit_memory,p_72ed8171b7,fact_0e9dde73b9,music,woodwind,string,no_context_single_token
gemma_2_2b_it,explicit_memory,p_be0babb17c,fact_c07f6eb419,mathematics,24,25,neither
gemma_2_2b_it,explicit_memory,p_22b383177f,fact_69de6fd3ae,mathematics,54,56,neither
gemma_2_2b_it,explicit_memory,p_aff75a5864,fact_5f8e86fabb,mathematics,80,81,neither
gemma_2_2b_it,explicit_memory,p_0d68dd7eac,fact_cb2d2e91eb,mathematics,145,144,neither
gemma_2_2b_it,explicit_memory,p_e13b3f1e00,fact_a197c45de5,mathematics,512,256,neither
gemma_2_2b_it,explicit_memory,p_346a2d8c77,fact_ce6f97489b,mathematics,512,1024,neither
gemma_2_2b_it,explicit_memory,p_dc216ed4ce,fact_8c926fc1bd,mathematics,11,12,neither
gemma_2_2b_it,explicit_memory,p_7eff5abcbf,fact_4d5af79c4e,mathematics,100,120,neither
gemma_2_2b_it,explicit_memory,p_8cfa6a8d31,fact_bccde82503,mathematics,20,24,neither
gemma_2_2b_it,explicit_memory,p_60d0a33338,fact_87f0b7b0aa,mathematics,3.16,3.14,neither
gemma_2_2b_it,explicit_memory,p_f9f8a29131,fact_4ee49464f9,mathematics,45,90,neither
gemma_2_2b_it,explicit_memory,p_57079f1879,fact_b6ec3374ba,mathematics,360,180,neither
gemma_2_2b_it,explicit_memory,p_1f76041369,fact_1354756506,mathematics,180,360,neither
gemma_2_2b_it,explicit_memory,p_f1d78d484f,fact_b830604e86,mathematics,360,180,neither
gemma_2_2b_it,explicit_memory,p_78f4f1a244,fact_83e5330282,mathematics,180,360,neither
gemma_2_2b_it,explicit_memory,p_8e7355622c,fact_fb36e1341a,biology,48,46,neither
gemma_2_2b_it,explicit_memory,p_873e84164c,fact_92cbeb1ccc,biology,76,78,neither
gemma_2_2b_it,explicit_memory,p_ca4f6d1189,fact_e5e0df5e29,biology,36,38,neither
gemma_2_2b_it,explicit_memory,p_0cd4f91e1f,fact_ebaae32223,biology,62,64,neither
gemma_2_2b_it,explicit_memory,p_657ca02aca,fact_7459b6df2f,biology,46,48,neither
gemma_2_2b_it,explicit_memory,p_8249abd363,fact_abb3fbb79e,biology,10,8,no_context_single_token
gemma_2_2b_it,explicit_memory,p_3a0052f988,fact_b489166d56,biology,76,78,neither
gemma_2_2b_it,explicit_memory,p_6b1984e474,fact_de913ff24f,biology,46,48,neither
gemma_2_2b_it,explicit_memory,p_fe721b8a2c,fact_bd47cf34ba,biology,retinol,ascorbic acid,no_memory_single_token
gemma_2_2b_it,explicit_memory,p_09841a5f4d,fact_c608fad484,biology,ascorbic acid,retinol,no_context_single_token
gemma_2_2b_it,explicit_memory,p_fcad970f37,fact_fba410bfb9,biology,calciferol,cholecalciferol,neither
gemma_2_2b_it,explicit_memory,p_f2f6859aa6,fact_0a64f74c8f,biology,biotin,cobalamin,no_memory_single_token
gemma_2_2b_it,explicit_memory,p_91611e641c,fact_8196f397ca,biology,tocopherol,phylloquinone,neither
gemma_2_2b_it,explicit_memory,p_4d5d604afc,fact_71d502cd12,biology,phylloquinone,tocopherol,neither
gemma_2_2b_it,explicit_memory,p_266836e2f9,fact_80c1f0b60e,biology,riboflavin,thiamine,neither
gemma_2_2b_it,explicit_memory,p_95669c4d2f,fact_81491497cf,biology,thiamine,riboflavin,neither
gemma_2_2b_it,explicit_memory,p_87ead31651,fact_b03f402e98,biology,riboflavin,niacin,no_context_single_token
gemma_2_2b_it,explicit_memory,p_d14603fbf6,fact_ca95666daf,chemistry,H2SO4,HCl,no_context_single_token
gemma_2_2b_it,explicit_memory,p_63313cdd9a,fact_5a1fe168b0,chemistry,HCl,H2SO4,no_memory_single_token
gemma_2_2b_it,explicit_memory,p_731ef37b1f,fact_95c0ff4641,chemistry,HCl,HNO3,no_memory_single_token
gemma_2_2b_it,explicit_memory,p_0dac705362,fact_d088c2a623,chemistry,HNO3,CH3COOH,neither
gemma_2_2b_it,explicit_memory,p_2625414b61,fact_e7a1d2e24e,chemistry,NaOH,NH3,no_memory_single_token
gemma_2_2b_it,explicit_memory,p_e3851616fd,fact_cbc9571a4c,chemistry,HCl,H2CO3,no_memory_single_token
gemma_2_2b_it,explicit_memory,p_1b59f4fb96,fact_457b2a7392,sports,Sao Paulo,Rio de Janeiro,neither
gemma_2_2b_it,explicit_memory,p_fe646f61a1,fact_deefb0c535,sports,Pyeongchang,Beijing,no_context_single_token
gemma_2_2b_it,explicit_memory,p_9861acc091,fact_bd863ad39d,sports,Sochi,Pyeongchang,no_memory_single_token
gemma_2_2b_it,explicit_memory,p_b3580efa31,fact_7b28167dc6,sports,Argentina,West Germany,no_memory_single_token
gemma_2_2b_it,explicit_memory,p_a959d09b55,fact_fa8aa8c110,sports,West Germany,Argentina,no_context_single_token
gemma_2_2b_it,explicit_memory,p_d8372ff92c,fact_6d0e60e066,sports,10,11,neither
gemma_2_2b_it,explicit_memory,p_b57ed288c1,fact_408ea5ffb4,sports,10,11,neither
gemma_2_2b_it,explicit_memory,p_86f9ca94d7,fact_6caf6e61a1,sports,13,15,neither
gemma_2_2b_it,explicit_memory,p_a72fa8d38f,fact_4ec452c94c,sports,15,13,neither
gemma_2_2b_it,explicit_memory,p_8dfcd91ee4,fact_1d35b0d1bb,sports,12,11,neither
gemma_2_2b_it,explicit_memory,p_8412b4d57f,fact_76fdf8a30d,geography,South America,Africa,no_context_single_token
gemma_2_2b_it,explicit_memory,p_195cf35c4a,fact_e74e55eed6,geography,Africa,South America,no_memory_single_token
gemma_2_2b_it,explicit_memory,p_f34bf58596,fact_2794b29d74,geography,South America,North America,neither
gemma_2_2b_it,explicit_memory,p_6288ab56ea,fact_5b5639b023,geography,8800,8849,neither
gemma_2_2b_it,explicit_memory,p_b16e7b6642,fact_3f98b1dbf9,geography,8500,8611,neither
gemma_2_2b_it,explicit_memory,p_e3a481c70c,fact_dd0323f495,geography,8500,8586,neither
gemma_2_2b_it,explicit_memory,p_3b447044e6,fact_7736e511d8,geography,8400,8516,neither
gemma_2_2b_it,explicit_memory,p_1f5db0cd41,fact_82717fd9d3,geography,8400,8485,neither
gemma_2_2b_it,explicit_memory,p_bda15e8601,fact_4986e8c5bb,geography,8100,8188,neither
gemma_2_2b_it,explicit_memory,p_8d46509b5e,fact_b477a66807,geography,8100,8167,neither
gemma_2_2b_it,explicit_memory,p_4c55332e6e,fact_c65f47acb4,geography,8100,8163,neither
gemma_2_2b_it,explicit_memory,p_631255f86d,fact_821594db29,geography,second largest,largest,no_context_single_token
gemma_2_2b_it,explicit_memory,p_f9067f37a5,fact_7fd8c7505c,geography,largest,second largest,no_memory_single_token
gemma_2_2b_it,explicit_memory,p_1fe319e822,fact_0a3330ae4f,geography,second largest,third largest,neither
gemma_2_2b_it,explicit_memory,p_2a670be0d8,fact_75e76d281e,geography,second smallest,smallest,no_context_single_token
gemma_2_2b_it,explicit_memory,p_f5cd67fbd1,fact_3002f6dd8f,geography,South America,North America,neither
gemma_2_2b_it,explicit_memory,p_03b5b350c1,fact_fabe8187a5,geography,North America,South America,neither
gemma_2_2b_it,explicit_memory,p_274cfc9ad2,fact_02351e7b87,geography,North America,South America,neither
gemma_2_2b_it,ambiguous_conflict,p_545f5add2f,fact_50f768a4d5,geography,Rio,Brasilia,no_memory_single_token
gemma_2_2b_it,ambiguous_conflict,p_fcd726e948,fact_18aa9e9202,geography,Mumbai,New Delhi,no_memory_single_token
gemma_2_2b_it,ambiguous_conflict,p_9629f71133,fact_ca64e96245,geography,St Petersburg,Moscow,no_context_single_token
gemma_2_2b_it,ambiguous_conflict,p_ffd81b43a2,fact_2874804b8c,geography,Cancun,Mexico City,no_memory_single_token
gemma_2_2b_it,ambiguous_conflict,p_11c6fc1af1,fact_286046a449,geography,Cape Town,Pretoria,no_context_single_token
gemma_2_2b_it,ambiguous_conflict,p_b0c504901f,fact_44005944e3,geography,Cordoba,Buenos Aires,no_memory_single_token
gemma_2_2b_it,ambiguous_conflict,p_9a1a7f09ba,fact_0222835aa1,geography,Medellin,Bogota,no_context_single_token
gemma_2_2b_it,ambiguous_conflict,p_27836917ae,fact_ec31e79d2e,geography,Valparaiso,Santiago,no_context_single_token
gemma_2_2b_it,ambiguous_conflict,p_1932bb842e,fact_650f37efb4,geography,Isfahan,Tehran,no_context_single_token
gemma_2_2b_it,ambiguous_conflict,p_5cd0669495,fact_038c326d27,geography,Basra,Baghdad,no_context_single_token
gemma_2_2b_it,ambiguous_conflict,p_29f17f8a50,fact_875fda5014,geography,Tel Aviv,Jerusalem,no_context_single_token
gemma_2_2b_it,ambiguous_conflict,p_7e99d58857,fact_4eed072e0a,geography,Lviv,Kyiv,no_context_single_token
gemma_2_2b_it,ambiguous_conflict,p_75b00449cc,fact_7c6956c666,geography,Debrecen,Budapest,no_context_single_token
gemma_2_2b_it,ambiguous_conflict,p_14ea8f46b9,fact_7b0d3cbc7d,geography,Penang,Kuala Lumpur,no_memory_single_token
gemma_2_2b_it,ambiguous_conflict,p_4cb8abc48f,fact_d1a7ba5a02,geography,Nairobi,Addis Ababa,no_memory_single_token
gemma_2_2b_it,ambiguous_conflict,p_6c6a905b85,fact_4ac8a5d8a6,geography,Kumasi,Accra,no_context_single_token
gemma_2_2b_it,ambiguous_conflict,p_5b6986ba4d,fact_a08651e3a6,geography,Chittagong,Dhaka,no_context_single_token
gemma_2_2b_it,ambiguous_conflict,p_3a2f27e19a,fact_69259664b6,geography,Colombo,Sri Jayawardenepura Kotte,no_memory_single_token
gemma_2_2b_it,ambiguous_conflict,p_05a50b0c75,fact_0c5ef66604,geography,Los Angeles,Sacramento,no_context_single_token
gemma_2_2b_it,ambiguous_conflict,p_54a4fbda42,fact_12c37a2b97,geography,New York City,Albany,no_context_single_token
gemma_2_2b_it,ambiguous_conflict,p_ef133f8d38,fact_e11e5bad57,geography,Las Vegas,Carson City,neither
gemma_2_2b_it,ambiguous_conflict,p_3b1442a1f3,fact_c4dbfabb88,geography,Minneapolis,Saint Paul,no_memory_single_token
gemma_2_2b_it,ambiguous_conflict,p_349c7b5011,fact_ad986f03e1,geography,New Orleans,Baton Rouge,neither
gemma_2_2b_it,ambiguous_conflict,p_98f6e8c97c,fact_18b6eda606,geography,New Haven,Hartford,no_context_single_token
gemma_2_2b_it,ambiguous_conflict,p_24563a9e08,fact_39cee6bcd6,geography,Provo,Salt Lake City,no_memory_single_token
gemma_2_2b_it,ambiguous_conflict,p_e78015860f,fact_23011915f5,geography,Cedar Rapids,Des Moines,neither
gemma_2_2b_it,ambiguous_conflict,p_377bf23768,fact_57d9029279,geography,Biloxi,Jackson,no_context_single_token
gemma_2_2b_it,ambiguous_conflict,p_8a80bc1ccc,fact_2b97c29591,geography,Nampa,Boise,no_context_single_token
gemma_2_2b_it,ambiguous_conflict,p_1eb8e4c91a,fact_6d1a9d7a60,geography,Burlington,Montpelier,no_memory_single_token
gemma_2_2b_it,ambiguous_conflict,p_fd79ea9be7,fact_9cf484fbad,geography,Sioux Falls,Pierre,no_context_single_token
gemma_2_2b_it,ambiguous_conflict,p_24e69647b3,fact_5593c8294f,geography,euro,ruble,no_memory_single_token
gemma_2_2b_it,ambiguous_conflict,p_d6248834f3,fact_ecd7399509,geography,euro,krona,no_memory_single_token
gemma_2_2b_it,ambiguous_conflict,p_2aa93f8d0b,fact_522a0f0048,geography,dirham,riyal,neither
gemma_2_2b_it,ambiguous_conflict,p_b36a0683d0,fact_24c47ff7c5,geography,riyal,dirham,neither
gemma_2_2b_it,ambiguous_conflict,p_61d54fb702,fact_6a864232a1,chemistry,12,11,neither
gemma_2_2b_it,ambiguous_conflict,p_1631e5c9da,fact_bb0e3ef7c1,chemistry,16,15,neither
gemma_2_2b_it,ambiguous_conflict,p_173fd59cad,fact_2fad0b0703,chemistry,15,16,neither
gemma_2_2b_it,ambiguous_conflict,p_8372db846a,fact_2604b685fa,chemistry,18,17,neither
gemma_2_2b_it,ambiguous_conflict,p_f44f55ded8,fact_d25769596a,chemistry,20,19,neither
gemma_2_2b_it,ambiguous_conflict,p_45f0eb0e7d,fact_da10d5a901,chemistry,19,20,neither
gemma_2_2b_it,ambiguous_conflict,p_cb7f720ce5,fact_b5d325043b,chemistry,27,26,neither
gemma_2_2b_it,ambiguous_conflict,p_4ae337a662,fact_29a641a459,chemistry,30,29,neither
gemma_2_2b_it,ambiguous_conflict,p_4a24ba9b45,fact_9c9a2e4da3,chemistry,29,30,neither
gemma_2_2b_it,ambiguous_conflict,p_739f6f9e95,fact_c43e1459a6,chemistry,48,47,neither
gemma_2_2b_it,ambiguous_conflict,p_fd94fc225e,fact_0b868e4408,chemistry,80,79,neither
gemma_2_2b_it,ambiguous_conflict,p_ad7621f789,fact_cbc55e7f44,chemistry,81,82,neither
gemma_2_2b_it,ambiguous_conflict,p_dcc3230c99,fact_08eccaf034,chemistry,91,92,neither
gemma_2_2b_it,ambiguous_conflict,p_7cf05a54e2,fact_8f6079efd0,chemistry,10,9,no_context_single_token
gemma_2_2b_it,ambiguous_conflict,p_c51e5247ee,fact_a6120a2c95,chemistry,9,10,no_memory_single_token
gemma_2_2b_it,ambiguous_conflict,p_6c5f09d733,fact_091f43d021,chemistry,14,13,neither
gemma_2_2b_it,ambiguous_conflict,p_a987b8d89f,fact_02df6b17bd,chemistry,13,14,neither
gemma_2_2b_it,ambiguous_conflict,p_7120faf308,fact_5c0dc7c4c5,chemistry,17,18,neither
gemma_2_2b_it,ambiguous_conflict,p_0ec4f32cad,fact_c8249fcab8,chemistry,23,22,neither
gemma_2_2b_it,ambiguous_conflict,p_a3e86b0b7c,fact_a4be9609ed,chemistry,25,24,neither
gemma_2_2b_it,ambiguous_conflict,p_3f493be129,fact_7e9552185f,chemistry,24,25,neither
gemma_2_2b_it,ambiguous_conflict,p_6a41700dde,fact_06db44d557,chemistry,28,27,neither
gemma_2_2b_it,ambiguous_conflict,p_01712cd380,fact_7c8ef8f074,chemistry,27,28,neither
gemma_2_2b_it,ambiguous_conflict,p_a01e860893,fact_7989d46bd5,chemistry,36,35,neither
gemma_2_2b_it,ambiguous_conflict,p_c970a1bccf,fact_fef8128d0d,chemistry,90,100,neither
gemma_2_2b_it,ambiguous_conflict,p_6c1171b77f,fact_8a94d9d5cc,chemistry,80,78,neither
gemma_2_2b_it,ambiguous_conflict,p_26d2f4f3ba,fact_95d3459c6f,chemistry,-200,-196,neither
gemma_2_2b_it,ambiguous_conflict,p_3f0ae9aa24,fact_fe677d97b8,chemistry,-180,-183,neither
gemma_2_2b_it,ambiguous_conflict,p_cb1a71c992,fact_8f256de3b3,chemistry,3000,2862,neither
gemma_2_2b_it,ambiguous_conflict,p_14c39134a9,fact_d088f13b9f,chemistry,3000,2856,neither
gemma_2_2b_it,ambiguous_conflict,p_3db5ed57fe,fact_78050045a0,chemistry,2500,2562,neither
gemma_2_2b_it,ambiguous_conflict,p_3872959fb5,fact_b71dc5a415,chemistry,1700,1749,neither
gemma_2_2b_it,ambiguous_conflict,p_15127ed052,fact_f1d21d7d3f,chemistry,2200,2162,neither
gemma_2_2b_it,ambiguous_conflict,p_7b193512ad,fact_f59785647d,chemistry,-250,-253,neither
gemma_2_2b_it,ambiguous_conflict,p_52e1a3d951,fact_e9a1aeb387,chemistry,-270,-269,neither
gemma_2_2b_it,ambiguous_conflict,p_c45d47d435,fact_0de3017cd4,chemistry,100,78,neither
gemma_2_2b_it,ambiguous_conflict,p_16f1cc2058,fact_7c23c9f721,astronomy,80,95,neither
gemma_2_2b_it,ambiguous_conflict,p_553880fc4a,fact_3b24ebd9f0,astronomy,130,146,neither
gemma_2_2b_it,ambiguous_conflict,p_4646f5b509,fact_da8e8fbaf5,astronomy,20,28,neither
gemma_2_2b_it,ambiguous_conflict,p_be7ee60bb1,fact_98766b58a5,astronomy,20,16,neither
gemma_2_2b_it,ambiguous_conflict,p_ff23609d53,fact_4728a74172,astronomy,planet,dwarf planet,no_memory_single_token
gemma_2_2b_it,ambiguous_conflict,p_1698a4fb65,fact_01e7906f85,astronomy,artificial satellite,natural satellite,neither
gemma_2_2b_it,ambiguous_conflict,p_370e09facf,fact_c9a31e611a,biology,flock,gaggle,no_memory_single_token
gemma_2_2b_it,ambiguous_conflict,p_865a2d3a28,fact_2513c2338c,biology,flock,flamboyance,no_memory_single_token
gemma_2_2b_it,ambiguous_conflict,p_2edb1a2ef0,fact_f11a277a8a,biology,8,10,no_memory_single_token
gemma_2_2b_it,ambiguous_conflict,p_dd2059b1a9,fact_de0e9f2f76,biology,10,8,no_context_single_token
gemma_2_2b_it,ambiguous_conflict,p_fb3752cd76,fact_35833bcc4a,biology,8,10,no_memory_single_token
gemma_2_2b_it,ambiguous_conflict,p_5905f629a1,fact_0de2dcf992,biology,reptile,amphibian,no_memory_single_token
gemma_2_2b_it,ambiguous_conflict,p_03702996e3,fact_308c87aed8,biology,amphibian,reptile,no_context_single_token
gemma_2_2b_it,ambiguous_conflict,p_5eeaeb5453,fact_867d11dfe7,biology,reptile,amphibian,no_memory_single_token
gemma_2_2b_it,ambiguous_conflict,p_c7c44727ad,fact_10d2374984,biology,amphibian,reptile,no_context_single_token
gemma_2_2b_it,ambiguous_conflict,p_885b4366db,fact_7edffb20d1,biology,fish,crustacean,no_memory_single_token
gemma_2_2b_it,ambiguous_conflict,p_02ffd177cc,fact_30bdbc5bc3,biology,insect,mollusk,no_memory_single_token
gemma_2_2b_it,ambiguous_conflict,p_f68c271e75,fact_ffdca41653,biology,insect,annelid,no_memory_single_token
gemma_2_2b_it,ambiguous_conflict,p_f82aae4051,fact_69f6727917,biology,100,120,neither
gemma_2_2b_it,ambiguous_conflict,p_3880b07d35,fact_e7e7b24423,biology,300,389,neither
gemma_2_2b_it,ambiguous_conflict,p_d05a8746ea,fact_b2e155ca4c,biology,70,80,neither
gemma_2_2b_it,ambiguous_conflict,p_e283e1b23c,fact_e6d18fe474,biology,70,88,neither
gemma_2_2b_it,ambiguous_conflict,p_0d026af378,fact_6e1b1677c3,biology,60,70,neither
gemma_2_2b_it,ambiguous_conflict,p_58472b0277,fact_50167cdb92,biology,40,56,neither
gemma_2_2b_it,ambiguous_conflict,p_38ae9b9878,fact_dda56837f8,biology,50,40,neither
gemma_2_2b_it,ambiguous_conflict,p_b21b85bbc3,fact_aaf40f91bc,physics,Joule,Newton,no_context_single_token
gemma_2_2b_it,ambiguous_conflict,p_312185b454,fact_a98b348240,physics,Watt,Joule,no_memory_single_token
gemma_2_2b_it,ambiguous_conflict,p_2d96c87cb3,fact_4db8c24955,physics,Joule,Watt,no_context_single_token
gemma_2_2b_it,ambiguous_conflict,p_15146f0d91,fact_0df87ca473,physics,Ohm,Farad,no_memory_single_token
gemma_2_2b_it,ambiguous_conflict,p_d66d71ac3e,fact_33f052cfec,physics,Curie,Becquerel,no_memory_single_token
gemma_2_2b_it,ambiguous_conflict,p_15b8252224,fact_17e6fa8431,physics,Sievert,Gray,no_context_single_token
gemma_2_2b_it,ambiguous_conflict,p_728c94cb09,fact_4c8aeef5e5,physics,Farad,Henry,no_context_single_token
gemma_2_2b_it,ambiguous_conflict,p_60a62b90f2,fact_fc2027e8bc,physics,F=mv,F=ma,neither
gemma_2_2b_it,ambiguous_conflict,p_0113d5ce51,fact_9ee0a1b3e7,physics,300000000,299792458,neither
gemma_2_2b_it,ambiguous_conflict,p_5f38a12f6c,fact_88c63537c8,physics,6.626e-32,6.626e-34,neither
gemma_2_2b_it,ambiguous_conflict,p_f7061f5dac,fact_56787410b6,history,1778,1776,neither
gemma_2_2b_it,ambiguous_conflict,p_9610ba0687,fact_a9f44e0d47,history,1791,1789,neither
gemma_2_2b_it,ambiguous_conflict,p_e59f2be7b5,fact_8001ff34f9,history,1916,1914,neither
gemma_2_2b_it,ambiguous_conflict,p_325f44f3be,fact_ec6140dd2c,history,1919,1918,neither
gemma_2_2b_it,ambiguous_conflict,p_2b4d211120,fact_ac8d5d6d7d,history,1940,1939,neither
gemma_2_2b_it,ambiguous_conflict,p_f9419e018f,fact_4cf2c8f74b,history,1946,1945,neither
gemma_2_2b_it,ambiguous_conflict,p_7360d1348d,fact_88e1aaaf92,history,1970,1969,neither
gemma_2_2b_it,ambiguous_conflict,p_e996d23661,fact_def1984e62,history,1990,1989,neither
gemma_2_2b_it,ambiguous_conflict,p_781785e565,fact_1f0b7c83f2,history,1963,1961,neither
gemma_2_2b_it,ambiguous_conflict,p_dc21acfdaf,fact_79f60faa27,history,1955,1953,neither
gemma_2_2b_it,ambiguous_conflict,p_74d7a17915,fact_9f33a3cda8,history,1907,1905,neither
gemma_2_2b_it,ambiguous_conflict,p_e3d008c2ee,fact_1f407179eb,history,1930,1928,neither
gemma_2_2b_it,ambiguous_conflict,p_e7270dfd04,fact_28bf618b1f,history,1494,1492,neither
gemma_2_2b_it,ambiguous_conflict,p_0882ada14f,fact_3124bfa91d,history,1905,1903,neither
gemma_2_2b_it,ambiguous_conflict,p_754fb8e3af,fact_011b861fb3,history,1959,1957,neither
gemma_2_2b_it,ambiguous_conflict,p_4c270f1c14,fact_52c8794331,history,1866,1865,neither
gemma_2_2b_it,ambiguous_conflict,p_b691eeed6f,fact_cbcb55107d,history,1918,1917,neither
gemma_2_2b_it,ambiguous_conflict,p_baf147ed16,fact_6128e90655,history,1800,1799,neither
gemma_2_2b_it,ambiguous_conflict,p_f156a90187,fact_57918bb58a,history,1816,1815,neither
gemma_2_2b_it,ambiguous_conflict,p_30c38aa6ad,fact_ce46388c3b,history,1217,1215,neither
gemma_2_2b_it,ambiguous_conflict,p_7073760cad,fact_6cf5527831,history,15,16,neither
gemma_2_2b_it,ambiguous_conflict,p_5eaebac15e,fact_a87645d8ed,history,27,26,neither
gemma_2_2b_it,ambiguous_conflict,p_229806bdf4,fact_622779fadf,history,29,28,neither
gemma_2_2b_it,ambiguous_conflict,p_967fb69b5a,fact_b5baf0b628,history,31,32,neither
gemma_2_2b_it,ambiguous_conflict,p_7b48c152bc,fact_da172ece4b,history,34,33,neither
gemma_2_2b_it,ambiguous_conflict,p_9d89288b9c,fact_8c9756b9d0,history,33,34,neither
gemma_2_2b_it,ambiguous_conflict,p_3b134d6bf3,fact_d37b58fff1,history,36,35,neither
gemma_2_2b_it,ambiguous_conflict,p_357be2038a,fact_d6969e8665,history,37,36,neither
gemma_2_2b_it,ambiguous_conflict,p_5a909308d9,fact_ea53141fa4,history,38,37,neither
gemma_2_2b_it,ambiguous_conflict,p_62240519ad,fact_12dd35aa07,history,40,39,neither
gemma_2_2b_it,ambiguous_conflict,p_c7f3e96102,fact_4efd2c037f,history,41,40,neither
gemma_2_2b_it,ambiguous_conflict,p_acfef9c61f,fact_03751c2969,history,43,42,neither
gemma_2_2b_it,ambiguous_conflict,p_bff50d6342,fact_72b75e2f76,history,43,44,neither
gemma_2_2b_it,ambiguous_conflict,p_0dcf07fcda,fact_534496097a,history,Thomas Edison,Alexander Graham Bell,neither
gemma_2_2b_it,ambiguous_conflict,p_84fbb30079,fact_dc5ea8d389,history,Nikola Tesla,Thomas Edison,neither
gemma_2_2b_it,ambiguous_conflict,p_41a844ee75,fact_1c3dc5a167,history,Glenn Curtiss,Wright Brothers,neither
gemma_2_2b_it,ambiguous_conflict,p_fad567baa4,fact_379667963a,history,Nikola Tesla,Guglielmo Marconi,neither
gemma_2_2b_it,ambiguous_conflict,p_11c5420049,fact_7ab7080a6a,history,Vint Cerf,Tim Berners-Lee,neither
gemma_2_2b_it,ambiguous_conflict,p_adb2a70c11,fact_d78217e572,history,William Caxton,Johannes Gutenberg,neither
gemma_2_2b_it,ambiguous_conflict,p_074dfd5b3b,fact_ce6a63688d,history,Hiram Maxim,Alfred Nobel,neither
gemma_2_2b_it,ambiguous_conflict,p_1fbe2f2dd2,fact_e8071c91f8,history,Marie Curie,Wilhelm Roentgen,neither
gemma_2_2b_it,ambiguous_conflict,p_968f1ce20b,fact_774b4dad6b,history,George Stephenson,James Watt,neither
gemma_2_2b_it,ambiguous_conflict,p_da11bd01fa,fact_1acfc107f3,history,Philo Farnsworth,John Logie Baird,neither
gemma_2_2b_it,ambiguous_conflict,p_9490d6b06c,fact_db1a93c105,history,Louis Pasteur,Alexander Fleming,neither
gemma_2_2b_it,ambiguous_conflict,p_d711753c49,fact_c7dc04bd2e,history,John Dalton,Dmitri Mendeleev,neither
gemma_2_2b_it,ambiguous_conflict,p_6f05ba16ed,fact_3196c6c8c8,history,Galileo Galilei,Isaac Newton,neither
gemma_2_2b_it,ambiguous_conflict,p_4e65c92432,fact_432eb59b08,history,Alfred Wallace,Charles Darwin,neither
gemma_2_2b_it,ambiguous_conflict,p_700d89d848,fact_0bec00e1de,literature,Ben Jonson,Shakespeare,no_context_single_token
gemma_2_2b_it,ambiguous_conflict,p_bf276b1d53,fact_7d331f3f7b,literature,Charlotte Bronte,Jane Austen,neither
gemma_2_2b_it,ambiguous_conflict,p_8b99ad5dd5,fact_a961512401,literature,Jane Austen,Charlotte Bronte,neither
gemma_2_2b_it,ambiguous_conflict,p_674f020626,fact_64b601f163,literature,Charlotte Bronte,Emily Bronte,neither
gemma_2_2b_it,ambiguous_conflict,p_34a5f45ef3,fact_6cb35e736c,literature,Nathaniel Hawthorne,Herman Melville,neither
gemma_2_2b_it,ambiguous_conflict,p_668da9952f,fact_b5b9de5ec2,literature,Ernest Hemingway,F Scott Fitzgerald,neither
gemma_2_2b_it,ambiguous_conflict,p_7fe557bfd1,fact_6fc8a6104a,literature,Aldous Huxley,George Orwell,neither
gemma_2_2b_it,ambiguous_conflict,p_a258464ab0,fact_8f5dcf5194,literature,George Orwell,Aldous Huxley,neither
gemma_2_2b_it,ambiguous_conflict,p_bd549a8964,fact_b8fef2c6a4,literature,Aldous Huxley,George Orwell,neither
gemma_2_2b_it,ambiguous_conflict,p_7b5bf25b3f,fact_579c196183,literature,Lope de Vega,Miguel de Cervantes,neither
gemma_2_2b_it,ambiguous_conflict,p_bdb8b4f643,fact_dbbf94376a,literature,Tolstoy,Dostoevsky,no_memory_single_token
gemma_2_2b_it,ambiguous_conflict,p_fb4f9de217,fact_524416f26a,literature,Dostoevsky,Tolstoy,no_context_single_token
gemma_2_2b_it,ambiguous_conflict,p_2bdb9b3046,fact_a321408331,literature,Petrarch,Dante Alighieri,neither
gemma_2_2b_it,ambiguous_conflict,p_9450d2567c,fact_d743e9af44,literature,John Lydgate,Geoffrey Chaucer,neither
gemma_2_2b_it,ambiguous_conflict,p_8f67523910,fact_88e56ada95,literature,John Dryden,John Milton,neither
gemma_2_2b_it,ambiguous_conflict,p_768e3e3318,fact_0af5a11ed5,literature,Christopher Marlowe,Shakespeare,no_context_single_token
gemma_2_2b_it,ambiguous_conflict,p_25678cb11c,fact_86e8d0f6ff,literature,Ben Jonson,Shakespeare,no_context_single_token
gemma_2_2b_it,ambiguous_conflict,p_08c3eec60f,fact_fe6feec206,literature,Christopher Marlowe,Shakespeare,no_context_single_token
gemma_2_2b_it,ambiguous_conflict,p_0d1a8a66b4,fact_38fc4eab32,literature,Francis Bacon,Shakespeare,no_context_single_token
gemma_2_2b_it,ambiguous_conflict,p_b669706bae,fact_c3d173e776,literature,Herman Melville,Nathaniel Hawthorne,neither
gemma_2_2b_it,ambiguous_conflict,p_6cb58dcccd,fact_5d86fdb619,literature,Edgar Allan Poe,Mark Twain,neither
gemma_2_2b_it,ambiguous_conflict,p_c0f63ae4e2,fact_2e584929ec,literature,Mark Twain,Edgar Allan Poe,neither
gemma_2_2b_it,ambiguous_conflict,p_8aa022f7b4,fact_e66f895447,literature,Bram Stoker,Mary Shelley,neither
gemma_2_2b_it,ambiguous_conflict,p_639f74a61b,fact_fafef090c7,literature,Mary Shelley,Bram Stoker,neither
gemma_2_2b_it,ambiguous_conflict,p_7e67a44c8c,fact_75b6ebd34f,literature,George Bernard Shaw,Oscar Wilde,neither
gemma_2_2b_it,ambiguous_conflict,p_ca593d1222,fact_867e3d97a5,literature,Oscar Wilde,George Bernard Shaw,neither
gemma_2_2b_it,ambiguous_conflict,p_7cd55571c3,fact_c5ec3ad503,music,woodwind,string,no_context_single_token
gemma_2_2b_it,ambiguous_conflict,p_e26fac36e4,fact_d808853248,music,woodwind,string,no_context_single_token
gemma_2_2b_it,ambiguous_conflict,p_baec0db104,fact_eb6322c411,music,string,woodwind,no_memory_single_token
gemma_2_2b_it,ambiguous_conflict,p_fc03c1054f,fact_3324e476ca,music,brass,woodwind,no_memory_single_token
gemma_2_2b_it,ambiguous_conflict,p_78fabffd73,fact_a3733e10c2,music,brass,woodwind,no_memory_single_token
gemma_2_2b_it,ambiguous_conflict,p_4ef2d84276,fact_43ff18bde4,music,brass,woodwind,no_memory_single_token
gemma_2_2b_it,ambiguous_conflict,p_0b244c23d5,fact_42a20f452f,music,brass,woodwind,no_memory_single_token
gemma_2_2b_it,ambiguous_conflict,p_9a964f4379,fact_27557e6137,music,woodwind,brass,no_context_single_token
gemma_2_2b_it,ambiguous_conflict,p_79893a5a50,fact_6ecf413253,music,woodwind,brass,no_context_single_token
gemma_2_2b_it,ambiguous_conflict,p_5a399d93ca,fact_17f3853a94,music,woodwind,brass,no_context_single_token
gemma_2_2b_it,ambiguous_conflict,p_360ec6dd79,fact_735c2eed94,music,woodwind,percussion,no_context_single_token
gemma_2_2b_it,ambiguous_conflict,p_c441f9ce0c,fact_50deb00e5f,music,woodwind,string,no_context_single_token
gemma_2_2b_it,ambiguous_conflict,p_2f5f092ba1,fact_0ae22aa1ec,music,woodwind,string,no_context_single_token
gemma_2_2b_it,ambiguous_conflict,p_ef68d67c35,fact_0e9dde73b9,music,woodwind,string,no_context_single_token
gemma_2_2b_it,ambiguous_conflict,p_81e761bce7,fact_c07f6eb419,mathematics,24,25,neither
gemma_2_2b_it,ambiguous_conflict,p_571eb0c651,fact_69de6fd3ae,mathematics,54,56,neither
gemma_2_2b_it,ambiguous_conflict,p_6d5fb23984,fact_5f8e86fabb,mathematics,80,81,neither
gemma_2_2b_it,ambiguous_conflict,p_a9b648251a,fact_cb2d2e91eb,mathematics,145,144,neither
gemma_2_2b_it,ambiguous_conflict,p_9efd11aebe,fact_a197c45de5,mathematics,512,256,neither
gemma_2_2b_it,ambiguous_conflict,p_fbd86bc4d8,fact_ce6f97489b,mathematics,512,1024,neither
gemma_2_2b_it,ambiguous_conflict,p_e7443254d5,fact_8c926fc1bd,mathematics,11,12,neither
gemma_2_2b_it,ambiguous_conflict,p_77c25a730a,fact_4d5af79c4e,mathematics,100,120,neither
gemma_2_2b_it,ambiguous_conflict,p_3fc3bc1cb7,fact_bccde82503,mathematics,20,24,neither
gemma_2_2b_it,ambiguous_conflict,p_11f9d6cb59,fact_87f0b7b0aa,mathematics,3.16,3.14,neither
gemma_2_2b_it,ambiguous_conflict,p_4e9b1febc2,fact_4ee49464f9,mathematics,45,90,neither
gemma_2_2b_it,ambiguous_conflict,p_402bb81007,fact_b6ec3374ba,mathematics,360,180,neither
gemma_2_2b_it,ambiguous_conflict,p_083a709194,fact_1354756506,mathematics,180,360,neither
gemma_2_2b_it,ambiguous_conflict,p_a0cacd5e7d,fact_b830604e86,mathematics,360,180,neither
gemma_2_2b_it,ambiguous_conflict,p_5376c568f3,fact_83e5330282,mathematics,180,360,neither
gemma_2_2b_it,ambiguous_conflict,p_029800e94d,fact_fb36e1341a,biology,48,46,neither
gemma_2_2b_it,ambiguous_conflict,p_17e83f3e49,fact_92cbeb1ccc,biology,76,78,neither
gemma_2_2b_it,ambiguous_conflict,p_735fec302a,fact_e5e0df5e29,biology,36,38,neither
gemma_2_2b_it,ambiguous_conflict,p_50a6a7acbe,fact_ebaae32223,biology,62,64,neither
gemma_2_2b_it,ambiguous_conflict,p_eaa2f73156,fact_7459b6df2f,biology,46,48,neither
gemma_2_2b_it,ambiguous_conflict,p_7a7182692c,fact_abb3fbb79e,biology,10,8,no_context_single_token
gemma_2_2b_it,ambiguous_conflict,p_e046bb4c62,fact_b489166d56,biology,76,78,neither
gemma_2_2b_it,ambiguous_conflict,p_d8bff8c062,fact_de913ff24f,biology,46,48,neither
gemma_2_2b_it,ambiguous_conflict,p_124cd722ec,fact_bd47cf34ba,biology,retinol,ascorbic acid,no_memory_single_token
gemma_2_2b_it,ambiguous_conflict,p_18b3f8b802,fact_c608fad484,biology,ascorbic acid,retinol,no_context_single_token
gemma_2_2b_it,ambiguous_conflict,p_7d5d762b9f,fact_fba410bfb9,biology,calciferol,cholecalciferol,neither
gemma_2_2b_it,ambiguous_conflict,p_9fa4c6dba4,fact_0a64f74c8f,biology,biotin,cobalamin,no_memory_single_token
gemma_2_2b_it,ambiguous_conflict,p_d36571a614,fact_8196f397ca,biology,tocopherol,phylloquinone,neither
gemma_2_2b_it,ambiguous_conflict,p_bd09519560,fact_71d502cd12,biology,phylloquinone,tocopherol,neither
gemma_2_2b_it,ambiguous_conflict,p_056ca26839,fact_80c1f0b60e,biology,riboflavin,thiamine,neither
gemma_2_2b_it,ambiguous_conflict,p_150156a01c,fact_81491497cf,biology,thiamine,riboflavin,neither
gemma_2_2b_it,ambiguous_conflict,p_065c3a4368,fact_b03f402e98,biology,riboflavin,niacin,no_context_single_token
gemma_2_2b_it,ambiguous_conflict,p_483c5bf298,fact_ca95666daf,chemistry,H2SO4,HCl,no_context_single_token
gemma_2_2b_it,ambiguous_conflict,p_def10e7e0e,fact_5a1fe168b0,chemistry,HCl,H2SO4,no_memory_single_token
gemma_2_2b_it,ambiguous_conflict,p_f4ccb071ad,fact_95c0ff4641,chemistry,HCl,HNO3,no_memory_single_token
gemma_2_2b_it,ambiguous_conflict,p_204dc331b6,fact_d088c2a623,chemistry,HNO3,CH3COOH,neither
gemma_2_2b_it,ambiguous_conflict,p_4786fc5223,fact_e7a1d2e24e,chemistry,NaOH,NH3,no_memory_single_token
gemma_2_2b_it,ambiguous_conflict,p_e17d8e02ee,fact_cbc9571a4c,chemistry,HCl,H2CO3,no_memory_single_token
gemma_2_2b_it,ambiguous_conflict,p_46043d3d3a,fact_457b2a7392,sports,Sao Paulo,Rio de Janeiro,neither
gemma_2_2b_it,ambiguous_conflict,p_66f879f620,fact_deefb0c535,sports,Pyeongchang,Beijing,no_context_single_token
gemma_2_2b_it,ambiguous_conflict,p_ac947903cf,fact_bd863ad39d,sports,Sochi,Pyeongchang,no_memory_single_token
gemma_2_2b_it,ambiguous_conflict,p_e9c386799b,fact_7b28167dc6,sports,Argentina,West Germany,no_memory_single_token
gemma_2_2b_it,ambiguous_conflict,p_35358c58e5,fact_fa8aa8c110,sports,West Germany,Argentina,no_context_single_token
gemma_2_2b_it,ambiguous_conflict,p_1cc4bd99f6,fact_6d0e60e066,sports,10,11,neither
gemma_2_2b_it,ambiguous_conflict,p_ac46dfd6ec,fact_408ea5ffb4,sports,10,11,neither
gemma_2_2b_it,ambiguous_conflict,p_2f5c896567,fact_6caf6e61a1,sports,13,15,neither
gemma_2_2b_it,ambiguous_conflict,p_4c67d10646,fact_4ec452c94c,sports,15,13,neither
gemma_2_2b_it,ambiguous_conflict,p_c1efb4af26,fact_1d35b0d1bb,sports,12,11,neither
gemma_2_2b_it,ambiguous_conflict,p_c4fb13bbf5,fact_76fdf8a30d,geography,South America,Africa,no_context_single_token
gemma_2_2b_it,ambiguous_conflict,p_8eebe45646,fact_e74e55eed6,geography,Africa,South America,no_memory_single_token
gemma_2_2b_it,ambiguous_conflict,p_18f979b6a3,fact_2794b29d74,geography,South America,North America,neither
gemma_2_2b_it,ambiguous_conflict,p_7f218036d7,fact_5b5639b023,geography,8800,8849,neither
gemma_2_2b_it,ambiguous_conflict,p_c910518a79,fact_3f98b1dbf9,geography,8500,8611,neither
gemma_2_2b_it,ambiguous_conflict,p_3e3284eb0f,fact_dd0323f495,geography,8500,8586,neither
gemma_2_2b_it,ambiguous_conflict,p_fd12cacdef,fact_7736e511d8,geography,8400,8516,neither
gemma_2_2b_it,ambiguous_conflict,p_a0497206de,fact_82717fd9d3,geography,8400,8485,neither
gemma_2_2b_it,ambiguous_conflict,p_00f69974b1,fact_4986e8c5bb,geography,8100,8188,neither
gemma_2_2b_it,ambiguous_conflict,p_c863173fa5,fact_b477a66807,geography,8100,8167,neither
gemma_2_2b_it,ambiguous_conflict,p_2df8526d9d,fact_c65f47acb4,geography,8100,8163,neither
gemma_2_2b_it,ambiguous_conflict,p_b6a06b8ac3,fact_821594db29,geography,second largest,largest,no_context_single_token
gemma_2_2b_it,ambiguous_conflict,p_c988b9c9e5,fact_7fd8c7505c,geography,largest,second largest,no_memory_single_token
gemma_2_2b_it,ambiguous_conflict,p_07ec22b2bb,fact_0a3330ae4f,geography,second largest,third largest,neither
gemma_2_2b_it,ambiguous_conflict,p_3d4faa090f,fact_75e76d281e,geography,second smallest,smallest,no_context_single_token
gemma_2_2b_it,ambiguous_conflict,p_6cdd63378a,fact_3002f6dd8f,geography,South America,North America,neither
gemma_2_2b_it,ambiguous_conflict,p_525e2d7686,fact_fabe8187a5,geography,North America,South America,neither
gemma_2_2b_it,ambiguous_conflict,p_2204ad7b98,fact_02351e7b87,geography,North America,South America,neither
gemma_2_2b_it,naturalistic_rag,p_faa3aa397c,fact_50f768a4d5,geography,Rio,Brasilia,no_memory_single_token
gemma_2_2b_it,naturalistic_rag,p_42ac55692e,fact_18aa9e9202,geography,Mumbai,New Delhi,no_memory_single_token
gemma_2_2b_it,naturalistic_rag,p_2a7b1cf889,fact_ca64e96245,geography,St Petersburg,Moscow,no_context_single_token
gemma_2_2b_it,naturalistic_rag,p_1c9ed5ffb1,fact_2874804b8c,geography,Cancun,Mexico City,no_memory_single_token
gemma_2_2b_it,naturalistic_rag,p_248e00fbf8,fact_286046a449,geography,Cape Town,Pretoria,no_context_single_token
gemma_2_2b_it,naturalistic_rag,p_ba93e9ebfa,fact_44005944e3,geography,Cordoba,Buenos Aires,no_memory_single_token
gemma_2_2b_it,naturalistic_rag,p_36b2d050be,fact_0222835aa1,geography,Medellin,Bogota,no_context_single_token
gemma_2_2b_it,naturalistic_rag,p_bf7c551d94,fact_ec31e79d2e,geography,Valparaiso,Santiago,no_context_single_token
gemma_2_2b_it,naturalistic_rag,p_7597f72603,fact_650f37efb4,geography,Isfahan,Tehran,no_context_single_token
gemma_2_2b_it,naturalistic_rag,p_62045c8564,fact_038c326d27,geography,Basra,Baghdad,no_context_single_token
gemma_2_2b_it,naturalistic_rag,p_1b96e9719d,fact_875fda5014,geography,Tel Aviv,Jerusalem,no_context_single_token
gemma_2_2b_it,naturalistic_rag,p_ffbe52cc79,fact_4eed072e0a,geography,Lviv,Kyiv,no_context_single_token
gemma_2_2b_it,naturalistic_rag,p_8f534cdb85,fact_7c6956c666,geography,Debrecen,Budapest,no_context_single_token
gemma_2_2b_it,naturalistic_rag,p_7145485f5e,fact_7b0d3cbc7d,geography,Penang,Kuala Lumpur,no_memory_single_token
gemma_2_2b_it,naturalistic_rag,p_e3aae78752,fact_d1a7ba5a02,geography,Nairobi,Addis Ababa,no_memory_single_token
gemma_2_2b_it,naturalistic_rag,p_4bb118d177,fact_4ac8a5d8a6,geography,Kumasi,Accra,no_context_single_token
gemma_2_2b_it,naturalistic_rag,p_595f5889e2,fact_a08651e3a6,geography,Chittagong,Dhaka,no_context_single_token
gemma_2_2b_it,naturalistic_rag,p_a725e3d3fe,fact_69259664b6,geography,Colombo,Sri Jayawardenepura Kotte,no_memory_single_token
gemma_2_2b_it,naturalistic_rag,p_a25a7d96ad,fact_0c5ef66604,geography,Los Angeles,Sacramento,no_context_single_token
gemma_2_2b_it,naturalistic_rag,p_5c6672af80,fact_12c37a2b97,geography,New York City,Albany,no_context_single_token
gemma_2_2b_it,naturalistic_rag,p_b851ab1fbd,fact_e11e5bad57,geography,Las Vegas,Carson City,neither
gemma_2_2b_it,naturalistic_rag,p_2a02f53645,fact_c4dbfabb88,geography,Minneapolis,Saint Paul,no_memory_single_token
gemma_2_2b_it,naturalistic_rag,p_163785664b,fact_ad986f03e1,geography,New Orleans,Baton Rouge,neither
gemma_2_2b_it,naturalistic_rag,p_2149202b3d,fact_18b6eda606,geography,New Haven,Hartford,no_context_single_token
gemma_2_2b_it,naturalistic_rag,p_e9841ee9aa,fact_39cee6bcd6,geography,Provo,Salt Lake City,no_memory_single_token
gemma_2_2b_it,naturalistic_rag,p_257adbf4f6,fact_23011915f5,geography,Cedar Rapids,Des Moines,neither
gemma_2_2b_it,naturalistic_rag,p_6e2b1550a2,fact_57d9029279,geography,Biloxi,Jackson,no_context_single_token
gemma_2_2b_it,naturalistic_rag,p_c291788505,fact_2b97c29591,geography,Nampa,Boise,no_context_single_token
gemma_2_2b_it,naturalistic_rag,p_62925bb558,fact_6d1a9d7a60,geography,Burlington,Montpelier,no_memory_single_token
gemma_2_2b_it,naturalistic_rag,p_3a54bf4836,fact_9cf484fbad,geography,Sioux Falls,Pierre,no_context_single_token
gemma_2_2b_it,naturalistic_rag,p_432c691b47,fact_5593c8294f,geography,euro,ruble,no_memory_single_token
gemma_2_2b_it,naturalistic_rag,p_6474bf9fd9,fact_ecd7399509,geography,euro,krona,no_memory_single_token
gemma_2_2b_it,naturalistic_rag,p_56a7c44a99,fact_522a0f0048,geography,dirham,riyal,neither
gemma_2_2b_it,naturalistic_rag,p_a5319a4a10,fact_24c47ff7c5,geography,riyal,dirham,neither
gemma_2_2b_it,naturalistic_rag,p_0eddf322ac,fact_6a864232a1,chemistry,12,11,neither
gemma_2_2b_it,naturalistic_rag,p_2d0dda5a43,fact_bb0e3ef7c1,chemistry,16,15,neither
gemma_2_2b_it,naturalistic_rag,p_074f42fe45,fact_2fad0b0703,chemistry,15,16,neither
gemma_2_2b_it,naturalistic_rag,p_abe51c00e5,fact_2604b685fa,chemistry,18,17,neither
gemma_2_2b_it,naturalistic_rag,p_a86c78562b,fact_d25769596a,chemistry,20,19,neither
gemma_2_2b_it,naturalistic_rag,p_7a1d3acade,fact_da10d5a901,chemistry,19,20,neither
gemma_2_2b_it,naturalistic_rag,p_7bb3f0c4d4,fact_b5d325043b,chemistry,27,26,neither
gemma_2_2b_it,naturalistic_rag,p_44a2f97389,fact_29a641a459,chemistry,30,29,neither
gemma_2_2b_it,naturalistic_rag,p_1463ca09fb,fact_9c9a2e4da3,chemistry,29,30,neither
gemma_2_2b_it,naturalistic_rag,p_acbcf8ce11,fact_c43e1459a6,chemistry,48,47,neither
gemma_2_2b_it,naturalistic_rag,p_f43ee7ecae,fact_0b868e4408,chemistry,80,79,neither
gemma_2_2b_it,naturalistic_rag,p_94fba68798,fact_cbc55e7f44,chemistry,81,82,neither
gemma_2_2b_it,naturalistic_rag,p_4e15e8347f,fact_08eccaf034,chemistry,91,92,neither
gemma_2_2b_it,naturalistic_rag,p_d2152dcc37,fact_8f6079efd0,chemistry,10,9,no_context_single_token
gemma_2_2b_it,naturalistic_rag,p_dcb3bc9751,fact_a6120a2c95,chemistry,9,10,no_memory_single_token
gemma_2_2b_it,naturalistic_rag,p_d219549426,fact_091f43d021,chemistry,14,13,neither
gemma_2_2b_it,naturalistic_rag,p_19c2203b62,fact_02df6b17bd,chemistry,13,14,neither
gemma_2_2b_it,naturalistic_rag,p_db53227992,fact_5c0dc7c4c5,chemistry,17,18,neither
gemma_2_2b_it,naturalistic_rag,p_3941b706dc,fact_c8249fcab8,chemistry,23,22,neither
gemma_2_2b_it,naturalistic_rag,p_02ca40af1f,fact_a4be9609ed,chemistry,25,24,neither
gemma_2_2b_it,naturalistic_rag,p_1629aca627,fact_7e9552185f,chemistry,24,25,neither
gemma_2_2b_it,naturalistic_rag,p_d5c79ca35b,fact_06db44d557,chemistry,28,27,neither
gemma_2_2b_it,naturalistic_rag,p_ac54424fef,fact_7c8ef8f074,chemistry,27,28,neither
gemma_2_2b_it,naturalistic_rag,p_052753abaf,fact_7989d46bd5,chemistry,36,35,neither
gemma_2_2b_it,naturalistic_rag,p_c2cfc406ab,fact_fef8128d0d,chemistry,90,100,neither
gemma_2_2b_it,naturalistic_rag,p_7f2e1b588a,fact_8a94d9d5cc,chemistry,80,78,neither
gemma_2_2b_it,naturalistic_rag,p_b1e718a197,fact_95d3459c6f,chemistry,-200,-196,neither
gemma_2_2b_it,naturalistic_rag,p_59e0b70599,fact_fe677d97b8,chemistry,-180,-183,neither
gemma_2_2b_it,naturalistic_rag,p_b555f78588,fact_8f256de3b3,chemistry,3000,2862,neither
gemma_2_2b_it,naturalistic_rag,p_06d78c6068,fact_d088f13b9f,chemistry,3000,2856,neither
gemma_2_2b_it,naturalistic_rag,p_08d707f9e4,fact_78050045a0,chemistry,2500,2562,neither
gemma_2_2b_it,naturalistic_rag,p_11e57c5b9b,fact_b71dc5a415,chemistry,1700,1749,neither
gemma_2_2b_it,naturalistic_rag,p_c1dc612282,fact_f1d21d7d3f,chemistry,2200,2162,neither
gemma_2_2b_it,naturalistic_rag,p_3c7ae4f349,fact_f59785647d,chemistry,-250,-253,neither
gemma_2_2b_it,naturalistic_rag,p_31835a33f6,fact_e9a1aeb387,chemistry,-270,-269,neither
gemma_2_2b_it,naturalistic_rag,p_8aea32d1ad,fact_0de3017cd4,chemistry,100,78,neither
gemma_2_2b_it,naturalistic_rag,p_7369726eaa,fact_7c23c9f721,astronomy,80,95,neither
gemma_2_2b_it,naturalistic_rag,p_1766d17cae,fact_3b24ebd9f0,astronomy,130,146,neither
gemma_2_2b_it,naturalistic_rag,p_80e0deccab,fact_da8e8fbaf5,astronomy,20,28,neither
gemma_2_2b_it,naturalistic_rag,p_335af9b1b1,fact_98766b58a5,astronomy,20,16,neither
gemma_2_2b_it,naturalistic_rag,p_effe592556,fact_4728a74172,astronomy,planet,dwarf planet,no_memory_single_token
gemma_2_2b_it,naturalistic_rag,p_7beae3c832,fact_01e7906f85,astronomy,artificial satellite,natural satellite,neither
gemma_2_2b_it,naturalistic_rag,p_4861725d31,fact_c9a31e611a,biology,flock,gaggle,no_memory_single_token
gemma_2_2b_it,naturalistic_rag,p_f6cded5b3c,fact_2513c2338c,biology,flock,flamboyance,no_memory_single_token
gemma_2_2b_it,naturalistic_rag,p_892de3d966,fact_f11a277a8a,biology,8,10,no_memory_single_token
gemma_2_2b_it,naturalistic_rag,p_3b059771cb,fact_de0e9f2f76,biology,10,8,no_context_single_token
gemma_2_2b_it,naturalistic_rag,p_1a5d361ab3,fact_35833bcc4a,biology,8,10,no_memory_single_token
gemma_2_2b_it,naturalistic_rag,p_6243216652,fact_0de2dcf992,biology,reptile,amphibian,no_memory_single_token
gemma_2_2b_it,naturalistic_rag,p_e4862dd338,fact_308c87aed8,biology,amphibian,reptile,no_context_single_token
gemma_2_2b_it,naturalistic_rag,p_555e90dcd2,fact_867d11dfe7,biology,reptile,amphibian,no_memory_single_token
gemma_2_2b_it,naturalistic_rag,p_632ec7931b,fact_10d2374984,biology,amphibian,reptile,no_context_single_token
gemma_2_2b_it,naturalistic_rag,p_a21bd1cbdd,fact_7edffb20d1,biology,fish,crustacean,no_memory_single_token
gemma_2_2b_it,naturalistic_rag,p_1cb693e090,fact_30bdbc5bc3,biology,insect,mollusk,no_memory_single_token
gemma_2_2b_it,naturalistic_rag,p_d6d9a81415,fact_ffdca41653,biology,insect,annelid,no_memory_single_token
gemma_2_2b_it,naturalistic_rag,p_41cfb01408,fact_69f6727917,biology,100,120,neither
gemma_2_2b_it,naturalistic_rag,p_ffbd8b6cc4,fact_e7e7b24423,biology,300,389,neither
gemma_2_2b_it,naturalistic_rag,p_20a0184097,fact_b2e155ca4c,biology,70,80,neither
gemma_2_2b_it,naturalistic_rag,p_f5db0582f1,fact_e6d18fe474,biology,70,88,neither
gemma_2_2b_it,naturalistic_rag,p_9caaabe61a,fact_6e1b1677c3,biology,60,70,neither
gemma_2_2b_it,naturalistic_rag,p_e095f87b06,fact_50167cdb92,biology,40,56,neither
gemma_2_2b_it,naturalistic_rag,p_73ddc385e9,fact_dda56837f8,biology,50,40,neither
gemma_2_2b_it,naturalistic_rag,p_1ead1f881e,fact_aaf40f91bc,physics,Joule,Newton,no_context_single_token
gemma_2_2b_it,naturalistic_rag,p_7563da76b1,fact_a98b348240,physics,Watt,Joule,no_memory_single_token
gemma_2_2b_it,naturalistic_rag,p_afe1e45b5b,fact_4db8c24955,physics,Joule,Watt,no_context_single_token
gemma_2_2b_it,naturalistic_rag,p_bf76f6c8c2,fact_0df87ca473,physics,Ohm,Farad,no_memory_single_token
gemma_2_2b_it,naturalistic_rag,p_db797f9a74,fact_33f052cfec,physics,Curie,Becquerel,no_memory_single_token
gemma_2_2b_it,naturalistic_rag,p_905ea420ae,fact_17e6fa8431,physics,Sievert,Gray,no_context_single_token
gemma_2_2b_it,naturalistic_rag,p_1ba1a5e5fa,fact_4c8aeef5e5,physics,Farad,Henry,no_context_single_token
gemma_2_2b_it,naturalistic_rag,p_011f33d043,fact_fc2027e8bc,physics,F=mv,F=ma,neither
gemma_2_2b_it,naturalistic_rag,p_882bc0bca9,fact_9ee0a1b3e7,physics,300000000,299792458,neither
gemma_2_2b_it,naturalistic_rag,p_70063a565b,fact_88c63537c8,physics,6.626e-32,6.626e-34,neither
gemma_2_2b_it,naturalistic_rag,p_4a385f0bbf,fact_56787410b6,history,1778,1776,neither
gemma_2_2b_it,naturalistic_rag,p_8bea9619da,fact_a9f44e0d47,history,1791,1789,neither
gemma_2_2b_it,naturalistic_rag,p_35fffa1877,fact_8001ff34f9,history,1916,1914,neither
gemma_2_2b_it,naturalistic_rag,p_c1e950a31d,fact_ec6140dd2c,history,1919,1918,neither
gemma_2_2b_it,naturalistic_rag,p_83511d0a31,fact_ac8d5d6d7d,history,1940,1939,neither
gemma_2_2b_it,naturalistic_rag,p_1498ed9021,fact_4cf2c8f74b,history,1946,1945,neither
gemma_2_2b_it,naturalistic_rag,p_623ac7a4bd,fact_88e1aaaf92,history,1970,1969,neither
gemma_2_2b_it,naturalistic_rag,p_0c066f9429,fact_def1984e62,history,1990,1989,neither
gemma_2_2b_it,naturalistic_rag,p_00bd9409cc,fact_1f0b7c83f2,history,1963,1961,neither
gemma_2_2b_it,naturalistic_rag,p_e8da91670b,fact_79f60faa27,history,1955,1953,neither
gemma_2_2b_it,naturalistic_rag,p_716dcbbf18,fact_9f33a3cda8,history,1907,1905,neither
gemma_2_2b_it,naturalistic_rag,p_93ed9c7fe1,fact_1f407179eb,history,1930,1928,neither
gemma_2_2b_it,naturalistic_rag,p_14e8a47dc8,fact_28bf618b1f,history,1494,1492,neither
gemma_2_2b_it,naturalistic_rag,p_7c4c2cece0,fact_3124bfa91d,history,1905,1903,neither
gemma_2_2b_it,naturalistic_rag,p_9412b00012,fact_011b861fb3,history,1959,1957,neither
gemma_2_2b_it,naturalistic_rag,p_0f2ba5e75d,fact_52c8794331,history,1866,1865,neither
gemma_2_2b_it,naturalistic_rag,p_4802e0371f,fact_cbcb55107d,history,1918,1917,neither
gemma_2_2b_it,naturalistic_rag,p_cf9ade6f1e,fact_6128e90655,history,1800,1799,neither
gemma_2_2b_it,naturalistic_rag,p_fcffc2bc53,fact_57918bb58a,history,1816,1815,neither
gemma_2_2b_it,naturalistic_rag,p_e5d06c3d5a,fact_ce46388c3b,history,1217,1215,neither
gemma_2_2b_it,naturalistic_rag,p_72889a654f,fact_6cf5527831,history,15,16,neither
gemma_2_2b_it,naturalistic_rag,p_3676c9383e,fact_a87645d8ed,history,27,26,neither
gemma_2_2b_it,naturalistic_rag,p_8a851024c5,fact_622779fadf,history,29,28,neither
gemma_2_2b_it,naturalistic_rag,p_7cf9eed9cc,fact_b5baf0b628,history,31,32,neither
gemma_2_2b_it,naturalistic_rag,p_95e9f8e370,fact_da172ece4b,history,34,33,neither
gemma_2_2b_it,naturalistic_rag,p_3cba3f3d22,fact_8c9756b9d0,history,33,34,neither
gemma_2_2b_it,naturalistic_rag,p_168287a5c5,fact_d37b58fff1,history,36,35,neither
gemma_2_2b_it,naturalistic_rag,p_ea88e06513,fact_d6969e8665,history,37,36,neither
gemma_2_2b_it,naturalistic_rag,p_eacec2552b,fact_ea53141fa4,history,38,37,neither
gemma_2_2b_it,naturalistic_rag,p_3bcd8cffe8,fact_12dd35aa07,history,40,39,neither
gemma_2_2b_it,naturalistic_rag,p_46a8b0e85e,fact_4efd2c037f,history,41,40,neither
gemma_2_2b_it,naturalistic_rag,p_3e94abdb24,fact_03751c2969,history,43,42,neither
gemma_2_2b_it,naturalistic_rag,p_4d00c60566,fact_72b75e2f76,history,43,44,neither
gemma_2_2b_it,naturalistic_rag,p_5a68ee130d,fact_534496097a,history,Thomas Edison,Alexander Graham Bell,neither
gemma_2_2b_it,naturalistic_rag,p_d9e76b9992,fact_dc5ea8d389,history,Nikola Tesla,Thomas Edison,neither
gemma_2_2b_it,naturalistic_rag,p_8d8d5fc9d0,fact_1c3dc5a167,history,Glenn Curtiss,Wright Brothers,neither
gemma_2_2b_it,naturalistic_rag,p_dad2a8be75,fact_379667963a,history,Nikola Tesla,Guglielmo Marconi,neither
gemma_2_2b_it,naturalistic_rag,p_abab7ee72f,fact_7ab7080a6a,history,Vint Cerf,Tim Berners-Lee,neither
gemma_2_2b_it,naturalistic_rag,p_8c2505b126,fact_d78217e572,history,William Caxton,Johannes Gutenberg,neither
gemma_2_2b_it,naturalistic_rag,p_1b3ac7d078,fact_ce6a63688d,history,Hiram Maxim,Alfred Nobel,neither
gemma_2_2b_it,naturalistic_rag,p_a8ecfdab84,fact_e8071c91f8,history,Marie Curie,Wilhelm Roentgen,neither
gemma_2_2b_it,naturalistic_rag,p_979d4e82d4,fact_774b4dad6b,history,George Stephenson,James Watt,neither
gemma_2_2b_it,naturalistic_rag,p_51fc2a3654,fact_1acfc107f3,history,Philo Farnsworth,John Logie Baird,neither
gemma_2_2b_it,naturalistic_rag,p_7d4d5d84c9,fact_db1a93c105,history,Louis Pasteur,Alexander Fleming,neither
gemma_2_2b_it,naturalistic_rag,p_1e524a580b,fact_c7dc04bd2e,history,John Dalton,Dmitri Mendeleev,neither
gemma_2_2b_it,naturalistic_rag,p_ba974ea5ad,fact_3196c6c8c8,history,Galileo Galilei,Isaac Newton,neither
gemma_2_2b_it,naturalistic_rag,p_ccc0634bb8,fact_432eb59b08,history,Alfred Wallace,Charles Darwin,neither
gemma_2_2b_it,naturalistic_rag,p_59dbd3f841,fact_0bec00e1de,literature,Ben Jonson,Shakespeare,no_context_single_token
gemma_2_2b_it,naturalistic_rag,p_08165eea78,fact_7d331f3f7b,literature,Charlotte Bronte,Jane Austen,neither
gemma_2_2b_it,naturalistic_rag,p_c6e6c1c149,fact_a961512401,literature,Jane Austen,Charlotte Bronte,neither
gemma_2_2b_it,naturalistic_rag,p_ca2e56f534,fact_64b601f163,literature,Charlotte Bronte,Emily Bronte,neither
gemma_2_2b_it,naturalistic_rag,p_8f7d6a92d2,fact_6cb35e736c,literature,Nathaniel Hawthorne,Herman Melville,neither
gemma_2_2b_it,naturalistic_rag,p_1c5e6204d7,fact_b5b9de5ec2,literature,Ernest Hemingway,F Scott Fitzgerald,neither
gemma_2_2b_it,naturalistic_rag,p_6a0a8da93e,fact_6fc8a6104a,literature,Aldous Huxley,George Orwell,neither
gemma_2_2b_it,naturalistic_rag,p_544a8420ee,fact_8f5dcf5194,literature,George Orwell,Aldous Huxley,neither
gemma_2_2b_it,naturalistic_rag,p_b41145f2a6,fact_b8fef2c6a4,literature,Aldous Huxley,George Orwell,neither
gemma_2_2b_it,naturalistic_rag,p_fc11919e7d,fact_579c196183,literature,Lope de Vega,Miguel de Cervantes,neither
gemma_2_2b_it,naturalistic_rag,p_efbb386bd8,fact_dbbf94376a,literature,Tolstoy,Dostoevsky,no_memory_single_token
gemma_2_2b_it,naturalistic_rag,p_aded11892c,fact_524416f26a,literature,Dostoevsky,Tolstoy,no_context_single_token
gemma_2_2b_it,naturalistic_rag,p_5b84562a5f,fact_a321408331,literature,Petrarch,Dante Alighieri,neither
gemma_2_2b_it,naturalistic_rag,p_bea57cd269,fact_d743e9af44,literature,John Lydgate,Geoffrey Chaucer,neither
gemma_2_2b_it,naturalistic_rag,p_30b3d0a491,fact_88e56ada95,literature,John Dryden,John Milton,neither
gemma_2_2b_it,naturalistic_rag,p_36c7bc5490,fact_0af5a11ed5,literature,Christopher Marlowe,Shakespeare,no_context_single_token
gemma_2_2b_it,naturalistic_rag,p_da38fc7427,fact_86e8d0f6ff,literature,Ben Jonson,Shakespeare,no_context_single_token
gemma_2_2b_it,naturalistic_rag,p_b04460fcff,fact_fe6feec206,literature,Christopher Marlowe,Shakespeare,no_context_single_token
gemma_2_2b_it,naturalistic_rag,p_90086a5e5e,fact_38fc4eab32,literature,Francis Bacon,Shakespeare,no_context_single_token
gemma_2_2b_it,naturalistic_rag,p_5762c8a13f,fact_c3d173e776,literature,Herman Melville,Nathaniel Hawthorne,neither
gemma_2_2b_it,naturalistic_rag,p_851a00fdc1,fact_5d86fdb619,literature,Edgar Allan Poe,Mark Twain,neither
gemma_2_2b_it,naturalistic_rag,p_bcf1ffa08f,fact_2e584929ec,literature,Mark Twain,Edgar Allan Poe,neither
gemma_2_2b_it,naturalistic_rag,p_da9e2c6573,fact_e66f895447,literature,Bram Stoker,Mary Shelley,neither
gemma_2_2b_it,naturalistic_rag,p_3d0f158ae6,fact_fafef090c7,literature,Mary Shelley,Bram Stoker,neither
gemma_2_2b_it,naturalistic_rag,p_efaf7b08dd,fact_75b6ebd34f,literature,George Bernard Shaw,Oscar Wilde,neither
gemma_2_2b_it,naturalistic_rag,p_46aba8afe2,fact_867e3d97a5,literature,Oscar Wilde,George Bernard Shaw,neither
gemma_2_2b_it,naturalistic_rag,p_f0f4415b04,fact_c5ec3ad503,music,woodwind,string,no_context_single_token
gemma_2_2b_it,naturalistic_rag,p_0edc788158,fact_d808853248,music,woodwind,string,no_context_single_token
gemma_2_2b_it,naturalistic_rag,p_1b83a492fd,fact_eb6322c411,music,string,woodwind,no_memory_single_token
gemma_2_2b_it,naturalistic_rag,p_a44ea0bc16,fact_3324e476ca,music,brass,woodwind,no_memory_single_token
gemma_2_2b_it,naturalistic_rag,p_1de80d6a59,fact_a3733e10c2,music,brass,woodwind,no_memory_single_token
gemma_2_2b_it,naturalistic_rag,p_659df82dfd,fact_43ff18bde4,music,brass,woodwind,no_memory_single_token
gemma_2_2b_it,naturalistic_rag,p_6b83d5aba9,fact_42a20f452f,music,brass,woodwind,no_memory_single_token
gemma_2_2b_it,naturalistic_rag,p_db69791f16,fact_27557e6137,music,woodwind,brass,no_context_single_token
gemma_2_2b_it,naturalistic_rag,p_0f7431f1d6,fact_6ecf413253,music,woodwind,brass,no_context_single_token
gemma_2_2b_it,naturalistic_rag,p_4a30df28b5,fact_17f3853a94,music,woodwind,brass,no_context_single_token
gemma_2_2b_it,naturalistic_rag,p_0b8328224f,fact_735c2eed94,music,woodwind,percussion,no_context_single_token
gemma_2_2b_it,naturalistic_rag,p_b98fb89fa7,fact_50deb00e5f,music,woodwind,string,no_context_single_token
gemma_2_2b_it,naturalistic_rag,p_0445c36f9a,fact_0ae22aa1ec,music,woodwind,string,no_context_single_token
gemma_2_2b_it,naturalistic_rag,p_7ba9b841cc,fact_0e9dde73b9,music,woodwind,string,no_context_single_token
gemma_2_2b_it,naturalistic_rag,p_3cdae6a3c9,fact_c07f6eb419,mathematics,24,25,neither
gemma_2_2b_it,naturalistic_rag,p_64dfaf96fa,fact_69de6fd3ae,mathematics,54,56,neither
gemma_2_2b_it,naturalistic_rag,p_79d2497b3b,fact_5f8e86fabb,mathematics,80,81,neither
gemma_2_2b_it,naturalistic_rag,p_01b0ef2ab6,fact_cb2d2e91eb,mathematics,145,144,neither
gemma_2_2b_it,naturalistic_rag,p_1f8a491705,fact_a197c45de5,mathematics,512,256,neither
gemma_2_2b_it,naturalistic_rag,p_f0c624eab9,fact_ce6f97489b,mathematics,512,1024,neither
gemma_2_2b_it,naturalistic_rag,p_d79445020b,fact_8c926fc1bd,mathematics,11,12,neither
gemma_2_2b_it,naturalistic_rag,p_8fb8993e1e,fact_4d5af79c4e,mathematics,100,120,neither
gemma_2_2b_it,naturalistic_rag,p_dac25e8b3d,fact_bccde82503,mathematics,20,24,neither
gemma_2_2b_it,naturalistic_rag,p_a3c934d1f6,fact_87f0b7b0aa,mathematics,3.16,3.14,neither
gemma_2_2b_it,naturalistic_rag,p_d502b6ed1a,fact_4ee49464f9,mathematics,45,90,neither
gemma_2_2b_it,naturalistic_rag,p_5ebd4a6fde,fact_b6ec3374ba,mathematics,360,180,neither
gemma_2_2b_it,naturalistic_rag,p_e60e95befe,fact_1354756506,mathematics,180,360,neither
gemma_2_2b_it,naturalistic_rag,p_ec782ccd13,fact_b830604e86,mathematics,360,180,neither
gemma_2_2b_it,naturalistic_rag,p_2353cbc4ef,fact_83e5330282,mathematics,180,360,neither
gemma_2_2b_it,naturalistic_rag,p_cde26e7500,fact_fb36e1341a,biology,48,46,neither
gemma_2_2b_it,naturalistic_rag,p_fa9cb35f78,fact_92cbeb1ccc,biology,76,78,neither
gemma_2_2b_it,naturalistic_rag,p_49bd55b20e,fact_e5e0df5e29,biology,36,38,neither
gemma_2_2b_it,naturalistic_rag,p_3e4d0b9da6,fact_ebaae32223,biology,62,64,neither
gemma_2_2b_it,naturalistic_rag,p_53f5109eaf,fact_7459b6df2f,biology,46,48,neither
gemma_2_2b_it,naturalistic_rag,p_629ca9d40b,fact_abb3fbb79e,biology,10,8,no_context_single_token
gemma_2_2b_it,naturalistic_rag,p_eb4ff1d1b7,fact_b489166d56,biology,76,78,neither
gemma_2_2b_it,naturalistic_rag,p_f7a733d058,fact_de913ff24f,biology,46,48,neither
gemma_2_2b_it,naturalistic_rag,p_a578c30314,fact_bd47cf34ba,biology,retinol,ascorbic acid,no_memory_single_token
gemma_2_2b_it,naturalistic_rag,p_22e95c9ef4,fact_c608fad484,biology,ascorbic acid,retinol,no_context_single_token
gemma_2_2b_it,naturalistic_rag,p_25519505ca,fact_fba410bfb9,biology,calciferol,cholecalciferol,neither
gemma_2_2b_it,naturalistic_rag,p_070b6c9b3c,fact_0a64f74c8f,biology,biotin,cobalamin,no_memory_single_token
gemma_2_2b_it,naturalistic_rag,p_6fce1cb683,fact_8196f397ca,biology,tocopherol,phylloquinone,neither
gemma_2_2b_it,naturalistic_rag,p_009cb3c04a,fact_71d502cd12,biology,phylloquinone,tocopherol,neither
gemma_2_2b_it,naturalistic_rag,p_da6a278f5e,fact_80c1f0b60e,biology,riboflavin,thiamine,neither
gemma_2_2b_it,naturalistic_rag,p_1d18416b4b,fact_81491497cf,biology,thiamine,riboflavin,neither
gemma_2_2b_it,naturalistic_rag,p_1f9e79dcf7,fact_b03f402e98,biology,riboflavin,niacin,no_context_single_token
gemma_2_2b_it,naturalistic_rag,p_ce1b965682,fact_ca95666daf,chemistry,H2SO4,HCl,no_context_single_token
gemma_2_2b_it,naturalistic_rag,p_ba79879520,fact_5a1fe168b0,chemistry,HCl,H2SO4,no_memory_single_token
gemma_2_2b_it,naturalistic_rag,p_5851173497,fact_95c0ff4641,chemistry,HCl,HNO3,no_memory_single_token
gemma_2_2b_it,naturalistic_rag,p_81bfc4d30a,fact_d088c2a623,chemistry,HNO3,CH3COOH,neither
gemma_2_2b_it,naturalistic_rag,p_85c6340245,fact_e7a1d2e24e,chemistry,NaOH,NH3,no_memory_single_token
gemma_2_2b_it,naturalistic_rag,p_aa5ec5a3bf,fact_cbc9571a4c,chemistry,HCl,H2CO3,no_memory_single_token
gemma_2_2b_it,naturalistic_rag,p_365c24a18e,fact_457b2a7392,sports,Sao Paulo,Rio de Janeiro,neither
gemma_2_2b_it,naturalistic_rag,p_c866f00e02,fact_deefb0c535,sports,Pyeongchang,Beijing,no_context_single_token
gemma_2_2b_it,naturalistic_rag,p_7e358b8572,fact_bd863ad39d,sports,Sochi,Pyeongchang,no_memory_single_token
gemma_2_2b_it,naturalistic_rag,p_3705464ebd,fact_7b28167dc6,sports,Argentina,West Germany,no_memory_single_token
gemma_2_2b_it,naturalistic_rag,p_be2f300a34,fact_fa8aa8c110,sports,West Germany,Argentina,no_context_single_token
gemma_2_2b_it,naturalistic_rag,p_73e4c0c45a,fact_6d0e60e066,sports,10,11,neither
gemma_2_2b_it,naturalistic_rag,p_3e80934716,fact_408ea5ffb4,sports,10,11,neither
gemma_2_2b_it,naturalistic_rag,p_41d6a24229,fact_6caf6e61a1,sports,13,15,neither
gemma_2_2b_it,naturalistic_rag,p_d30a496ec9,fact_4ec452c94c,sports,15,13,neither
gemma_2_2b_it,naturalistic_rag,p_5f55bea593,fact_1d35b0d1bb,sports,12,11,neither
gemma_2_2b_it,naturalistic_rag,p_6635a3d0b1,fact_76fdf8a30d,geography,South America,Africa,no_context_single_token
gemma_2_2b_it,naturalistic_rag,p_c22993f7f5,fact_e74e55eed6,geography,Africa,South America,no_memory_single_token
gemma_2_2b_it,naturalistic_rag,p_4a8dc2c499,fact_2794b29d74,geography,South America,North America,neither
gemma_2_2b_it,naturalistic_rag,p_9aef2f4f91,fact_5b5639b023,geography,8800,8849,neither
gemma_2_2b_it,naturalistic_rag,p_ca7d78b144,fact_3f98b1dbf9,geography,8500,8611,neither
gemma_2_2b_it,naturalistic_rag,p_1e11755425,fact_dd0323f495,geography,8500,8586,neither
gemma_2_2b_it,naturalistic_rag,p_6e2c64ba2c,fact_7736e511d8,geography,8400,8516,neither
gemma_2_2b_it,naturalistic_rag,p_abe47dace8,fact_82717fd9d3,geography,8400,8485,neither
gemma_2_2b_it,naturalistic_rag,p_33a13e9e24,fact_4986e8c5bb,geography,8100,8188,neither
gemma_2_2b_it,naturalistic_rag,p_a749892b86,fact_b477a66807,geography,8100,8167,neither
gemma_2_2b_it,naturalistic_rag,p_63d029aa58,fact_c65f47acb4,geography,8100,8163,neither
gemma_2_2b_it,naturalistic_rag,p_14a003b466,fact_821594db29,geography,second largest,largest,no_context_single_token
gemma_2_2b_it,naturalistic_rag,p_33bc5960ad,fact_7fd8c7505c,geography,largest,second largest,no_memory_single_token
gemma_2_2b_it,naturalistic_rag,p_cb8e2efdaf,fact_0a3330ae4f,geography,second largest,third largest,neither
gemma_2_2b_it,naturalistic_rag,p_82b888f2ac,fact_75e76d281e,geography,second smallest,smallest,no_context_single_token
gemma_2_2b_it,naturalistic_rag,p_2c80eef8d1,fact_3002f6dd8f,geography,South America,North America,neither
gemma_2_2b_it,naturalistic_rag,p_d4ef6b089a,fact_fabe8187a5,geography,North America,South America,neither
gemma_2_2b_it,naturalistic_rag,p_04628dcff5,fact_02351e7b87,geography,North America,South America,neither
